age,income,employment_length,dti,utilization,delinquencies,history_length,tx_30d_count,refund_rate_30d,active_days_30d,channel,region,product,default
0.0,90000.0,3.0,18.01,0.5475951691503638,0,17,10,0.0,20,whole,NJ,moving,0
0.0,40000.0,10.0,5.04,0.15003472222222222,0,22,10,0.0,20,whole,HI,debt_consolidation,0
0.0,40000.0,3.0,21.15,0.6613483238953416,0,12,10,0.0,20,fractional,WI,other,0
0.0,30000.0,1.0,10.16,0.19673228346456692,0,11,10,0.0,20,whole,PA,debt_consolidation,0
0.0,57000.0,10.0,37.66,0.7549077163189621,0,10,10,0.0,20,whole,CA,credit_card,0
0.0,34000.0,6.0,6.46,0.09258907363420428,1,28,10,0.0,20,whole,KY,other,0
0.0,155000.0,10.0,13.12,0.06481367268341488,0,14,10,0.0,20,whole,MI,credit_card,0
0.0,110000.0,10.0,16.19,0.1776178958683866,1,13,10,0.0,20,whole,AZ,debt_consolidation,0
0.0,65000.0,10.0,36.48,0.2456336735054204,1,20,10,0.0,20,whole,NV,home_improvement,0
0.0,30000.0,3.0,18.91,0.5365706347768315,0,17,10,0.0,20,fractional,IL,credit_card,0
0.0,75000.0,10.0,10.45,0.580605076965993,0,22,10,0.0,20,whole,IL,debt_consolidation,0
0.0,91900.0,2.0,1.82,0.12420648754027236,0,18,10,0.0,20,whole,FL,other,0
0.0,122000.0,5.0,12.06,0.1656027293404094,0,28,10,0.0,20,whole,SC,debt_consolidation,0
0.0,88000.0,10.0,3.67,0.05535271146336302,0,34,10,0.0,20,whole,CO,credit_card,0
0.0,17000.0,6.0,33.98,0.3576753734366981,1,12,10,0.0,20,whole,FL,debt_consolidation,0
0.0,60000.0,10.0,38.46,0.5522201512991997,0,23,10,0.0,20,whole,TN,credit_card,0
0.0,60000.0,6.0,31.22,0.24798182845808495,0,15,10,0.0,20,whole,NV,credit_card,0
0.0,72000.0,3.0,20.33,0.9327120571709867,0,12,10,0.0,20,whole,NV,debt_consolidation,0
0.0,210000.0,10.0,9.53,0.2288648205535855,0,15,10,0.0,20,fractional,IL,medical,0
0.0,83000.0,1.0,18.44,0.0711190048166815,3,13,10,0.0,20,whole,CA,debt_consolidation,0
0.0,50000.0,10.0,15.6,0.25781861106765463,0,15,10,0.0,20,fractional,KY,credit_card,0
0.0,95000.0,1.0,16.12,0.17464932471375133,0,27,10,0.0,20,whole,NV,credit_card,0
0.0,100000.0,5.0,26.53,0.26704673860843525,0,16,10,0.0,20,whole,NJ,debt_consolidation,0
0.0,40280.0,6.0,7.27,0.03238524807641284,0,21,10,0.0,20,whole,TX,home_improvement,0
0.0,82000.0,10.0,17.31,1.0573481085212075,0,19,10,0.0,20,fractional,VA,credit_card,0
0.0,55000.0,7.0,14.42,0.08736015354698588,0,9,10,0.0,20,whole,PA,debt_consolidation,0
0.0,55000.0,1.0,13.68,0.6358645055023752,0,5,10,0.0,20,whole,NY,credit_card,0
0.0,33000.0,5.0,19.38,0.5223812562676634,0,5,10,0.0,20,whole,IL,debt_consolidation,0
0.0,60000.0,3.0,11.0,0.2560357142857143,0,20,10,0.0,20,whole,GA,debt_consolidation,0
0.0,48000.0,4.0,2.88,0.01690701481486513,0,16,10,0.0,20,whole,MO,house,0
0.0,106000.0,4.0,26.25,0.260460571123987,0,21,10,0.0,20,whole,CA,debt_consolidation,0
0.0,245000.0,3.0,24.9,0.6447141638059523,0,16,10,0.0,20,whole,TX,debt_consolidation,0
0.0,101000.0,9.0,20.92,0.20926444904756103,1,36,10,0.0,20,whole,AR,credit_card,0
0.0,80000.0,3.0,28.3,0.4550545416781502,0,14,10,0.0,20,whole,SC,debt_consolidation,0
0.0,140000.0,10.0,13.82,0.11033048294041423,0,25,10,0.0,20,whole,CA,debt_consolidation,0
0.0,70000.0,1.0,0.0,0.0030263157894736843,0,14,10,0.0,20,whole,MD,small_business,0
0.0,45000.0,2.0,10.59,0.9175172413793103,0,15,10,0.0,20,fractional,MD,debt_consolidation,0
0.0,75000.0,2.0,18.53,0.6207172038129823,0,12,10,0.0,20,whole,PA,other,0
0.0,53592.0,2.0,7.1,0.24626461799101154,0,9,10,0.0,20,whole,CA,other,0
0.0,43000.0,6.0,17.15,0.535207024188689,0,14,10,0.0,20,whole,MI,other,0
0.0,90000.0,5.0,15.72,0.6600504625735912,0,13,10,0.0,20,whole,MD,moving,0
0.0,77000.0,10.0,14.82,0.5880270400256506,0,41,10,0.0,20,whole,VA,debt_consolidation,0
0.0,42000.0,2.0,25.89,0.7191193135826452,0,14,10,0.0,20,whole,TX,credit_card,0
0.0,130000.0,4.0,13.51,0.12358951731249752,0,27,10,0.0,20,whole,TX,home_improvement,0
0.0,76300.0,10.0,10.71,0.14327166230790844,0,38,10,0.0,20,whole,NC,debt_consolidation,0
0.0,190000.0,2.0,2.68,0.1076440387906446,0,14,10,0.0,20,whole,FL,debt_consolidation,0
0.0,41000.0,0.0,25.7,0.46149909590256216,0,10,10,0.0,20,whole,TX,debt_consolidation,0
0.0,30000.0,2.0,3.64,0.3078888888888889,0,6,10,0.0,20,whole,NE,car,0
0.0,88000.0,6.0,17.24,0.49471843180716213,0,14,10,0.0,20,whole,NC,credit_card,0
0.0,115000.0,2.0,18.72,0.17521082634803392,0,13,10,0.0,20,whole,TX,debt_consolidation,0
0.0,95731.0,10.0,19.64,0.6120804905034114,0,16,10,0.0,20,whole,TX,debt_consolidation,0
0.0,127000.0,2.0,9.12,0.4604659276953219,1,5,10,0.0,20,whole,CA,major_purchase,0
0.0,145000.0,10.0,22.42,0.2838564144546579,0,25,10,0.0,20,whole,GA,debt_consolidation,0
0.0,70000.0,5.0,21.41,0.18658904623296846,0,10,10,0.0,20,whole,NC,debt_consolidation,0
0.0,40000.0,6.0,22.39,0.03274885145482389,0,34,10,0.0,20,whole,FL,debt_consolidation,0
0.0,75000.0,8.0,20.16,0.08277465501442853,0,12,10,0.0,20,whole,NJ,house,0
0.0,73000.0,10.0,39.08,0.349383685594291,0,11,10,0.0,20,whole,NV,debt_consolidation,0
0.0,76000.0,6.0,14.62,0.06548760931560225,0,9,10,0.0,20,whole,NV,debt_consolidation,0
0.0,188000.0,10.0,11.64,0.5616453682064542,0,13,10,0.0,20,whole,CO,debt_consolidation,0
0.0,50000.0,8.0,12.15,0.22205725753604194,0,11,10,0.0,20,fractional,WV,debt_consolidation,0
0.0,58000.0,10.0,12.58,0.3959785522788204,0,14,10,0.0,20,whole,MD,debt_consolidation,0
0.0,105000.0,1.0,16.73,0.8359748427672956,0,28,10,0.0,20,fractional,VA,debt_consolidation,0
0.0,114000.0,10.0,28.13,0.19617933688664893,1,17,10,0.0,20,whole,VA,credit_card,0
0.0,150000.0,10.0,7.89,0.4476007161114733,0,26,10,0.0,20,whole,CA,medical,0
0.0,69000.0,0.0,15.42,0.11639008709509026,0,15,10,0.0,20,fractional,PA,debt_consolidation,0
0.0,30000.0,10.0,32.4,0.338296458898966,0,13,10,0.0,20,whole,FL,debt_consolidation,0
0.0,60000.0,5.0,17.28,0.7669687982958105,0,16,10,0.0,20,whole,IL,credit_card,0
0.0,74000.0,5.0,32.06,0.16586227161855033,0,19,10,0.0,20,fractional,NH,car,0
0.0,25000.0,0.0,3.7,0.42473684210526313,1,46,10,0.0,20,fractional,UT,debt_consolidation,0
0.0,32000.0,6.0,22.09,0.8063558354269307,0,20,10,0.0,20,whole,DE,other,0
0.0,31000.0,0.0,16.26,0.34434722542021645,0,9,10,0.0,20,fractional,MA,other,0
0.0,64000.0,3.0,8.72,0.39836363636363636,0,8,10,0.0,20,whole,NJ,debt_consolidation,0
0.0,24000.0,3.0,16.3,0.7653458501619183,0,7,10,0.0,20,whole,KY,major_purchase,0
0.0,77000.0,2.0,16.04,0.315848131361914,0,6,10,0.0,20,whole,NC,credit_card,0
0.0,81065.0,10.0,25.59,0.1306987845396812,0,17,10,0.0,20,whole,FL,debt_consolidation,0
0.0,13930.0,6.0,21.94,0.31315985130111523,0,8,10,0.0,20,fractional,OR,debt_consolidation,0
0.0,60000.0,0.0,19.22,0.9889989474746601,0,11,10,0.0,20,whole,OH,other,0
0.0,41787.0,9.0,37.74,0.8546401182016464,0,26,10,0.0,20,whole,TX,credit_card,0
0.0,100000.0,4.0,16.37,0.06286774081372436,0,13,10,0.0,20,fractional,CA,other,0
0.0,77000.0,0.0,18.39,0.18165806081468733,0,17,10,0.0,20,fractional,OK,debt_consolidation,0
0.0,72000.0,1.0,27.23,0.41575958502196536,0,17,10,0.0,20,fractional,PA,debt_consolidation,0
0.0,165000.0,8.0,11.14,0.6810783660301177,0,18,10,0.0,20,whole,TX,other,0
0.0,43000.0,10.0,1.56,0.019068736141906874,0,34,10,0.0,20,whole,FL,home_improvement,0
0.0,90000.0,10.0,17.44,0.167143200247035,0,19,10,0.0,20,whole,VA,debt_consolidation,0
0.0,95000.0,10.0,11.45,0.19610794684024951,0,43,10,0.0,20,whole,SD,debt_consolidation,0
0.0,152000.0,10.0,21.09,0.2543458486772865,0,17,10,0.0,20,whole,MO,small_business,0
0.0,49500.0,2.0,34.86,0.6629795529011654,0,12,10,0.0,20,whole,IL,credit_card,0
0.0,32000.0,5.0,13.77,0.486594318544526,0,14,10,0.0,20,whole,TX,home_improvement,0
0.0,78000.0,8.0,9.61,0.8475410514124995,0,22,10,0.0,20,whole,FL,credit_card,0
0.0,52000.0,2.0,24.39,0.549455766558592,0,14,10,0.0,20,whole,AZ,debt_consolidation,0
0.0,147000.0,10.0,5.16,0.060952790121667474,0,13,10,0.0,20,whole,NY,debt_consolidation,0
0.0,140000.0,10.0,28.53,0.3902090209020902,0,35,10,0.0,20,fractional,NJ,debt_consolidation,0
0.0,50000.0,5.0,20.74,0.1250116753323578,0,16,10,0.0,20,whole,IL,debt_consolidation,0
0.0,55000.0,6.0,12.22,0.4148679245283019,4,18,10,0.0,20,whole,MN,debt_consolidation,0
0.0,190000.0,3.0,15.84,0.13571042068792855,0,18,10,0.0,20,whole,TX,debt_consolidation,0
0.0,126000.0,10.0,3.82,0.14173514506652668,0,15,10,0.0,20,whole,CO,debt_consolidation,0
0.0,95000.0,10.0,15.48,0.1718891655034465,0,8,10,0.0,20,whole,MA,debt_consolidation,0
0.0,80000.0,10.0,14.16,0.07984946756509581,0,9,10,0.0,20,whole,NJ,major_purchase,0
0.0,98000.0,10.0,19.87,0.6578004318116055,0,24,10,0.0,20,whole,MN,credit_card,0
0.0,169000.0,10.0,16.56,0.9213745704467354,0,28,10,0.0,20,whole,NY,debt_consolidation,0
0.0,60000.0,5.0,16.72,0.12613326727768145,0,6,10,0.0,20,whole,IL,debt_consolidation,0
0.0,101000.0,0.0,18.5,0.11400197337974753,1,13,10,0.0,20,whole,TX,debt_consolidation,0
0.0,113000.0,4.0,15.28,0.09805050050641247,0,16,10,0.0,20,whole,TN,home_improvement,0
0.0,61000.0,10.0,19.05,0.29821326381382335,0,20,10,0.0,20,whole,NH,debt_consolidation,0
0.0,28000.0,1.0,26.96,0.4709893992932862,0,7,10,0.0,20,fractional,SC,debt_consolidation,0
0.0,75000.0,2.0,21.63,0.37504165982115617,0,14,10,0.0,20,whole,NY,credit_card,0
0.0,44000.0,2.0,24.77,0.7207663432254409,0,7,10,0.0,20,whole,FL,home_improvement,0
0.0,60000.0,2.0,18.36,0.5553823432884805,0,7,10,0.0,20,fractional,TX,small_business,0
0.0,47000.0,10.0,18.92,0.4609837650566007,0,14,10,0.0,20,whole,TX,debt_consolidation,0
0.0,58000.0,2.0,14.66,0.42605751300422023,0,4,10,0.0,20,whole,FL,debt_consolidation,0
0.0,55000.0,10.0,29.58,0.11177221436057631,0,22,10,0.0,20,whole,AL,debt_consolidation,0
0.0,31812.0,6.0,37.83,0.655655877342419,0,18,10,0.0,20,whole,WY,debt_consolidation,0
0.0,95000.0,5.0,13.49,0.7065761204345017,1,19,10,0.0,20,whole,CA,moving,0
0.0,65000.0,0.0,29.36,0.7739708603145236,7,18,10,0.0,20,whole,PA,debt_consolidation,0
0.0,250000.0,4.0,1.12,0.19636690647482014,0,18,10,0.0,20,whole,CA,debt_consolidation,0
0.0,55200.0,10.0,18.67,0.27735339450250523,0,18,10,0.0,20,whole,CO,credit_card,0
0.0,42000.0,10.0,25.23,0.5361731141893347,1,19,10,0.0,20,whole,NY,credit_card,0
0.0,66292.0,6.0,38.41,0.07607769702458154,0,28,10,0.0,20,fractional,MO,debt_consolidation,0
0.0,60000.0,4.0,26.88,0.21935900144461637,0,8,10,0.0,20,whole,FL,credit_card,0
0.0,120000.0,10.0,21.45,0.9190001168347789,0,19,10,0.0,20,whole,MO,debt_consolidation,0
0.0,155000.0,10.0,16.13,0.32650138302024473,0,13,10,0.0,20,whole,NY,major_purchase,0
0.0,40000.0,1.0,2.91,0.15968354430379747,0,4,10,0.0,20,whole,MA,car,0
0.0,42500.0,3.0,18.55,0.6559232201690303,0,8,10,0.0,20,whole,TN,credit_card,0
0.0,230000.0,10.0,9.19,0.12084700376612394,0,20,10,0.0,20,whole,NJ,debt_consolidation,0
0.0,75000.0,4.0,8.46,0.5611691903642494,0,10,10,0.0,20,whole,LA,house,0
0.0,90000.0,0.0,23.11,0.39264900662251656,0,18,10,0.0,20,whole,OH,debt_consolidation,0
0.0,110000.0,1.0,11.62,0.3904081352205579,3,12,10,0.0,20,whole,MA,credit_card,0
0.0,172000.0,10.0,24.31,0.14484035895202332,0,15,10,0.0,20,whole,WV,home_improvement,0
0.0,155000.0,10.0,14.98,0.2982956192390191,0,15,10,0.0,20,whole,GA,debt_consolidation,0
0.0,85000.0,4.0,22.73,0.1620431856853761,0,29,10,0.0,20,whole,CA,debt_consolidation,0
0.0,42000.0,10.0,9.91,0.2183399209486166,0,22,10,0.0,20,whole,PA,debt_consolidation,0
0.0,36000.0,3.0,29.47,0.9449657240788346,0,14,10,0.0,20,fractional,WI,debt_consolidation,0
0.0,78000.0,6.0,34.6,0.6523313151488671,0,16,10,0.0,20,whole,TX,other,0
0.0,37000.0,10.0,4.25,0.2087437185929648,0,13,10,0.0,20,whole,IN,debt_consolidation,0
0.0,45000.0,1.0,16.97,0.3702055219619456,0,4,10,0.0,20,fractional,CA,debt_consolidation,0
0.0,40000.0,10.0,19.44,0.45091501240694787,0,18,10,0.0,20,whole,OH,debt_consolidation,0
0.0,182000.0,2.0,6.06,0.6180535714285714,1,13,10,0.0,20,whole,CA,credit_card,0
0.0,51000.0,3.0,17.25,0.736217844816079,0,24,10,0.0,20,whole,CA,credit_card,0
0.0,45000.0,10.0,23.33,0.3263737038865768,0,21,10,0.0,20,whole,MI,debt_consolidation,0
0.0,31200.0,2.0,33.19,0.7499507146377525,0,11,10,0.0,20,fractional,NY,debt_consolidation,0
0.0,27278.0,1.0,19.93,0.6549493728275654,0,12,10,0.0,20,fractional,IL,credit_card,0
0.0,75000.0,10.0,15.31,0.31962185583253616,0,17,10,0.0,20,whole,GA,home_improvement,0
0.0,100000.0,5.0,22.88,0.519415909493032,0,27,10,0.0,20,whole,KS,credit_card,0
0.0,42000.0,6.0,14.4,0.838701091296247,0,14,10,0.0,20,whole,NY,other,0
0.0,121000.0,10.0,9.63,0.05640409680403837,0,12,10,0.0,20,whole,NY,major_purchase,0
0.0,89000.0,2.0,18.65,0.4572187853968807,0,17,10,0.0,20,whole,OH,credit_card,0
0.0,50000.0,3.0,27.08,0.159419738176231,0,13,10,0.0,20,whole,MA,debt_consolidation,0
0.0,99000.0,6.0,11.73,0.5228840478920361,0,13,10,0.0,20,whole,MD,home_improvement,0
0.0,150000.0,0.0,7.82,0.2446806000823108,0,15,10,0.0,20,whole,AR,medical,0
0.0,57000.0,3.0,18.88,0.7079506610106667,0,9,10,0.0,20,whole,NY,house,0
0.0,99000.0,10.0,20.78,0.13857868874933557,0,18,10,0.0,20,whole,NY,debt_consolidation,0
0.0,44000.0,6.0,19.42,0.6199521598424089,0,20,10,0.0,20,whole,MS,credit_card,0
0.0,167250.0,6.0,14.92,0.8072380864510772,2,11,10,0.0,20,whole,AZ,debt_consolidation,0
0.0,97000.0,4.0,0.33,0.43300843196410616,0,10,10,0.0,20,whole,VA,other,0
0.0,30000.0,10.0,8.56,0.4802242152466368,0,29,10,0.0,20,whole,IL,credit_card,0
0.0,50000.0,6.0,14.16,0.5322296647243552,0,16,10,0.0,20,whole,TN,other,0
0.0,115000.0,5.0,12.89,0.1670152901722276,0,32,10,0.0,20,whole,CA,small_business,0
0.0,80000.0,2.0,9.92,0.06275247788735494,0,15,10,0.0,20,whole,IL,credit_card,0
0.0,56000.0,0.0,31.97,0.9833333333333333,0,4,10,0.0,20,whole,OR,debt_consolidation,0
0.0,60000.0,7.0,27.06,0.47159598451656815,0,14,10,0.0,20,whole,FL,debt_consolidation,0
0.0,50000.0,0.0,13.3,0.49789137380191695,4,10,10,0.0,20,whole,CA,credit_card,0
0.0,91000.0,9.0,24.99,0.3423783752119423,0,16,10,0.0,20,whole,IN,debt_consolidation,0
0.0,75000.0,10.0,0.54,0.0001656353891840091,0,12,10,0.0,20,whole,MN,major_purchase,0
0.0,182000.0,10.0,16.72,0.1290792863844793,0,15,10,0.0,20,whole,CA,debt_consolidation,0
0.0,65000.0,6.0,10.62,0.14917166439047563,0,20,10,0.0,20,whole,TX,debt_consolidation,0
0.0,168300.0,4.0,37.73,0.586285140562249,0,20,10,0.0,20,whole,NC,debt_consolidation,0
0.0,170000.0,4.0,14.23,0.3228620702456607,0,21,10,0.0,20,whole,MS,debt_consolidation,0
0.0,70000.0,2.0,21.79,0.14952443741614838,0,14,10,0.0,20,whole,NY,debt_consolidation,0
0.0,60000.0,5.0,5.96,0.7413936596807142,0,24,10,0.0,20,whole,TX,credit_card,0
0.0,100000.0,1.0,22.49,0.44844712029989775,0,22,10,0.0,20,whole,NY,other,0
0.0,68000.0,10.0,17.28,0.18431397413137204,0,5,10,0.0,20,whole,OR,debt_consolidation,0
0.0,156000.0,10.0,19.34,0.251994301994302,0,18,10,0.0,20,whole,TX,debt_consolidation,0
0.0,42500.0,0.0,24.57,0.4672568813295248,0,11,10,0.0,20,fractional,NY,debt_consolidation,0
0.0,52000.0,2.0,21.3,0.47020437139073573,0,11,10,0.0,20,whole,CA,credit_card,0
0.0,68250.0,2.0,8.63,0.9173794376972169,0,19,10,0.0,20,whole,GA,credit_card,0
0.0,55000.0,3.0,8.66,0.13462446474218076,0,4,10,0.0,20,whole,AL,debt_consolidation,0
0.0,85000.0,10.0,26.49,0.45508966695132363,0,23,10,0.0,20,whole,FL,credit_card,0
0.0,318000.0,10.0,8.37,0.7228576651908846,0,16,10,0.0,20,whole,MI,debt_consolidation,0
0.0,95000.0,7.0,11.33,0.6021656824613317,0,10,10,0.0,20,whole,CO,debt_consolidation,0
0.0,71000.0,2.0,15.48,0.5508769468219448,0,13,10,0.0,20,fractional,SC,credit_card,0
0.0,41200.0,3.0,16.95,0.2509080631823558,0,12,10,0.0,20,whole,NC,other,0
0.0,44088.0,6.0,27.93,0.5296035068985866,0,26,10,0.0,20,fractional,NC,debt_consolidation,0
0.0,15000.0,0.0,5.87,0.07321465678465056,0,18,10,0.0,20,whole,WA,debt_consolidation,0
0.0,95000.0,0.0,12.42,0.09668588854720447,0,23,10,0.0,20,whole,LA,other,0
0.0,88000.0,9.0,13.04,0.6103981907351409,0,20,10,0.0,20,whole,NE,debt_consolidation,0
0.0,125000.0,10.0,23.92,0.25490827164467333,0,15,10,0.0,20,whole,CO,debt_consolidation,0
0.0,80000.0,6.0,11.88,0.5186715867158671,0,21,10,0.0,20,whole,CA,house,0
0.0,45000.0,5.0,25.41,0.4599359196637863,0,11,10,0.0,20,whole,FL,other,0
0.0,160000.0,10.0,8.95,0.6988993143269577,0,18,10,0.0,20,whole,CA,debt_consolidation,0
0.0,69000.0,1.0,27.74,0.5078360741320804,0,10,10,0.0,20,fractional,FL,debt_consolidation,0
0.0,35000.0,10.0,23.01,0.46592965041234385,0,20,10,0.0,20,whole,KY,debt_consolidation,0
0.0,104000.0,3.0,25.38,0.030311076364047607,0,35,10,0.0,20,fractional,CA,debt_consolidation,0
0.0,180000.0,8.0,24.07,0.8101272603897572,0,8,10,0.0,20,fractional,AR,credit_card,0
0.0,82000.0,6.0,18.09,0.10396620191573389,1,20,10,0.0,20,fractional,NJ,other,0
0.0,82000.0,10.0,7.08,0.32301242236024846,0,8,10,0.0,20,fractional,TX,credit_card,0
0.0,27000.0,0.0,2.54,0.08743589743589744,0,19,10,0.0,20,fractional,CA,other,0
0.0,92000.0,3.0,25.33,0.19714402096639075,0,17,10,0.0,20,whole,TX,home_improvement,0
0.0,185000.0,6.0,12.38,0.2282052848124108,2,30,10,0.0,20,fractional,NJ,debt_consolidation,0
0.0,40000.0,1.0,29.72,0.6039598806135906,0,12,10,0.0,20,whole,CA,credit_card,0
0.0,170000.0,1.0,22.66,0.291734824546577,0,26,10,0.0,20,whole,NC,debt_consolidation,0
0.0,30000.0,5.0,5.68,0.3431818181818182,0,21,10,0.0,20,whole,CA,credit_card,0
0.0,52500.0,3.0,9.73,0.89692547285926,1,11,10,0.0,20,whole,NY,other,0
0.0,25000.0,8.0,2.78,0.059588377723970944,1,24,10,0.0,20,whole,CA,vacation,0
0.0,70000.0,6.0,39.07,0.692203161053198,0,12,10,0.0,20,fractional,SC,debt_consolidation,0
0.0,16000.0,6.0,25.43,0.4261049366761437,0,4,10,0.0,20,whole,AL,debt_consolidation,0
0.0,125000.0,2.0,2.47,0.1283728813559322,0,6,10,0.0,20,whole,VA,credit_card,0
0.0,60000.0,10.0,22.92,0.1304918417592032,0,34,10,0.0,20,whole,CA,debt_consolidation,0
0.0,100000.0,2.0,27.71,0.3935997065768058,0,32,10,0.0,20,whole,NC,debt_consolidation,0
0.0,205000.0,3.0,14.04,0.6804988709109366,1,15,10,0.0,20,fractional,CA,debt_consolidation,0
0.0,45000.0,10.0,11.79,0.15698238933841027,0,11,10,0.0,20,whole,MI,debt_consolidation,0
0.0,26448.0,2.0,30.54,0.761742006615215,0,10,10,0.0,20,whole,CA,credit_card,0
0.0,90000.0,10.0,18.63,0.09629388008698353,0,21,10,0.0,20,whole,CA,home_improvement,0
0.0,125000.0,5.0,11.77,0.1539653467022201,0,25,10,0.0,20,whole,NJ,credit_card,0
0.0,93000.0,10.0,27.11,0.15457438245732563,1,40,10,0.0,20,whole,GA,debt_consolidation,0
0.0,60000.0,5.0,9.24,0.31844589687726943,0,7,10,0.0,20,fractional,NY,debt_consolidation,0
0.0,25000.0,3.0,14.31,0.2114848484848485,0,20,10,0.0,20,whole,WA,debt_consolidation,0
0.0,74000.0,10.0,14.39,0.32782222222222224,0,12,10,0.0,20,whole,GA,small_business,0
0.0,119568.0,10.0,22.04,0.6916078338699672,0,12,10,0.0,20,whole,MD,debt_consolidation,0
0.0,20000.0,6.0,0.0,0.0,0,18,10,0.0,20,whole,TX,other,0
0.0,151000.0,2.0,15.81,0.4827934780573946,0,31,10,0.0,20,whole,MA,home_improvement,0
0.0,70000.0,6.0,27.6,0.4932884453008292,0,23,10,0.0,20,whole,CA,credit_card,0
0.0,35000.0,4.0,29.12,0.5186835932109839,0,15,10,0.0,20,whole,ME,debt_consolidation,0
0.0,84000.0,2.0,7.57,0.9297153719955209,0,11,10,0.0,20,whole,NY,house,1
0.0,200000.0,2.0,10.67,0.06994559159397921,0,15,10,0.0,20,whole,CA,debt_consolidation,0
0.0,25000.0,5.0,31.61,0.33400959055699003,0,5,10,0.0,20,whole,FL,debt_consolidation,0
0.0,60000.0,0.0,8.7,0.7211875,0,11,10,0.0,20,whole,VT,debt_consolidation,0
0.0,65000.0,10.0,15.05,0.22061006419141427,0,14,10,0.0,20,whole,NJ,debt_consolidation,0
0.0,65000.0,3.0,16.52,0.6923027561202554,0,5,10,0.0,20,whole,OR,credit_card,0
0.0,52000.0,10.0,2.28,0.35609756097560974,0,13,10,0.0,20,whole,TX,major_purchase,0
0.0,44000.0,2.0,12.9,0.17370369132873728,0,14,10,0.0,20,whole,ME,major_purchase,0
0.0,145000.0,6.0,16.57,0.11604071991933368,0,36,10,0.0,20,whole,MA,debt_consolidation,0
0.0,48000.0,1.0,18.03,0.40865253742951585,0,14,10,0.0,20,whole,IL,debt_consolidation,0
0.0,100000.0,2.0,10.92,0.5315333333333333,0,17,10,0.0,20,whole,CT,home_improvement,0
0.0,35000.0,6.0,5.59,0.2607042253521127,0,13,10,0.0,20,whole,NE,other,0
0.0,33000.0,0.0,27.02,0.9359114015976762,0,9,10,0.0,20,whole,OH,credit_card,0
0.0,196000.0,10.0,24.38,0.8114840688362583,0,18,10,0.0,20,whole,GA,credit_card,0
0.0,76000.0,7.0,11.45,0.3422586520947177,0,11,10,0.0,20,whole,CA,debt_consolidation,0
0.0,49000.0,5.0,28.8,0.9211189977424801,0,20,10,0.0,20,whole,FL,debt_consolidation,0
0.0,275000.0,0.0,11.12,0.2469095423719763,0,20,10,0.0,20,whole,NY,debt_consolidation,0
0.0,80000.0,4.0,13.47,0.24058262774587008,1,11,10,0.0,20,whole,NY,debt_consolidation,0
0.0,35500.0,3.0,16.93,0.7983736797831573,0,11,10,0.0,20,whole,NY,debt_consolidation,0
0.0,130000.0,6.0,14.43,0.22024869201967584,0,15,10,0.0,20,whole,CA,medical,0
0.0,56000.0,6.0,16.08,0.5195226103142451,0,15,10,0.0,20,whole,UT,debt_consolidation,0
0.0,150000.0,1.0,33.23,0.18598363245200836,1,49,10,0.0,20,fractional,FL,credit_card,0
0.0,80000.0,10.0,23.73,0.8697111388196176,0,22,10,0.0,20,whole,WA,debt_consolidation,0
0.0,105000.0,10.0,14.37,0.6182948622486969,0,13,10,0.0,20,whole,NJ,major_purchase,0
0.0,72000.0,10.0,21.32,0.1517029378429726,0,15,10,0.0,20,whole,MN,debt_consolidation,0
0.0,96000.0,10.0,18.66,0.09257043580876206,1,16,10,0.0,20,whole,MA,debt_consolidation,0
0.0,35300.0,1.0,27.2,0.8154428138330695,0,12,10,0.0,20,whole,MI,debt_consolidation,0
0.0,73000.0,10.0,24.38,0.2934475273639755,0,36,10,0.0,20,whole,IL,debt_consolidation,0
0.0,50000.0,10.0,17.23,0.12822946242293998,0,13,10,0.0,20,whole,IL,debt_consolidation,0
0.0,70000.0,3.0,7.75,0.28861918604651166,0,26,10,0.0,20,whole,PA,debt_consolidation,0
0.0,350000.0,7.0,6.21,0.14974234560584324,0,32,10,0.0,20,whole,NC,debt_consolidation,0
0.0,65000.0,10.0,26.88,0.39513039827884766,2,21,10,0.0,20,whole,OH,debt_consolidation,0
0.0,85820.0,3.0,19.44,0.8174884792626728,0,19,10,0.0,20,whole,NY,other,0
0.0,275000.0,8.0,19.2,0.1858873083070016,0,23,10,0.0,20,whole,KY,debt_consolidation,0
0.0,90000.0,10.0,16.31,0.6356608572538308,0,27,10,0.0,20,whole,NM,debt_consolidation,0
0.0,90000.0,5.0,27.2,0.19383566151669218,0,33,10,0.0,20,whole,IN,debt_consolidation,0
0.0,45000.0,10.0,17.49,0.13388635987015898,0,14,10,0.0,20,whole,AZ,debt_consolidation,0
0.0,56000.0,10.0,32.32,0.6288331690026584,0,9,10,0.0,20,whole,NY,debt_consolidation,0
0.0,58500.0,2.0,18.17,0.6822111627868106,0,10,10,0.0,20,whole,MN,other,0
0.0,170000.0,0.0,7.2,0.11238230962899624,0,18,10,0.0,20,whole,KY,home_improvement,0
0.0,74948.38,5.0,25.62,0.041901913875598086,0,19,10,0.0,20,whole,VA,debt_consolidation,0
0.0,9600.0,6.0,20.73,0.4206896551724138,0,11,10,0.0,20,fractional,PA,debt_consolidation,0
0.0,92000.0,10.0,9.37,0.5431552962298025,0,10,10,0.0,20,whole,MA,credit_card,0
0.0,134536.0,6.0,14.93,0.4955082302613224,0,42,10,0.0,20,whole,NJ,debt_consolidation,0
0.0,49000.0,4.0,15.28,0.11094160043193832,0,19,10,0.0,20,whole,TX,debt_consolidation,0
0.0,35000.0,4.0,9.09,0.32355569573673976,0,12,10,0.0,20,whole,NY,debt_consolidation,0
0.0,35000.0,0.0,3.67,0.08397810218978102,0,8,10,0.0,20,whole,FL,debt_consolidation,0
0.0,160000.0,4.0,8.34,0.8343243243243244,0,5,10,0.0,20,whole,NY,credit_card,0
0.0,98000.0,10.0,16.07,0.14316622673727727,1,21,10,0.0,20,whole,CA,debt_consolidation,0
0.0,20400.0,6.0,9.82,0.10911483253588516,0,12,10,0.0,20,fractional,TN,debt_consolidation,0
0.0,108000.0,10.0,21.08,0.22380469900017205,0,32,10,0.0,20,whole,IL,debt_consolidation,0
0.0,65318.52,6.0,22.18,0.16320033955857385,0,7,10,0.0,20,whole,CO,home_improvement,0
0.0,90000.0,10.0,13.72,0.15117250993926945,0,24,10,0.0,20,whole,AL,debt_consolidation,0
0.0,52000.0,10.0,15.3,0.11273703825496,0,20,10,0.0,20,whole,WI,credit_card,0
0.0,109000.0,8.0,13.82,0.12057325024800393,1,36,10,0.0,20,whole,NY,debt_consolidation,0
0.0,65000.0,1.0,15.94,0.9570590911388566,0,7,10,0.0,20,fractional,GA,credit_card,0
0.0,55000.0,1.0,11.52,0.7181499261447563,0,10,10,0.0,20,whole,MN,car,0
0.0,58000.0,10.0,18.48,0.15923386292278774,0,14,10,0.0,20,whole,PA,debt_consolidation,0
0.0,84000.0,10.0,22.6,0.13327985674487342,2,16,10,0.0,20,whole,MD,debt_consolidation,0
0.0,85000.0,10.0,21.22,0.8703162688959803,0,13,10,0.0,20,whole,GA,debt_consolidation,1
0.0,33000.0,1.0,20.58,0.2255952380952381,0,44,10,0.0,20,whole,NJ,credit_card,0
0.0,40000.0,6.0,7.2,0.018781024209613396,0,20,10,0.0,20,whole,CA,debt_consolidation,0
0.0,46800.0,3.0,16.62,0.39413224463656743,0,18,10,0.0,20,whole,NJ,house,0
0.0,48000.0,10.0,15.38,0.7377857463021067,0,31,10,0.0,20,fractional,SC,debt_consolidation,0
0.0,67764.0,4.0,17.62,0.5642609985170539,0,23,10,0.0,20,whole,TX,debt_consolidation,0
0.0,76000.0,4.0,29.79,0.1915984237423804,0,35,10,0.0,20,whole,CA,credit_card,0
0.0,245000.0,3.0,36.25,0.376139887532086,0,17,10,0.0,20,whole,IL,debt_consolidation,0
0.0,45000.0,2.0,27.28,0.6074400055009282,0,24,10,0.0,20,whole,OH,credit_card,0
0.0,24000.0,0.0,1.25,1.1114870881567231,0,14,10,0.0,20,fractional,CO,other,0
0.0,80000.0,10.0,0.75,0.0011062135646239158,0,14,10,0.0,20,fractional,CA,home_improvement,0
0.0,52000.0,10.0,12.08,0.06207659938498532,0,12,10,0.0,20,whole,AK,credit_card,0
0.0,70000.0,9.0,13.75,0.15870969550046943,0,12,10,0.0,20,whole,KY,house,0
0.0,100000.0,3.0,8.59,0.8662553455423889,0,6,10,0.0,20,whole,GA,credit_card,0
0.0,95000.0,10.0,18.89,0.09644607623920004,0,17,10,0.0,20,whole,CA,vacation,0
0.0,78000.0,10.0,19.97,0.21525975985035903,2,22,10,0.0,20,whole,MS,debt_consolidation,0
0.0,65000.0,10.0,37.06,0.21359917615424223,0,28,10,0.0,20,whole,MI,debt_consolidation,0
0.0,85000.0,2.0,17.61,0.4069692153746542,1,16,10,0.0,20,whole,SC,credit_card,0
0.0,138000.0,10.0,27.51,0.6279478280383668,1,24,10,0.0,20,whole,NM,debt_consolidation,0
0.0,72900.0,10.0,21.05,0.1995828435448264,0,15,10,0.0,20,whole,OK,debt_consolidation,0
0.0,137000.0,10.0,28.11,0.37623877996742877,0,11,10,0.0,20,whole,DE,credit_card,0
0.0,31000.0,6.0,17.96,0.27092105263157895,0,22,10,0.0,20,whole,PA,credit_card,0
0.0,95000.0,10.0,6.27,0.32351697155546155,0,5,10,0.0,20,whole,NJ,home_improvement,0
0.0,28000.0,10.0,11.36,0.6951204657847938,0,10,10,0.0,20,fractional,CA,debt_consolidation,0
0.0,115000.0,6.0,9.11,0.06059117674808389,1,13,10,0.0,20,whole,NC,debt_consolidation,0
0.0,250000.0,10.0,5.44,0.3249533178485221,0,16,10,0.0,20,whole,NY,credit_card,0
0.0,80000.0,7.0,15.46,0.8275168207256492,0,11,10,0.0,20,fractional,CA,credit_card,0
0.0,40000.0,1.0,7.2,0.18871494286986198,0,10,10,0.0,20,whole,NY,car,0
0.0,50000.0,10.0,2.42,0.47558823529411764,0,33,10,0.0,20,whole,SC,credit_card,0
0.0,70000.0,0.0,34.13,0.8105297913180707,0,11,10,0.0,20,whole,MA,credit_card,0
0.0,109000.0,3.0,17.68,0.18305437704943509,0,11,10,0.0,20,whole,CA,debt_consolidation,0
0.0,220000.0,6.0,18.01,0.3102121903795756,0,34,10,0.0,20,whole,CT,home_improvement,0
0.0,35000.0,10.0,25.65,0.4589720132185732,0,12,10,0.0,20,whole,MN,credit_card,0
0.0,47328.0,0.0,10.19,0.5956603773584905,0,15,10,0.0,20,whole,CA,other,0
0.0,90000.0,9.0,24.17,0.2722674146797569,0,23,10,0.0,20,whole,NC,debt_consolidation,0
0.0,17000.0,0.0,5.44,0.12014285714285715,0,6,10,0.0,20,whole,UT,other,0
0.0,240000.0,10.0,9.49,0.9254411739288245,0,23,10,0.0,20,whole,NV,debt_consolidation,0
0.0,62000.0,8.0,27.7,0.7437851705508376,0,20,10,0.0,20,fractional,NY,credit_card,0
0.0,66000.0,1.0,1.45,0.007895924891972323,0,16,10,0.0,20,whole,NC,home_improvement,0
0.0,39000.0,10.0,9.78,0.13076495309636896,0,14,10,0.0,20,whole,GA,credit_card,0
0.0,76000.0,3.0,11.81,0.4696116504854369,0,22,10,0.0,20,whole,CA,debt_consolidation,0
0.0,80000.0,10.0,14.44,0.1609894863410414,0,31,10,0.0,20,whole,FL,debt_consolidation,0
0.0,110000.0,10.0,31.18,0.4050129064445457,0,29,10,0.0,20,fractional,IL,debt_consolidation,0
0.0,89000.0,10.0,38.98,0.6707028139266865,0,19,10,0.0,20,whole,TX,debt_consolidation,0
0.0,52800.0,6.0,34.23,0.27877677979827725,0,22,10,0.0,20,fractional,FL,home_improvement,0
0.0,31800.0,10.0,14.72,0.9145884165917555,0,24,10,0.0,20,whole,FL,debt_consolidation,0
0.0,60000.0,0.0,17.58,0.2591451059850374,0,23,10,0.0,20,whole,MO,debt_consolidation,0
0.0,140000.0,10.0,20.57,0.16978477872253808,0,19,10,0.0,20,whole,MA,debt_consolidation,0
0.0,100000.0,10.0,22.64,0.5277863929850284,0,15,10,0.0,20,whole,CO,debt_consolidation,0
0.0,180000.0,2.0,9.92,0.1871947070830303,0,17,10,0.0,20,whole,NH,debt_consolidation,0
0.0,80000.0,10.0,14.52,0.18345218011024364,0,12,10,0.0,20,whole,PA,other,0
0.0,71000.0,10.0,18.61,0.07894639935609787,0,17,10,0.0,20,whole,VT,other,0
0.0,62000.0,6.0,16.82,0.13584921292460647,0,24,10,0.0,20,whole,MI,credit_card,0
0.0,156000.0,10.0,13.22,0.09492119441560172,0,34,10,0.0,20,whole,AZ,credit_card,0
0.0,77000.0,6.0,7.84,0.0510175364906017,0,20,10,0.0,20,whole,IN,debt_consolidation,0
0.0,125000.0,10.0,5.65,0.37447684151785715,0,14,10,0.0,20,whole,WA,debt_consolidation,0
0.0,100000.0,10.0,24.8,0.8451724382796412,0,20,10,0.0,20,whole,MA,debt_consolidation,0
0.0,85000.0,1.0,24.42,0.6976425239228236,0,23,10,0.0,20,whole,CA,debt_consolidation,0
0.0,76000.0,1.0,18.08,0.7078613034903454,2,27,10,0.0,20,whole,CA,debt_consolidation,0
0.0,96000.0,6.0,10.66,0.44987762237762235,0,6,10,0.0,20,whole,CA,credit_card,0
0.0,139500.0,4.0,21.22,0.48669667257925664,0,17,10,0.0,20,whole,NJ,debt_consolidation,0
0.0,74200.0,2.0,16.19,0.10782232896509834,0,14,10,0.0,20,whole,MN,debt_consolidation,0
0.0,75000.0,9.0,10.15,0.6322578300995567,1,14,10,0.0,20,whole,GA,debt_consolidation,0
0.0,70000.0,4.0,2.59,0.04923076923076923,1,14,10,0.0,20,whole,CA,debt_consolidation,0
0.0,113000.0,10.0,12.86,0.7207433090721531,0,15,10,0.0,20,fractional,CA,debt_consolidation,0
0.0,104000.0,3.0,33.84,0.6018082807053983,0,4,10,0.0,20,whole,UT,debt_consolidation,0
0.0,152000.0,10.0,27.27,0.2119768545147953,0,26,10,0.0,20,whole,VA,debt_consolidation,0
0.0,14400.0,0.0,3.83,0.36507936507936506,0,6,10,0.0,20,whole,TX,major_purchase,1
0.0,30163.0,1.0,27.7,0.7125414189097181,0,3,10,0.0,20,whole,WA,debt_consolidation,0
0.0,198000.0,10.0,15.15,0.16901086564291729,0,19,10,0.0,20,whole,TX,debt_consolidation,0
0.0,79500.0,10.0,17.98,0.20180948474094035,1,21,10,0.0,20,whole,NJ,debt_consolidation,0
0.0,35000.0,1.0,22.57,0.46723332656435845,0,13,10,0.0,20,whole,OR,debt_consolidation,0
0.0,51200.0,9.0,9.14,0.5764609859614757,0,11,10,0.0,20,whole,VA,debt_consolidation,0
0.0,46000.0,7.0,36.45,0.4473319586729072,0,8,10,0.0,20,whole,NY,debt_consolidation,0
0.0,110000.0,10.0,13.6,0.2105631699303199,0,15,10,0.0,20,whole,IL,credit_card,0
0.0,62000.0,8.0,30.38,0.6691626875030146,0,14,10,0.0,20,whole,NY,credit_card,0
0.0,78000.0,7.0,15.34,0.19368612775504418,0,22,10,0.0,20,whole,FL,house,0
0.0,33800.0,1.0,16.66,0.4858356403352421,0,4,10,0.0,20,whole,CA,credit_card,0
0.0,105000.0,5.0,16.55,0.17064966396691367,0,14,10,0.0,20,whole,AZ,home_improvement,0
0.0,50960.0,8.0,6.88,0.04645556644475234,0,6,10,0.0,20,whole,GA,other,0
0.0,87000.0,1.0,19.97,0.4480496963332111,0,13,10,0.0,20,whole,MI,credit_card,0
0.0,53000.0,2.0,24.34,0.622899575671853,0,11,10,0.0,20,fractional,CA,debt_consolidation,0
0.0,56000.0,6.0,19.95,0.1384114127373213,0,34,10,0.0,20,whole,MD,debt_consolidation,0
0.0,75000.0,0.0,17.23,1.064382957267112,0,21,10,0.0,20,fractional,FL,debt_consolidation,0
0.0,175000.0,10.0,30.74,0.36905179942915284,0,23,10,0.0,20,fractional,OH,home_improvement,0
0.0,56000.0,1.0,11.62,0.6036561287774964,0,14,10,0.0,20,whole,IN,debt_consolidation,0
0.0,60000.0,3.0,20.16,0.8749578926093108,0,9,10,0.0,20,whole,MI,credit_card,0
0.0,78900.0,10.0,34.02,0.686620274225477,2,13,10,0.0,20,whole,MA,debt_consolidation,0
0.0,118000.0,3.0,19.71,0.4302497331380483,1,15,10,0.0,20,fractional,IL,debt_consolidation,0
0.0,85000.0,10.0,19.95,0.5246500190941014,0,15,10,0.0,20,whole,TN,debt_consolidation,0
0.0,40000.0,1.0,15.53,0.2634715821812596,0,4,10,0.0,20,whole,AK,credit_card,0
0.0,65000.0,10.0,38.29,0.472145651336725,0,16,10,0.0,20,fractional,AL,credit_card,0
0.0,24000.0,6.0,35.5,0.12592032697852804,0,9,10,0.0,20,whole,OH,debt_consolidation,0
0.0,75999.0,9.0,34.38,0.14496789610778302,0,17,10,0.0,20,whole,IN,credit_card,0
0.0,130000.0,10.0,9.53,0.06472405518896221,0,46,10,0.0,20,fractional,CA,other,0
0.0,45000.0,1.0,27.92,0.7820791393100857,0,10,10,0.0,20,fractional,CO,debt_consolidation,0
0.0,45000.0,10.0,25.31,0.15554853250609205,0,15,10,0.0,20,whole,AL,debt_consolidation,0
0.0,114000.0,10.0,18.57,0.2547331486611265,0,19,10,0.0,20,fractional,GA,debt_consolidation,0
0.0,55000.0,5.0,20.05,0.41280801858210464,0,27,10,0.0,20,whole,NE,debt_consolidation,0
0.0,50000.0,1.0,23.97,0.7900259227255895,0,12,10,0.0,20,whole,CT,debt_consolidation,0
0.0,37000.0,10.0,30.51,0.9448868778280543,0,17,10,0.0,20,fractional,WA,debt_consolidation,0
0.0,65000.0,2.0,21.92,0.8264216273804768,1,25,10,0.0,20,whole,NY,debt_consolidation,0
0.0,120000.0,0.0,14.24,0.06453536411881458,0,24,10,0.0,20,whole,FL,debt_consolidation,0
0.0,56000.0,2.0,6.79,0.48347733143315225,0,16,10,0.0,20,whole,NJ,debt_consolidation,0
0.0,70000.0,5.0,3.82,0.2811627906976744,0,22,10,0.0,20,whole,FL,debt_consolidation,1
0.0,196000.0,10.0,14.4,0.18805695533372696,0,18,10,0.0,20,whole,FL,debt_consolidation,0
0.0,150000.0,9.0,4.66,0.6303514549479026,0,8,10,0.0,20,fractional,FL,debt_consolidation,0
0.0,73000.0,7.0,26.04,0.49609774880960206,0,18,10,0.0,20,whole,GA,debt_consolidation,0
0.0,79000.0,10.0,23.19,0.17344485020441727,0,13,10,0.0,20,whole,AZ,home_improvement,0
0.0,14000.0,6.0,17.67,0.3011567164179105,0,21,10,0.0,20,fractional,MI,debt_consolidation,0
0.0,77000.0,3.0,24.06,0.5056677458347774,0,9,10,0.0,20,fractional,VA,credit_card,0
0.0,52000.0,0.0,16.39,0.5658490527726451,0,44,10,0.0,20,whole,CA,credit_card,0
0.0,93500.0,10.0,17.16,0.6657161843774543,1,9,10,0.0,20,whole,FL,other,0
0.0,99000.0,0.0,21.68,0.6862530800413321,0,11,10,0.0,20,whole,CO,debt_consolidation,0
0.0,90000.0,1.0,8.79,0.721158639944162,0,16,10,0.0,20,whole,NY,debt_consolidation,0
0.0,70000.0,4.0,13.5,0.5598429319371728,0,13,10,0.0,20,whole,IN,debt_consolidation,0
0.0,100000.0,5.0,27.72,0.6556446042692219,0,13,10,0.0,20,whole,MA,debt_consolidation,0
0.0,85000.0,10.0,29.58,0.17432159616226667,0,32,10,0.0,20,whole,NJ,home_improvement,0
0.0,195000.0,8.0,12.95,0.10823648328868274,1,17,10,0.0,20,whole,NY,debt_consolidation,0
0.0,90000.0,6.0,14.66,0.6395230998509687,0,20,10,0.0,20,whole,NY,debt_consolidation,0
0.0,31000.0,6.0,25.18,0.7064796420042944,0,15,10,0.0,20,fractional,MD,debt_consolidation,0
0.0,35000.0,2.0,8.02,0.310431654676259,0,29,10,0.0,20,whole,AZ,other,0
0.0,81000.0,1.0,18.5,0.46800311010445894,0,14,10,0.0,20,whole,MS,house,0
0.0,30000.0,10.0,19.8,0.6358720930232559,0,5,10,0.0,20,fractional,AL,credit_card,0
0.0,50000.0,8.0,13.08,0.8057690751678939,0,24,10,0.0,20,whole,NC,debt_consolidation,0
0.0,100000.0,1.0,9.17,0.43186497580423067,0,19,10,0.0,20,whole,MN,credit_card,0
0.0,70000.0,7.0,6.36,0.0923460960126812,0,17,10,0.0,20,whole,TX,credit_card,0
0.0,39053.0,3.0,22.86,0.6484379162744436,0,24,10,0.0,20,whole,FL,credit_card,0
0.0,198000.0,3.0,24.29,0.549716940049354,0,13,10,0.0,20,whole,CA,debt_consolidation,0
0.0,44190.0,2.0,18.98,0.21393243161504352,0,19,10,0.0,20,whole,CT,other,0
0.0,23000.0,6.0,22.66,0.18689149560117302,0,4,10,0.0,20,fractional,IL,credit_card,0
0.0,120000.0,10.0,16.72,0.5338379898490846,0,8,10,0.0,20,whole,CA,debt_consolidation,0
0.0,67000.0,5.0,33.01,0.2583614759224515,1,19,10,0.0,20,whole,GA,home_improvement,0
0.0,137000.0,10.0,14.16,0.2024280171533592,0,34,10,0.0,20,whole,CA,debt_consolidation,0
0.0,30000.0,10.0,3.76,0.025045645558614694,0,9,10,0.0,20,fractional,CA,major_purchase,0
0.0,75000.0,6.0,17.74,0.5873832352578083,0,15,10,0.0,20,whole,CA,debt_consolidation,0
0.0,44500.0,4.0,19.85,0.8367024838185123,0,7,10,0.0,20,whole,NY,debt_consolidation,0
0.0,42000.0,1.0,11.66,0.09979290886600231,0,33,10,0.0,20,whole,GA,credit_card,0
0.0,119000.0,10.0,8.64,0.6883625730994152,0,16,10,0.0,20,whole,MD,debt_consolidation,0
0.0,63000.0,6.0,35.12,0.6938904353315923,0,10,10,0.0,20,whole,NJ,credit_card,0
0.0,41600.0,5.0,5.25,0.56078125,0,16,10,0.0,20,whole,VA,credit_card,0
0.0,50000.0,10.0,10.8,0.5182920767471916,0,14,10,0.0,20,whole,NJ,debt_consolidation,0
0.0,19719.0,0.0,3.04,0.858732782369146,0,6,10,0.0,20,fractional,MI,credit_card,0
0.0,74500.0,4.0,21.62,0.8772524844336316,0,17,10,0.0,20,whole,TX,debt_consolidation,0
0.0,50000.0,4.0,34.04,0.44653500058431694,1,12,10,0.0,20,whole,CA,credit_card,0
0.0,75000.0,8.0,21.52,0.5793102704684274,0,15,10,0.0,20,whole,IL,credit_card,0
0.0,67000.0,10.0,22.14,0.1943764186907994,0,16,10,0.0,20,whole,MN,debt_consolidation,0
0.0,80000.0,10.0,33.37,0.7862790697674419,0,27,10,0.0,20,whole,TN,debt_consolidation,0
0.0,61800.0,6.0,18.41,0.6830092177331628,1,33,10,0.0,20,whole,UT,home_improvement,0
0.0,70000.0,10.0,17.64,0.1720923756290653,0,14,10,0.0,20,whole,WA,home_improvement,0
0.0,35000.0,4.0,18.42,0.312834419513333,0,11,10,0.0,20,whole,IL,credit_card,0
0.0,37000.0,3.0,30.62,1.0834120113296315,0,13,10,0.0,20,whole,AL,debt_consolidation,0
0.0,114000.0,10.0,13.23,0.8383714269876757,0,12,10,0.0,20,whole,IL,debt_consolidation,0
0.0,20000.0,10.0,34.72,0.5209396090805505,0,15,10,0.0,20,whole,FL,credit_card,0
0.0,61000.0,10.0,13.08,0.7267703259647809,2,19,10,0.0,20,whole,NJ,debt_consolidation,0
0.0,37000.0,6.0,37.46,0.16635488542465288,0,20,10,0.0,20,whole,LA,debt_consolidation,0
0.0,41600.0,9.0,27.03,0.3058775118304643,0,22,10,0.0,20,whole,MI,debt_consolidation,0
0.0,57056.62,10.0,3.85,0.14828578649570093,0,16,10,0.0,20,whole,CA,vacation,0
0.0,70000.0,10.0,25.73,0.17689649073678315,0,29,10,0.0,20,whole,IL,credit_card,0
0.0,24000.0,0.0,9.2,0.2924025974025974,0,7,10,0.0,20,fractional,MI,debt_consolidation,0
0.0,60000.0,2.0,27.16,0.8465537996567887,0,18,10,0.0,20,whole,TX,credit_card,0
0.0,70000.0,1.0,9.69,1.0177386189125173,0,8,10,0.0,20,whole,TX,credit_card,0
0.0,57000.0,10.0,16.02,0.16877573734001114,0,27,10,0.0,20,whole,MT,house,0
0.0,150000.0,5.0,7.05,0.9291207349081365,0,15,10,0.0,20,whole,NY,debt_consolidation,0
0.0,33000.0,4.0,27.2,0.6282030121724779,0,14,10,0.0,20,whole,ME,credit_card,0
0.0,68000.0,10.0,11.22,0.07570259847467442,1,21,10,0.0,20,whole,OR,other,0
0.0,152000.0,8.0,13.42,0.8764074251184628,0,20,10,0.0,20,whole,CA,debt_consolidation,0
0.0,208000.0,0.0,11.77,0.9045341730938593,0,13,10,0.0,20,whole,GA,debt_consolidation,0
0.0,50000.0,0.0,15.67,0.5860361778804101,0,4,10,0.0,20,whole,MD,debt_consolidation,0
0.0,50000.0,1.0,18.19,0.952765143601035,0,8,10,0.0,20,fractional,PA,debt_consolidation,0
0.0,57000.0,0.0,14.11,0.5629761904761905,0,9,10,0.0,20,whole,CA,debt_consolidation,0
0.0,63000.0,9.0,20.27,0.11856425472806147,0,9,10,0.0,20,fractional,LA,credit_card,0
0.0,80000.0,4.0,10.91,0.07781886105481668,2,18,10,0.0,20,whole,CA,debt_consolidation,0
0.0,50000.0,0.0,1.8,0.7175590644663422,0,8,10,0.0,20,whole,MN,vacation,0
0.0,114000.0,3.0,19.66,0.21717213292318358,0,17,10,0.0,20,whole,CA,other,0
0.0,76500.0,10.0,27.48,0.41281625775485714,0,14,10,0.0,20,whole,AL,debt_consolidation,0
0.0,72000.0,10.0,24.28,0.598883100242962,0,21,10,0.0,20,whole,NY,vacation,0
0.0,112000.0,10.0,12.36,0.5819401152356664,1,31,10,0.0,20,fractional,LA,other,0
0.0,37400.0,6.0,21.53,0.1947915049924983,0,8,10,0.0,20,whole,WI,credit_card,0
0.0,54000.0,4.0,14.02,0.06678268920055726,0,4,10,0.0,20,whole,IL,debt_consolidation,0
0.0,25000.0,6.0,9.84,0.9876923076923076,0,44,10,0.0,20,fractional,CA,debt_consolidation,0
0.0,100000.0,10.0,38.49,0.42014208139818154,0,13,10,0.0,20,whole,TX,car,0
0.0,74500.0,3.0,1.98,0.026823506490343634,0,9,10,0.0,20,whole,NV,car,0
0.0,197000.0,10.0,30.13,0.7810905469903513,0,22,10,0.0,20,whole,LA,medical,0
0.0,70000.0,10.0,11.06,0.12793258166525937,0,15,10,0.0,20,whole,CT,debt_consolidation,0
0.0,185000.0,10.0,17.7,0.10894917584115626,1,10,10,0.0,20,fractional,WA,debt_consolidation,0
0.0,79000.0,1.0,29.17,0.6363643074379189,0,19,10,0.0,20,whole,SC,debt_consolidation,0
0.0,101000.0,1.0,11.13,0.5857635973504991,1,6,10,0.0,20,whole,CA,debt_consolidation,0
0.0,73000.0,5.0,12.13,0.1385047564054472,0,14,10,0.0,20,whole,CO,credit_card,0
0.0,25000.0,1.0,7.06,0.9938461538461538,0,17,10,0.0,20,whole,OR,home_improvement,0
0.0,86000.0,5.0,2.96,0.16257009345794393,0,11,10,0.0,20,whole,NC,car,0
0.0,33000.0,5.0,5.78,0.27869346733668343,0,13,10,0.0,20,fractional,FL,car,0
0.0,75000.0,6.0,32.86,0.3652545974894449,0,12,10,0.0,20,fractional,AZ,credit_card,0
0.0,45000.0,5.0,10.6,0.33574837310195227,0,6,10,0.0,20,whole,NY,credit_card,0
0.0,114000.0,2.0,11.2,0.7117355371900826,0,12,10,0.0,20,whole,NJ,credit_card,0
0.0,100000.0,5.0,35.57,0.5320018157058557,0,18,10,0.0,20,whole,IL,debt_consolidation,0
0.0,45000.0,2.0,16.11,0.9034167685477125,0,10,10,0.0,20,whole,CO,debt_consolidation,0
0.0,109000.0,3.0,25.11,0.09138676396191994,0,15,10,0.0,20,whole,FL,debt_consolidation,0
0.0,55000.0,6.0,23.35,0.691070506022786,1,15,10,0.0,20,whole,WI,credit_card,0
0.0,36000.0,1.0,4.87,0.25056,0,10,10,0.0,20,whole,MI,small_business,1
0.0,120000.0,3.0,8.25,0.28347185567416394,0,32,10,0.0,20,whole,CA,debt_consolidation,0
0.0,42000.0,2.0,16.49,0.27411433926897844,0,18,10,0.0,20,whole,AR,other,0
0.0,79500.0,10.0,16.05,0.11019864346828319,2,18,10,0.0,20,whole,MD,debt_consolidation,0
0.0,42000.0,0.0,5.83,0.29436170212765955,0,4,10,0.0,20,whole,CA,debt_consolidation,0
0.0,35000.0,10.0,21.5,0.611690209449586,0,18,10,0.0,20,fractional,FL,other,0
0.0,250000.0,8.0,2.58,0.20242047026279392,0,15,10,0.0,20,whole,NJ,home_improvement,0
0.0,121000.0,2.0,23.35,0.7864655685651915,0,17,10,0.0,20,whole,AZ,home_improvement,1
0.0,69000.0,10.0,11.83,0.6253426679600186,0,11,10,0.0,20,fractional,NC,vacation,0
0.0,69200.0,2.0,5.03,0.2980790960451977,0,7,10,0.0,20,fractional,FL,medical,0
0.0,35000.0,6.0,10.67,0.06124491456468674,1,25,10,0.0,20,whole,IL,home_improvement,0
0.0,220000.0,10.0,7.52,0.20193209004295087,0,19,10,0.0,20,whole,FL,debt_consolidation,0
0.0,68000.0,6.0,17.25,0.545528811086798,0,22,10,0.0,20,whole,CO,debt_consolidation,0
0.0,50000.0,2.0,37.73,0.6926072423398328,2,13,10,0.0,20,whole,CA,credit_card,0
0.0,35000.0,9.0,10.8,0.03679384441803578,0,13,10,0.0,20,whole,CA,car,0
0.0,52000.0,5.0,17.75,0.38710065724534753,0,13,10,0.0,20,fractional,CT,debt_consolidation,0
0.0,24000.0,10.0,18.85,0.1483692219936032,1,34,10,0.0,20,whole,AR,home_improvement,0
0.0,85000.0,10.0,26.03,0.2947894177718378,0,15,10,0.0,20,whole,AK,credit_card,0
0.0,52000.0,1.0,28.5,0.43072879486014665,0,33,10,0.0,20,whole,AZ,debt_consolidation,0
0.0,175000.0,8.0,14.8,0.12910291214215203,0,18,10,0.0,20,whole,PA,debt_consolidation,0
0.0,120000.0,2.0,6.78,0.04369834800517932,0,14,10,0.0,20,fractional,TN,debt_consolidation,0
0.0,62000.0,10.0,13.53,0.5500352112676057,3,20,10,0.0,20,whole,FL,debt_consolidation,0
0.0,45000.0,9.0,16.83,0.7947196261682243,0,7,10,0.0,20,fractional,IN,debt_consolidation,0
0.0,35000.0,10.0,16.05,0.6578200692041523,0,16,10,0.0,20,whole,OH,credit_card,0
0.0,43000.0,1.0,19.15,0.49511294526498695,0,19,10,0.0,20,whole,NY,other,0
0.0,114000.0,10.0,10.78,0.07050738384413485,0,33,10,0.0,20,whole,GA,home_improvement,0
0.0,388000.0,10.0,8.93,0.6510295665296559,0,36,10,0.0,20,whole,CA,debt_consolidation,0
0.0,65000.0,10.0,12.37,0.5085149082568807,0,11,10,0.0,20,whole,PA,debt_consolidation,0
0.0,30000.0,1.0,3.85,0.24329411764705883,0,11,10,0.0,20,fractional,NY,debt_consolidation,0
0.0,90000.0,10.0,12.5,0.1126247409394103,0,16,10,0.0,20,whole,TN,debt_consolidation,0
0.0,55000.0,7.0,1.64,0.027123731434794147,0,4,10,0.0,20,whole,IN,other,0
0.0,283300.0,3.0,9.79,0.17170922633420288,0,20,10,0.0,20,whole,SC,debt_consolidation,0
0.0,140000.0,10.0,21.14,0.23317215471627878,0,25,10,0.0,20,whole,MI,credit_card,0
0.0,48000.0,4.0,18.65,0.20090164653950818,1,11,10,0.0,20,whole,MN,other,0
0.0,50000.0,10.0,23.46,0.537744767049291,0,21,10,0.0,20,whole,AR,medical,0
0.0,71422.0,9.0,14.96,0.13363474512743628,2,18,10,0.0,20,whole,FL,debt_consolidation,0
0.0,77000.0,2.0,12.23,0.10181886935148421,2,11,10,0.0,20,whole,MD,debt_consolidation,0
0.0,42000.0,2.0,13.96,0.4851025641025641,0,9,10,0.0,20,whole,NY,credit_card,0
0.0,80000.0,10.0,10.4,0.043063860985915955,0,24,10,0.0,20,whole,VA,home_improvement,0
0.0,45000.0,2.0,8.29,0.5383850931677019,0,11,10,0.0,20,fractional,CA,credit_card,0
0.0,82000.0,5.0,25.76,0.17543445865540272,0,16,10,0.0,20,fractional,FL,debt_consolidation,0
0.0,85600.0,8.0,37.87,0.19285975928309357,0,20,10,0.0,20,fractional,MA,home_improvement,0
0.0,78000.0,5.0,12.31,0.5003346496218459,0,13,10,0.0,20,whole,NJ,credit_card,0
0.0,90000.0,3.0,21.29,0.6742436875224898,0,14,10,0.0,20,fractional,CT,debt_consolidation,0
0.0,68000.0,10.0,20.76,0.1520786383248587,0,30,10,0.0,20,whole,UT,home_improvement,0
0.0,60000.0,10.0,0.88,0.02207547169811321,0,12,10,0.0,20,fractional,SC,credit_card,0
0.0,54600.0,4.0,20.44,0.31142663635044265,2,13,10,0.0,20,whole,CA,debt_consolidation,0
0.0,165000.0,1.0,20.28,0.09400877623124992,0,14,10,0.0,20,fractional,WA,debt_consolidation,0
0.0,124000.0,3.0,31.67,0.3063859617385012,0,34,10,0.0,20,whole,CT,debt_consolidation,0
0.0,70000.0,10.0,26.11,0.3731293433173517,0,24,10,0.0,20,whole,OH,credit_card,0
0.0,130000.0,4.0,14.83,0.8063783169682707,0,12,10,0.0,20,fractional,NC,home_improvement,0
0.0,34000.0,6.0,15.81,0.277218045112782,1,15,10,0.0,20,whole,OH,debt_consolidation,0
0.0,55000.0,3.0,28.19,0.847399903401984,0,4,10,0.0,20,whole,NJ,credit_card,0
0.0,81000.0,4.0,18.5,0.17384674443899423,0,26,10,0.0,20,whole,LA,home_improvement,0
0.0,20000.0,7.0,18.73,0.6388255416191562,0,11,10,0.0,20,whole,CO,debt_consolidation,0
0.0,55000.0,2.0,5.78,0.86256,0,6,10,0.0,20,whole,NY,credit_card,0
0.0,58000.0,5.0,29.4,0.624870135059538,0,13,10,0.0,20,fractional,AL,credit_card,0
0.0,17000.0,5.0,22.67,0.41454431743163894,0,23,10,0.0,20,whole,MD,debt_consolidation,0
0.0,110000.0,5.0,21.34,0.6150914428852318,3,15,10,0.0,20,whole,IL,other,0
0.0,42000.0,6.0,16.65,0.7981102362204724,0,41,10,0.0,20,fractional,OH,debt_consolidation,0
0.0,133060.0,2.0,22.18,0.6521061981359355,1,19,10,0.0,20,whole,OK,debt_consolidation,0
0.0,25000.0,6.0,14.31,0.4549112426035503,0,12,10,0.0,20,fractional,CA,debt_consolidation,0
0.0,118000.0,10.0,14.22,0.6450732999573446,0,24,10,0.0,20,fractional,MD,home_improvement,0
0.0,33000.0,2.0,29.67,0.472801220132181,1,10,10,0.0,20,whole,CO,credit_card,0
0.0,32248.24,10.0,24.71,0.21399819924792118,0,26,10,0.0,20,whole,MI,credit_card,0
0.0,87500.0,3.0,17.59,0.6680157480314961,0,16,10,0.0,20,whole,GA,debt_consolidation,0
0.0,118000.0,5.0,25.37,0.6011976185418448,0,28,10,0.0,20,whole,OK,debt_consolidation,0
0.0,117000.0,10.0,15.56,0.18076213996214585,0,16,10,0.0,20,whole,IN,debt_consolidation,0
0.0,275000.0,4.0,4.57,0.5841817024951143,0,27,10,0.0,20,whole,FL,credit_card,0
0.0,55000.0,2.0,19.45,0.6332361516034986,0,13,10,0.0,20,whole,NJ,debt_consolidation,0
0.0,52000.0,10.0,14.49,0.5472747763949836,0,13,10,0.0,20,fractional,KS,credit_card,0
0.0,78000.0,10.0,13.23,0.09704334418259082,1,19,10,0.0,20,whole,IL,debt_consolidation,0
0.0,70090.0,7.0,32.77,0.5629253587808848,0,16,10,0.0,20,whole,TX,other,0
0.0,65000.0,10.0,25.01,0.10224206295893966,0,16,10,0.0,20,whole,NY,credit_card,0
0.0,157000.0,6.0,15.67,0.07994649466779052,0,10,10,0.0,20,whole,NJ,credit_card,0
0.0,78000.0,6.0,20.28,0.10489488431754977,0,15,10,0.0,20,whole,CA,credit_card,0
0.0,94000.0,10.0,17.78,0.4702539488114398,1,13,10,0.0,20,whole,FL,debt_consolidation,0
0.0,24000.0,0.0,4.4,0.6903880597014925,0,8,10,0.0,20,whole,MA,moving,1
0.0,90000.0,3.0,3.92,0.19861251760542886,0,4,10,0.0,20,whole,NY,major_purchase,0
0.0,300000.0,3.0,28.08,0.10076584469047502,0,36,10,0.0,20,whole,VA,debt_consolidation,0
0.0,120000.0,2.0,16.53,0.05834400381626684,0,37,10,0.0,20,whole,OR,home_improvement,0
0.0,179000.0,2.0,11.08,0.1862176735327564,4,17,10,0.0,20,whole,NC,debt_consolidation,0
0.0,45240.0,10.0,18.36,0.4393639930381427,0,10,10,0.0,20,fractional,NY,other,0
0.0,80000.0,8.0,10.72,0.5726302056511141,0,20,10,0.0,20,whole,FL,credit_card,0
0.0,125000.0,10.0,21.34,0.29954065942621355,3,15,10,0.0,20,fractional,OH,debt_consolidation,0
0.0,43000.0,1.0,25.76,0.6822228186718557,0,21,10,0.0,20,whole,WI,other,0
0.0,62000.0,3.0,21.93,0.5512048192771084,1,12,10,0.0,20,whole,KY,debt_consolidation,0
0.0,200000.0,10.0,5.36,0.5611685447814037,1,12,10,0.0,20,whole,NY,major_purchase,0
0.0,161105.0,10.0,28.28,0.8914521538061039,0,21,10,0.0,20,whole,NY,credit_card,0
0.0,138000.0,5.0,6.84,0.6611610693093534,0,18,10,0.0,20,whole,OH,moving,0
0.0,258000.0,10.0,23.6,0.16779614576673668,0,18,10,0.0,20,fractional,CT,credit_card,0
0.0,22212.0,6.0,9.08,0.5130434782608696,0,11,10,0.0,20,fractional,MS,debt_consolidation,0
0.0,63000.0,2.0,33.62,0.16227531790091682,0,32,10,0.0,20,whole,WA,debt_consolidation,0
0.0,150000.0,10.0,32.54,0.7375888791811395,2,18,10,0.0,20,fractional,MO,debt_consolidation,0
0.0,78000.0,8.0,20.12,0.1821752466983137,0,12,10,0.0,20,whole,NY,debt_consolidation,0
0.0,44000.0,6.0,29.49,0.5823685081045319,1,9,10,0.0,20,whole,MS,other,0
0.0,102000.0,1.0,33.14,0.11986820437930698,0,18,10,0.0,20,whole,CA,debt_consolidation,0
0.0,39332.8,3.0,15.09,0.08850189089502364,0,22,10,0.0,20,whole,AK,debt_consolidation,0
0.0,140000.0,0.0,17.75,0.3104422055258498,0,25,10,0.0,20,whole,SC,renewable_energy,0
0.0,75000.0,1.0,12.21,0.5230459985041137,0,7,10,0.0,20,fractional,NJ,debt_consolidation,0
0.0,60000.0,3.0,5.74,0.600989010989011,0,25,10,0.0,20,whole,CA,home_improvement,0
0.0,22000.0,6.0,11.24,0.5612621359223301,0,22,10,0.0,20,whole,AL,debt_consolidation,0
0.0,55000.0,0.0,37.03,0.21744302215628686,0,18,10,0.0,20,whole,GA,debt_consolidation,0
0.0,100000.0,10.0,18.18,0.07072467282534949,0,14,10,0.0,20,fractional,GA,other,0
0.0,170000.0,10.0,13.67,0.21132162425111373,0,10,10,0.0,20,whole,TX,credit_card,0
0.0,85000.0,0.0,13.0,0.527846670762323,0,12,10,0.0,20,whole,MI,debt_consolidation,0
0.0,71000.0,9.0,24.29,0.7412219607089677,0,12,10,0.0,20,whole,FL,major_purchase,0
0.0,195000.0,10.0,24.81,0.5372546943744873,0,11,10,0.0,20,whole,TN,debt_consolidation,0
0.0,32130.0,6.0,11.22,0.10916105692173833,0,7,10,0.0,20,fractional,GA,debt_consolidation,0
0.0,60000.0,7.0,16.34,0.6228141520943473,0,21,10,0.0,20,whole,TX,debt_consolidation,0
0.0,50000.0,10.0,13.97,0.7708695652173913,0,13,10,0.0,20,whole,NY,small_business,0
0.0,48000.0,6.0,22.08,0.2776954363711568,0,12,10,0.0,20,fractional,VA,vacation,0
0.0,39000.0,4.0,23.05,0.22270606902969495,0,30,10,0.0,20,fractional,OH,other,0
0.0,104000.0,10.0,10.97,0.0857917477196478,0,15,10,0.0,20,fractional,GA,debt_consolidation,0
0.0,215000.0,5.0,15.08,0.3265381473464622,0,20,10,0.0,20,whole,WA,debt_consolidation,0
0.0,66913.6,9.0,12.89,0.41124335274753104,0,12,10,0.0,20,whole,CA,credit_card,0
0.0,60000.0,5.0,15.26,0.30577879831611177,0,6,10,0.0,20,fractional,MN,debt_consolidation,0
0.0,45000.0,1.0,34.83,0.9422818791946309,0,19,10,0.0,20,fractional,NY,credit_card,0
0.0,140000.0,3.0,37.22,0.29539036575049266,0,16,10,0.0,20,whole,OH,car,0
0.0,170000.0,1.0,12.47,0.7607727272727273,0,19,10,0.0,20,whole,CA,vacation,0
0.0,53000.0,10.0,9.76,0.4738596565255918,0,6,10,0.0,20,whole,MA,debt_consolidation,0
0.0,52000.0,4.0,4.57,0.044464378233333594,0,25,10,0.0,20,whole,FL,medical,0
0.0,190000.0,10.0,12.33,0.2540683370082882,0,28,10,0.0,20,whole,CA,medical,0
0.0,132000.0,8.0,9.43,0.4506729634002361,0,15,10,0.0,20,whole,VA,credit_card,0
0.0,99000.0,7.0,10.07,0.6504046242774566,0,18,10,0.0,20,whole,KY,credit_card,0
0.0,118222.0,5.0,7.81,0.8349677419354838,0,19,10,0.0,20,whole,OH,credit_card,0
0.0,89000.0,2.0,2.2,0.41055555555555556,0,12,10,0.0,20,whole,CA,debt_consolidation,0
0.0,200000.0,4.0,19.66,0.40958503203697655,0,14,10,0.0,20,fractional,PA,other,0
0.0,28750.0,6.0,37.95,0.5483609874544719,0,24,10,0.0,20,whole,MS,credit_card,0
0.0,128500.0,10.0,20.57,0.30088582677165354,0,34,10,0.0,20,fractional,TX,debt_consolidation,0
0.0,60000.0,10.0,28.46,0.5281537825949598,0,15,10,0.0,20,whole,NY,credit_card,0
0.0,53000.0,1.0,13.63,0.44655172413793104,0,18,10,0.0,20,whole,LA,credit_card,0
0.0,150000.0,10.0,14.91,0.41055523455471127,0,23,10,0.0,20,whole,AZ,credit_card,0
0.0,31000.0,0.0,5.3,0.5928,0,4,10,0.0,20,whole,FL,credit_card,0
0.0,155000.0,10.0,21.65,0.7105042896003348,0,20,10,0.0,20,whole,FL,debt_consolidation,0
0.0,75000.0,10.0,10.94,0.35463797340727204,3,14,10,0.0,20,fractional,IN,debt_consolidation,0
0.0,105000.0,10.0,10.15,0.6878193957668436,0,12,10,0.0,20,whole,CA,debt_consolidation,0
0.0,65000.0,2.0,11.12,0.3139783439044048,0,16,10,0.0,20,whole,NC,credit_card,0
0.0,88000.0,2.0,17.84,0.15299599174817824,0,9,10,0.0,20,whole,NJ,debt_consolidation,0
0.0,77000.0,5.0,20.77,0.07499904593504726,0,7,10,0.0,20,fractional,FL,other,0
0.0,85000.0,2.0,21.6,0.2086325608943511,1,12,10,0.0,20,whole,RI,credit_card,0
0.0,139000.0,10.0,19.4,0.2762106960494491,0,21,10,0.0,20,whole,TX,home_improvement,0
0.0,262000.0,2.0,16.59,0.13584669842615063,0,15,10,0.0,20,whole,WA,debt_consolidation,0
0.0,28000.0,3.0,14.66,0.7157943925233645,0,6,10,0.0,20,whole,CA,credit_card,0
0.0,90000.0,10.0,6.07,0.06452633958851459,0,20,10,0.0,20,whole,KY,debt_consolidation,0
0.0,146500.0,9.0,17.48,0.18377004907124067,0,15,10,0.0,20,whole,NJ,credit_card,0
0.0,70020.0,0.0,7.88,0.7406382978723405,0,7,10,0.0,20,whole,NJ,credit_card,0
0.0,210000.0,10.0,16.89,0.15058816591383642,1,13,10,0.0,20,whole,NY,debt_consolidation,0
0.0,86000.0,10.0,14.26,0.6526972015182206,1,40,10,0.0,20,whole,WA,credit_card,0
0.0,53000.0,10.0,8.88,0.22463558258519162,1,29,10,0.0,20,whole,NY,debt_consolidation,0
0.0,65000.0,0.0,16.06,0.6602995441719123,0,9,10,0.0,20,whole,CA,credit_card,0
0.0,80000.0,1.0,10.52,0.6103425465213265,0,15,10,0.0,20,whole,IL,debt_consolidation,0
0.0,90000.0,4.0,18.42,0.0865298122550031,0,17,10,0.0,20,whole,MN,credit_card,0
0.0,40000.0,10.0,32.34,0.7457354742679505,0,26,10,0.0,20,whole,NY,credit_card,0
0.0,72000.0,9.0,30.83,1.226907865256103,0,17,10,0.0,20,fractional,KS,credit_card,0
0.0,90000.0,0.0,11.96,0.6634018708900621,0,20,10,0.0,20,whole,NC,credit_card,0
0.0,73480.0,3.0,24.02,0.7582307792862611,1,11,10,0.0,20,whole,TX,credit_card,0
0.0,115000.0,8.0,20.53,0.1661226246344184,0,16,10,0.0,20,whole,NE,credit_card,0
0.0,175000.0,4.0,17.27,0.6091770266513087,2,20,10,0.0,20,whole,CA,credit_card,0
0.0,60000.0,10.0,19.24,0.6853023415655216,0,11,10,0.0,20,whole,TX,home_improvement,0
0.0,28000.0,10.0,19.76,0.2098201438848921,0,18,10,0.0,20,whole,LA,other,0
0.0,27000.0,10.0,20.68,0.4130603889457523,1,15,10,0.0,20,whole,MO,debt_consolidation,0
0.0,300000.0,10.0,9.94,0.11429587144315187,0,18,10,0.0,20,fractional,NJ,credit_card,0
0.0,250000.0,3.0,1.43,0.4363188167625308,0,19,10,0.0,20,whole,PA,debt_consolidation,0
0.0,100000.0,7.0,20.38,0.18967355306733955,0,23,10,0.0,20,whole,OH,major_purchase,0
0.0,45000.0,2.0,1.12,0.2019607843137255,1,13,10,0.0,20,whole,NY,car,0
0.0,14200.0,6.0,36.35,0.22215120525931337,0,23,10,0.0,20,whole,CA,debt_consolidation,0
0.0,120000.0,7.0,7.19,0.4192484540986206,0,20,10,0.0,20,whole,NJ,home_improvement,0
0.0,25875.0,6.0,6.65,0.5072258064516129,0,9,10,0.0,20,whole,AZ,credit_card,0
0.0,70000.0,8.0,28.74,0.465978784741933,0,26,10,0.0,20,whole,MA,home_improvement,0
0.0,93000.0,5.0,30.81,0.24212218363430918,0,13,10,0.0,20,whole,GA,credit_card,0
0.0,50000.0,2.0,7.42,0.4897092288242731,0,21,10,0.0,20,whole,NY,credit_card,0
0.0,65000.0,4.0,21.62,0.28449054067031593,0,19,10,0.0,20,whole,GA,credit_card,0
0.0,111000.0,10.0,6.24,0.09410585072072244,0,23,10,0.0,20,whole,WV,credit_card,0
0.0,96000.0,2.0,22.18,0.6977277562091155,0,24,10,0.0,20,whole,IL,other,0
0.0,30000.0,4.0,25.63,0.11546514310048085,0,16,10,0.0,20,whole,FL,debt_consolidation,0
0.0,81000.0,0.0,26.57,0.11736237371370734,0,39,10,0.0,20,whole,CO,other,0
0.0,55000.0,10.0,36.74,0.41495564250571415,0,11,10,0.0,20,whole,NC,debt_consolidation,0
0.0,70000.0,8.0,27.23,0.40358452138492873,0,30,10,0.0,20,whole,NY,debt_consolidation,0
0.0,95000.0,8.0,5.85,0.1449754570941572,0,21,10,0.0,20,whole,MI,debt_consolidation,0
0.0,72276.0,6.0,16.24,0.2036152377253455,0,17,10,0.0,20,whole,OR,house,0
0.0,80000.0,10.0,18.24,0.21572329999615505,0,10,10,0.0,20,whole,FL,debt_consolidation,0
0.0,83600.0,1.0,16.61,0.6523859712068888,0,10,10,0.0,20,whole,CA,moving,0
0.0,110000.0,3.0,2.69,0.11323068365695793,0,14,10,0.0,20,whole,ND,debt_consolidation,0
0.0,65000.0,10.0,27.97,0.5740428754694817,0,14,10,0.0,20,fractional,TX,debt_consolidation,0
0.0,54000.0,10.0,18.2,0.7471894232961022,0,18,10,0.0,20,whole,TX,debt_consolidation,0
0.0,169880.0,9.0,20.61,0.12238120169728606,0,20,10,0.0,20,whole,MD,other,1
0.0,52000.0,4.0,10.96,0.49296453776355587,0,16,10,0.0,20,whole,WI,credit_card,0
0.0,58000.0,2.0,20.5,0.5363901018922853,0,15,10,0.0,20,whole,TX,debt_consolidation,0
0.0,107000.0,10.0,20.45,0.7536305753096608,0,30,10,0.0,20,whole,IN,debt_consolidation,0
0.0,85000.0,10.0,18.04,0.26290082464914777,0,18,10,0.0,20,whole,TX,debt_consolidation,0
0.0,185000.0,10.0,12.56,0.06367497194163861,0,44,10,0.0,20,whole,VA,debt_consolidation,0
0.0,125000.0,10.0,29.25,0.34539624179030176,0,28,10,0.0,20,whole,CO,car,0
0.0,28000.0,0.0,10.5,0.4442608695652174,0,14,10,0.0,20,whole,TX,debt_consolidation,0
0.0,87000.0,2.0,13.44,0.5068152574531656,0,13,10,0.0,20,whole,MA,debt_consolidation,0
0.0,200000.0,10.0,16.96,0.508768413040959,0,22,10,0.0,20,fractional,MO,debt_consolidation,0
0.0,65000.0,10.0,16.77,0.7097153767594689,0,14,10,0.0,20,whole,IL,debt_consolidation,0
0.0,90000.0,3.0,8.47,0.11424759204436476,0,17,10,0.0,20,whole,IN,debt_consolidation,0
0.0,55000.0,1.0,9.8,1.01875,0,13,10,0.0,20,whole,IL,major_purchase,0
0.0,37000.0,3.0,23.86,0.8696553961669486,0,11,10,0.0,20,fractional,NM,credit_card,0
0.0,50000.0,2.0,13.06,0.6961231470923603,0,24,10,0.0,20,whole,NV,credit_card,0
0.0,170000.0,1.0,9.01,0.22983385064816506,1,15,10,0.0,20,whole,NY,credit_card,0
0.0,87000.0,1.0,23.08,0.2340228663270762,0,22,10,0.0,20,whole,SC,debt_consolidation,0
0.0,80000.0,2.0,10.85,0.4120463078848561,0,6,10,0.0,20,whole,VA,debt_consolidation,0
0.0,26000.0,2.0,29.68,0.530698155613428,0,21,10,0.0,20,whole,UT,home_improvement,0
0.0,45000.0,4.0,9.23,0.24802507836990595,0,8,10,0.0,20,whole,IL,credit_card,0
0.0,50000.0,10.0,28.75,0.17360278960448494,0,9,10,0.0,20,whole,FL,debt_consolidation,0
0.0,101000.0,4.0,23.02,0.6488485006324876,0,14,10,0.0,20,whole,CA,credit_card,0
0.0,35000.0,2.0,1.2,0.11203703703703703,1,15,10,0.0,20,whole,MT,debt_consolidation,0
0.0,56000.0,5.0,10.12,0.23077849923020283,0,11,10,0.0,20,whole,NY,debt_consolidation,0
0.0,59000.0,10.0,16.31,0.6080222222222222,0,12,10,0.0,20,whole,CA,debt_consolidation,0
0.0,64000.0,10.0,25.67,0.16319887716783504,0,15,10,0.0,20,whole,MN,credit_card,0
0.0,250000.0,10.0,5.81,0.07289839339991315,0,12,10,0.0,20,whole,CO,other,0
0.0,54000.0,9.0,23.6,0.4418680225378589,0,15,10,0.0,20,whole,AL,debt_consolidation,0
0.0,85000.0,10.0,4.02,0.4238095238095238,0,4,10,0.0,20,fractional,NY,debt_consolidation,0
0.0,45384.0,1.0,3.41,0.4772,1,18,10,0.0,20,whole,MI,debt_consolidation,0
0.0,69000.0,10.0,22.87,0.763309036354544,0,28,10,0.0,20,fractional,GA,debt_consolidation,0
0.0,250000.0,3.0,15.57,0.5706293279876216,0,22,10,0.0,20,whole,GA,debt_consolidation,0
0.0,55000.0,0.0,11.37,0.13455244184065013,0,12,10,0.0,20,whole,WI,debt_consolidation,0
0.0,60000.0,0.0,9.38,0.07904482330360167,0,14,10,0.0,20,fractional,WA,credit_card,0
0.0,80000.0,10.0,11.3,0.6611937745852574,0,11,10,0.0,20,fractional,CA,credit_card,0
0.0,65000.0,10.0,20.37,0.14860437234627322,0,20,10,0.0,20,whole,KY,debt_consolidation,0
0.0,20000.0,6.0,15.97,0.3848876404494382,2,17,10,0.0,20,whole,NY,credit_card,0
0.0,57500.0,3.0,12.84,0.3647173913043478,0,13,10,0.0,20,whole,NY,debt_consolidation,0
0.0,30000.0,1.0,20.66,0.2725075076946082,0,13,10,0.0,20,whole,PA,credit_card,0
0.0,108000.0,10.0,34.84,0.2951669804879058,0,29,10,0.0,20,whole,TX,home_improvement,0
0.0,50000.0,3.0,5.95,0.24940497290727706,0,12,10,0.0,20,whole,PA,credit_card,0
0.0,88800.0,10.0,16.59,0.3783393837847901,0,21,10,0.0,20,whole,FL,debt_consolidation,0
0.0,260000.0,3.0,11.07,0.36848384217660424,1,23,10,0.0,20,whole,MN,debt_consolidation,0
0.0,250000.0,2.0,5.6,0.5559027777777777,2,11,10,0.0,20,whole,MA,debt_consolidation,0
0.0,83740.0,10.0,23.88,0.6606737239103416,0,12,10,0.0,20,whole,WI,car,0
0.0,42000.0,6.0,20.23,0.6203787691377367,0,6,10,0.0,20,whole,OH,debt_consolidation,0
0.0,118000.0,10.0,8.1,0.23438442740372462,0,14,10,0.0,20,whole,MA,debt_consolidation,0
0.0,112000.0,7.0,6.59,0.2897841289145637,0,6,10,0.0,20,whole,MD,other,0
0.0,50000.0,10.0,20.48,0.6502304295981179,0,15,10,0.0,20,whole,MI,debt_consolidation,0
0.0,130000.0,10.0,27.91,0.16811258122233733,2,29,10,0.0,20,whole,SC,debt_consolidation,0
0.0,80000.0,5.0,17.27,0.7551156454698278,0,21,10,0.0,20,whole,CO,debt_consolidation,0
0.0,125381.0,10.0,20.05,0.27182001484332413,0,17,10,0.0,20,whole,TX,credit_card,0
0.0,65000.0,10.0,6.37,0.02438943894389439,1,17,10,0.0,20,fractional,NY,debt_consolidation,0
0.0,75000.0,10.0,5.01,0.3613984851283946,3,15,10,0.0,20,whole,MO,debt_consolidation,0
0.0,150000.0,10.0,28.34,0.5043708697020388,0,17,10,0.0,20,whole,IN,credit_card,0
0.0,1020000.0,10.0,1.75,0.18554571337070783,0,21,10,0.0,20,whole,NY,debt_consolidation,0
0.0,106000.0,0.0,18.36,0.19504027550427844,0,12,10,0.0,20,whole,AZ,debt_consolidation,0
0.0,70000.0,10.0,4.01,0.03594141532761601,1,13,10,0.0,20,whole,TN,debt_consolidation,0
0.0,55000.0,10.0,38.05,0.2798686367960381,0,33,10,0.0,20,whole,IL,debt_consolidation,0
0.0,100000.0,1.0,15.1,0.6383978684298173,1,8,10,0.0,20,whole,CA,credit_card,0
0.0,42000.0,3.0,19.54,0.13820471377222396,0,23,10,0.0,20,whole,SC,debt_consolidation,0
0.0,60000.0,1.0,11.2,0.45106583868976285,1,13,10,0.0,20,whole,NJ,debt_consolidation,0
0.0,72000.0,10.0,10.23,0.46800453514739226,0,20,10,0.0,20,whole,CT,home_improvement,0
0.0,85000.0,3.0,7.27,0.6394292122665223,0,27,10,0.0,20,whole,MT,debt_consolidation,0
0.0,98000.0,10.0,17.81,0.7844080345155698,0,19,10,0.0,20,whole,OR,debt_consolidation,0
0.0,198000.0,1.0,17.83,0.766864757156275,0,11,10,0.0,20,whole,CA,debt_consolidation,0
0.0,120000.0,10.0,12.55,0.861311969323473,0,20,10,0.0,20,fractional,CA,debt_consolidation,0
0.0,108000.0,10.0,29.81,0.5726902339652101,0,20,10,0.0,20,whole,GA,home_improvement,0
0.0,62000.0,10.0,2.38,0.03277985949834074,0,12,10,0.0,20,whole,MO,credit_card,0
0.0,62500.0,2.0,21.3,0.4734304663985297,0,7,10,0.0,20,fractional,MA,small_business,0
0.0,60000.0,9.0,27.06,0.2572064758547108,1,12,10,0.0,20,whole,FL,home_improvement,0
0.0,120000.0,3.0,12.83,0.09179565937841005,0,11,10,0.0,20,whole,GA,debt_consolidation,0
0.0,90000.0,10.0,28.33,0.8170975472385728,0,18,10,0.0,20,whole,HI,debt_consolidation,0
0.0,64721.0,3.0,15.43,0.7935508586085711,0,15,10,0.0,20,whole,MA,credit_card,0
0.0,80000.0,9.0,12.45,0.4928083080917352,0,11,10,0.0,20,whole,IL,credit_card,0
0.0,18000.0,1.0,34.2,0.3191884709288508,0,10,10,0.0,20,whole,FL,debt_consolidation,0
0.0,107200.0,10.0,31.52,0.28425899088091683,0,13,10,0.0,20,whole,TX,debt_consolidation,0
0.0,65000.0,8.0,12.72,0.12220717151838884,1,29,10,0.0,20,whole,SC,home_improvement,0
0.0,72000.0,2.0,13.89,0.41577571364805405,0,6,10,0.0,20,whole,MA,major_purchase,0
0.0,32000.0,6.0,0.94,0.938,0,14,10,0.0,20,whole,NJ,debt_consolidation,0
0.0,134676.0,10.0,14.42,0.521374545626369,1,22,10,0.0,20,whole,OH,debt_consolidation,0
0.0,52000.0,1.0,8.35,0.46992307692307694,0,13,10,0.0,20,whole,MN,debt_consolidation,0
0.0,130000.0,1.0,20.77,0.4016609940554601,0,16,10,0.0,20,whole,AZ,major_purchase,0
0.0,66000.0,6.0,21.93,0.8060410113014098,0,7,10,0.0,20,whole,FL,other,0
0.0,120000.0,10.0,4.3,0.01692372783568599,2,14,10,0.0,20,whole,CA,small_business,0
0.0,20000.0,6.0,17.47,0.05513866231647634,0,23,10,0.0,20,whole,IL,credit_card,0
0.0,80000.0,7.0,16.55,0.11990095406052466,0,9,10,0.0,20,fractional,NY,small_business,0
0.0,90000.0,2.0,2.97,0.9726923076923077,0,5,10,0.0,20,fractional,NY,credit_card,0
0.0,95000.0,4.0,8.12,0.5039011376220679,0,17,10,0.0,20,whole,WA,credit_card,0
0.0,55000.0,1.0,15.06,0.9844625805627065,0,14,10,0.0,20,whole,MN,debt_consolidation,0
0.0,100000.0,10.0,11.5,0.17684009347656746,0,39,10,0.0,20,whole,VA,medical,0
0.0,64000.0,10.0,31.58,0.7400321811019254,0,16,10,0.0,20,whole,NM,debt_consolidation,1
0.0,71500.0,3.0,20.98,0.8816320469593473,0,13,10,0.0,20,whole,OR,debt_consolidation,1
0.0,42000.0,1.0,27.2,0.9670596221666639,0,7,10,0.0,20,whole,AZ,debt_consolidation,0
0.0,69000.0,4.0,18.49,0.21431399612935217,0,17,10,0.0,20,whole,ME,credit_card,0
0.0,81000.0,9.0,7.79,0.09654958921341247,0,14,10,0.0,20,whole,WA,debt_consolidation,0
0.0,90000.0,10.0,19.35,0.3617269032187191,0,8,10,0.0,20,whole,OH,debt_consolidation,0
0.0,80000.0,3.0,24.08,0.2793193757488249,0,12,10,0.0,20,whole,TN,credit_card,0
0.0,65000.0,1.0,21.07,0.5610201442967262,0,34,10,0.0,20,whole,NC,debt_consolidation,0
0.0,84000.0,6.0,20.7,0.19627963441760757,0,15,10,0.0,20,whole,NY,credit_card,0
0.0,143812.0,2.0,30.97,0.26226456013716176,0,39,10,0.0,20,whole,IN,other,0
0.0,82000.0,10.0,15.59,0.16693781287776124,0,16,10,0.0,20,fractional,GA,debt_consolidation,0
0.0,60000.0,0.0,12.52,0.516663380003944,0,12,10,0.0,20,whole,CA,credit_card,0
0.0,55000.0,10.0,10.78,0.7419803566159423,0,22,10,0.0,20,fractional,HI,debt_consolidation,0
0.0,120000.0,10.0,27.2,0.1844975086960609,0,24,10,0.0,20,whole,AL,debt_consolidation,0
0.0,100000.0,3.0,24.07,0.5048656933019579,0,23,10,0.0,20,whole,FL,debt_consolidation,0
0.0,75000.0,7.0,33.46,0.47823630320028915,2,14,10,0.0,20,whole,GA,car,0
0.0,350000.0,2.0,7.64,0.8709886350425978,0,28,10,0.0,20,whole,LA,credit_card,0
0.0,71000.0,9.0,6.14,0.4458835341365462,0,15,10,0.0,20,whole,CA,credit_card,0
0.0,28000.0,10.0,7.16,0.14241509433962263,0,16,10,0.0,20,whole,CO,other,0
0.0,68000.0,10.0,18.23,0.6774879199671253,0,11,10,0.0,20,whole,AR,other,1
0.0,72000.0,10.0,23.47,0.16619762703469393,0,25,10,0.0,20,whole,WA,other,0
0.0,50000.0,0.0,14.11,0.04647684605757196,0,18,10,0.0,20,fractional,IL,debt_consolidation,0
0.0,65000.0,4.0,23.69,0.1413798298839869,0,11,10,0.0,20,fractional,OH,debt_consolidation,0
0.0,305000.0,3.0,8.97,0.33947071859774364,0,33,10,0.0,20,whole,CO,credit_card,0
0.0,75000.0,10.0,17.56,0.18767704601818683,0,16,10,0.0,20,whole,WI,credit_card,0
0.0,56000.0,10.0,3.81,0.060962128966223134,0,9,10,0.0,20,whole,KS,other,0
0.0,120000.0,10.0,19.43,0.3548064321411286,0,26,10,0.0,20,fractional,CO,credit_card,0
0.0,190000.0,10.0,13.34,0.0966137791040633,0,14,10,0.0,20,whole,CA,debt_consolidation,0
0.0,72000.0,10.0,10.05,0.07107877248529974,0,8,10,0.0,20,whole,MA,house,0
0.0,65000.0,10.0,21.09,0.15466638482518488,0,12,10,0.0,20,whole,CA,debt_consolidation,0
0.0,110000.0,10.0,5.8,0.07093772273100146,0,20,10,0.0,20,whole,IN,credit_card,0
0.0,40000.0,3.0,7.56,0.6328571428571429,0,15,10,0.0,20,fractional,CA,debt_consolidation,0
0.0,50840.0,10.0,27.81,0.688994041359972,0,19,10,0.0,20,whole,HI,debt_consolidation,0
0.0,115000.0,7.0,18.25,0.3373172514619883,0,18,10,0.0,20,fractional,MA,debt_consolidation,0
0.0,105000.0,2.0,17.33,0.10079245201978625,0,17,10,0.0,20,whole,NE,home_improvement,0
0.0,64000.0,0.0,1.03,0.10155555555555555,0,37,10,0.0,20,whole,AZ,other,0
0.0,90000.0,3.0,36.99,0.28122420471141024,0,5,10,0.0,20,whole,TX,credit_card,0
0.0,92400.0,2.0,17.08,0.0657173621758639,0,7,10,0.0,20,whole,AZ,debt_consolidation,0
0.0,96000.0,2.0,19.23,0.9081579291410642,1,8,10,0.0,20,whole,CA,debt_consolidation,0
0.0,50000.0,2.0,22.64,0.6467063091884875,0,10,10,0.0,20,whole,CT,debt_consolidation,0
0.0,120000.0,3.0,15.33,0.21206712442728187,0,29,10,0.0,20,whole,WI,credit_card,0
0.0,24000.0,6.0,5.92,0.46938775510204084,0,4,10,0.0,20,whole,WA,home_improvement,0
0.0,55000.0,2.0,9.78,0.6359373212855999,0,9,10,0.0,20,whole,TX,debt_consolidation,0
0.0,52000.0,1.0,11.29,0.26133387064275637,0,7,10,0.0,20,whole,NY,home_improvement,0
0.0,24000.0,6.0,23.3,0.3236082474226804,0,14,10,0.0,20,whole,OH,debt_consolidation,0
0.0,75000.0,3.0,24.93,0.28076730441750974,1,13,10,0.0,20,whole,CA,debt_consolidation,0
0.0,40012.0,6.0,17.43,0.6018500930744975,0,28,10,0.0,20,whole,FL,debt_consolidation,0
0.0,65000.0,2.0,3.05,0.5592380952380952,0,12,10,0.0,20,whole,MD,credit_card,0
0.0,245000.0,10.0,5.16,0.6591510410675256,0,12,10,0.0,20,whole,CA,debt_consolidation,0
0.0,21432.0,2.0,7.17,0.8294444444444444,0,12,10,0.0,20,whole,GA,other,0
0.0,63000.0,5.0,28.63,0.8973575778732211,0,12,10,0.0,20,whole,CO,debt_consolidation,0
0.0,73400.0,4.0,12.13,0.2626692561803463,0,15,10,0.0,20,fractional,TX,car,0
0.0,50000.0,7.0,3.62,0.5698717948717948,0,7,10,0.0,20,fractional,NY,debt_consolidation,0
0.0,75000.0,10.0,5.98,0.03893271461716937,2,13,10,0.0,20,fractional,CO,debt_consolidation,0
0.0,98000.0,10.0,19.6,0.15841336875326387,0,23,10,0.0,20,whole,MS,debt_consolidation,0
0.0,83000.0,10.0,16.11,1.0469201190957105,0,19,10,0.0,20,whole,VA,debt_consolidation,0
0.0,130000.0,4.0,7.91,0.04414435010655714,0,12,10,0.0,20,whole,IN,home_improvement,0
0.0,72465.0,8.0,12.52,0.5108936170212766,0,22,10,0.0,20,whole,CA,debt_consolidation,0
0.0,48000.0,10.0,17.83,0.5559183673469388,0,19,10,0.0,20,whole,CO,debt_consolidation,0
0.0,126700.0,10.0,32.42,0.2718111245637775,0,12,10,0.0,20,fractional,PA,debt_consolidation,0
0.0,335000.0,6.0,10.93,0.08149562739659588,0,18,10,0.0,20,whole,OH,home_improvement,0
0.0,116480.0,3.0,13.74,0.10000555212520211,0,19,10,0.0,20,whole,CA,credit_card,0
0.0,12276.0,6.0,26.78,0.7105625943674916,0,35,10,0.0,20,fractional,WI,credit_card,0
0.0,160000.0,10.0,17.63,0.20981367503127363,0,33,10,0.0,20,whole,NV,credit_card,0
0.0,72000.0,9.0,17.6,0.777473343676757,1,22,10,0.0,20,fractional,TX,house,0
0.0,45000.0,2.0,18.25,0.4443330299430758,1,11,10,0.0,20,whole,DC,credit_card,0
0.0,38000.0,10.0,18.0,0.3157163059370581,0,17,10,0.0,20,whole,IL,debt_consolidation,0
0.0,75000.0,9.0,20.7,0.30193349072749454,0,11,10,0.0,20,whole,VA,credit_card,0
0.0,120000.0,0.0,12.58,0.6923736340914255,0,14,10,0.0,20,whole,MO,debt_consolidation,0
0.0,55000.0,9.0,13.11,0.5974272627160573,0,17,10,0.0,20,whole,PA,credit_card,0
0.0,67000.0,4.0,17.39,0.9075667025080643,0,14,10,0.0,20,whole,NY,debt_consolidation,0
0.0,48200.0,5.0,18.7,0.14174681822597882,0,13,10,0.0,20,whole,CO,debt_consolidation,0
0.0,180000.0,4.0,5.31,0.09721399133753475,0,18,10,0.0,20,whole,IL,debt_consolidation,0
0.0,102258.0,6.0,22.16,0.7249315276932441,0,30,10,0.0,20,whole,CA,debt_consolidation,0
0.0,91600.0,0.0,18.88,0.06547668477572018,0,16,10,0.0,20,fractional,FL,debt_consolidation,0
0.0,50000.0,3.0,18.63,0.5729723502304147,0,13,10,0.0,20,whole,ID,credit_card,0
0.0,46500.0,2.0,17.68,0.9004113234938301,0,11,10,0.0,20,whole,IL,other,0
0.0,65000.0,2.0,13.88,0.8230532538334844,0,7,10,0.0,20,whole,IL,credit_card,0
0.0,54000.0,2.0,19.2,0.08494270619830437,1,10,10,0.0,20,whole,OR,debt_consolidation,0
0.0,35000.0,5.0,27.64,0.5922435960029945,0,7,10,0.0,20,whole,FL,debt_consolidation,0
0.0,211000.0,4.0,15.51,0.5894005903277075,0,33,10,0.0,20,whole,WI,other,0
0.0,38000.0,3.0,37.62,0.5598689388220556,0,5,10,0.0,20,fractional,NJ,small_business,0
0.0,75000.0,10.0,11.6,0.06250175932441943,0,23,10,0.0,20,whole,MA,debt_consolidation,0
0.0,80000.0,5.0,15.14,0.8868100557250561,0,9,10,0.0,20,whole,IL,debt_consolidation,0
0.0,88000.0,6.0,10.88,0.7804009404432326,0,14,10,0.0,20,fractional,NJ,other,0
0.0,36000.0,4.0,3.23,0.32206349206349205,0,11,10,0.0,20,fractional,FL,home_improvement,0
0.0,20000.0,6.0,9.9,0.7043076923076923,0,4,10,0.0,20,fractional,NJ,credit_card,0
0.0,70000.0,3.0,10.78,0.31896034655114963,0,12,10,0.0,20,whole,OH,debt_consolidation,0
0.0,119000.0,10.0,26.08,0.37724191893017917,0,15,10,0.0,20,whole,NE,credit_card,0
0.0,40000.0,10.0,12.63,0.2562453696843977,0,13,10,0.0,20,whole,OK,debt_consolidation,0
0.0,40000.0,7.0,2.91,0.010900679854827991,0,9,10,0.0,20,whole,WA,credit_card,0
0.0,140000.0,0.0,7.11,0.2585981330914753,0,27,10,0.0,20,whole,PA,small_business,0
0.0,54000.0,4.0,19.22,0.267246982358403,0,6,10,0.0,20,whole,CO,debt_consolidation,0
0.0,54500.0,2.0,8.7,0.4756749667910416,0,22,10,0.0,20,fractional,LA,credit_card,0
0.0,107609.27,10.0,11.75,0.9775598086124402,0,12,10,0.0,20,fractional,NY,debt_consolidation,0
0.0,26000.0,2.0,21.93,0.17795493934142115,1,17,10,0.0,20,fractional,PA,debt_consolidation,0
0.0,60000.0,2.0,20.08,0.14757377547916034,0,15,10,0.0,20,whole,DC,debt_consolidation,0
0.0,59000.0,6.0,23.56,0.5574774774774774,0,14,10,0.0,20,whole,VA,debt_consolidation,0
0.0,44000.0,5.0,20.61,0.08080819843950157,0,18,10,0.0,20,whole,PA,other,0
0.0,40000.0,0.0,14.4,0.1015104445634708,0,10,10,0.0,20,fractional,VA,credit_card,0
0.0,65000.0,2.0,12.46,0.8616696433715504,1,25,10,0.0,20,whole,VA,other,0
0.0,92000.0,10.0,26.14,0.31105523266419516,0,13,10,0.0,20,whole,AZ,credit_card,0
0.0,80000.0,10.0,16.43,0.19012693248522367,1,15,10,0.0,20,whole,NH,credit_card,0
0.0,71647.0,10.0,24.34,0.7212496937948708,0,11,10,0.0,20,fractional,CA,debt_consolidation,0
0.0,135750.0,6.0,15.46,0.7981705692549066,0,13,10,0.0,20,whole,NV,debt_consolidation,0
0.0,98000.0,4.0,18.63,0.34119525547445256,0,12,10,0.0,20,whole,KY,debt_consolidation,0
0.0,140000.0,10.0,5.3,0.5073956114812717,0,11,10,0.0,20,whole,IL,other,0
0.0,100000.0,10.0,6.18,0.08237228142520159,0,13,10,0.0,20,whole,CA,other,0
0.0,45000.0,3.0,19.73,0.7378761361711738,0,10,10,0.0,20,whole,KS,debt_consolidation,0
0.0,96000.0,10.0,25.74,0.2650456126534095,2,24,10,0.0,20,whole,MS,debt_consolidation,0
0.0,75000.0,10.0,2.05,0.2282142857142857,0,25,10,0.0,20,whole,SC,other,0
0.0,142891.0,10.0,6.89,0.25625521058288214,0,15,10,0.0,20,whole,KS,debt_consolidation,0
0.0,70000.0,2.0,0.0,0.0,0,12,10,0.0,20,whole,MI,small_business,0
0.0,35000.0,4.0,11.73,0.7287432600580672,0,5,10,0.0,20,whole,NH,credit_card,0
0.0,131000.0,10.0,22.14,0.4243667386683321,0,24,10,0.0,20,whole,MI,credit_card,0
0.0,158000.0,6.0,23.64,0.1621834770696155,0,19,10,0.0,20,whole,LA,debt_consolidation,0
0.0,36000.0,9.0,10.87,0.08435619735258724,0,11,10,0.0,20,whole,TX,other,0
0.0,58000.0,0.0,21.48,0.7926416957909133,0,12,10,0.0,20,whole,MO,credit_card,0
0.0,80000.0,10.0,17.53,0.15218238759554106,0,26,10,0.0,20,whole,TX,credit_card,0
0.0,150000.0,0.0,9.16,0.11580011363976195,1,31,10,0.0,20,whole,CA,other,0
0.0,22000.0,5.0,8.24,0.6587671232876713,0,4,10,0.0,20,whole,WV,credit_card,0
0.0,52000.0,1.0,23.38,0.22493341807396647,0,11,10,0.0,20,whole,AL,debt_consolidation,0
0.0,50000.0,5.0,17.26,0.5780752882486192,0,5,10,0.0,20,whole,IN,credit_card,0
0.0,38000.0,3.0,21.67,0.14223584335097889,0,12,10,0.0,20,whole,FL,debt_consolidation,0
0.0,175000.0,0.0,15.55,0.35044898927963924,0,20,10,0.0,20,whole,CO,credit_card,0
0.0,175000.0,7.0,2.75,0.092796875,0,28,10,0.0,20,whole,WA,home_improvement,0
0.0,65000.0,3.0,4.1,0.5902926829268292,0,18,10,0.0,20,whole,NC,debt_consolidation,0
0.0,109000.0,10.0,35.1,0.20548048614780706,0,26,10,0.0,20,whole,TX,debt_consolidation,0
0.0,30000.0,3.0,5.68,0.3591139240506329,0,6,10,0.0,20,whole,AZ,debt_consolidation,0
0.0,86000.0,4.0,24.21,0.2509767487149111,0,9,10,0.0,20,whole,AR,debt_consolidation,0
0.0,42950.0,5.0,37.49,0.14626062322946176,0,7,10,0.0,20,whole,OR,credit_card,0
0.0,39000.0,9.0,16.03,0.40367538538237135,0,19,10,0.0,20,fractional,IL,credit_card,0
0.0,35000.0,6.0,11.56,0.14858064516129033,0,14,10,0.0,20,fractional,VA,debt_consolidation,0
0.0,72000.0,6.0,10.53,0.291005500375925,3,19,10,0.0,20,whole,IL,debt_consolidation,0
0.0,80000.0,6.0,19.97,0.4894261523988711,0,17,10,0.0,20,whole,CA,credit_card,0
0.0,110000.0,10.0,17.5,0.13067184364585244,0,23,10,0.0,20,whole,NV,credit_card,0
0.0,126600.0,10.0,12.18,0.17431454836772767,0,17,10,0.0,20,whole,NJ,debt_consolidation,0
0.0,45001.0,6.0,11.52,0.8790666666666667,0,7,10,0.0,20,whole,CA,medical,0
0.0,59182.0,10.0,19.81,0.26297976292326486,2,15,10,0.0,20,whole,NY,credit_card,0
0.0,106000.0,3.0,22.56,0.37003204569995474,0,16,10,0.0,20,whole,OH,debt_consolidation,0
0.0,120000.0,2.0,15.39,0.23640670998310312,0,8,10,0.0,20,fractional,OK,credit_card,0
0.0,25000.0,0.0,19.54,0.4493511524307573,0,5,10,0.0,20,whole,CA,major_purchase,0
0.0,188536.0,0.0,34.57,0.5023389393814043,0,17,10,0.0,20,whole,OH,other,0
0.0,132323.0,10.0,0.0,0.0,0,15,10,0.0,20,whole,OR,other,0
0.0,100000.0,2.0,2.95,0.07559477124183006,0,11,10,0.0,20,whole,MD,credit_card,0
0.0,67000.0,4.0,18.25,0.0969209470673105,0,15,10,0.0,20,whole,AZ,debt_consolidation,0
0.0,49000.0,10.0,16.79,0.7812354626251744,0,11,10,0.0,20,whole,IL,credit_card,0
0.0,75000.0,5.0,14.83,0.57723702448791,2,6,10,0.0,20,whole,NJ,debt_consolidation,0
0.0,90000.0,10.0,11.57,0.5571417487780278,0,8,10,0.0,20,whole,WY,debt_consolidation,0
0.0,78000.0,10.0,33.52,0.233563467891926,0,18,10,0.0,20,whole,NC,debt_consolidation,0
0.0,30000.0,2.0,14.32,0.4029664810993888,0,6,10,0.0,20,whole,AZ,debt_consolidation,0
0.0,40000.0,2.0,23.16,0.9625965440870611,0,14,10,0.0,20,whole,KS,credit_card,0
0.0,152000.0,10.0,15.0,0.42526727839043693,0,17,10,0.0,20,whole,NJ,debt_consolidation,0
0.0,50000.0,10.0,16.75,0.0847668690234288,1,13,10,0.0,20,fractional,AZ,other,0
0.0,106000.0,4.0,18.67,0.31941427260371047,0,20,10,0.0,20,whole,AR,home_improvement,0
0.0,110000.0,4.0,30.79,0.20552588511423928,1,33,10,0.0,20,fractional,MA,medical,0
0.0,94000.0,0.0,9.09,0.35198931441459197,0,13,10,0.0,20,whole,WA,debt_consolidation,0
0.0,40000.0,3.0,20.85,0.08156819766862608,0,15,10,0.0,20,whole,IN,medical,0
0.0,50000.0,3.0,32.19,0.9029061202624883,0,10,10,0.0,20,whole,GA,debt_consolidation,0
0.0,91600.0,10.0,8.87,0.061357141456405355,0,15,10,0.0,20,whole,CA,debt_consolidation,0
0.0,54000.0,0.0,11.11,0.6060828680575963,0,9,10,0.0,20,whole,NC,debt_consolidation,0
0.0,77100.0,7.0,22.35,0.5631304347826087,0,13,10,0.0,20,whole,LA,debt_consolidation,0
0.0,36051.0,6.0,17.51,0.2637919463087248,0,19,10,0.0,20,whole,CA,credit_card,0
0.0,147000.0,10.0,22.92,0.12123157260145641,0,16,10,0.0,20,whole,NJ,debt_consolidation,0
0.0,60000.0,3.0,3.16,0.3831460674157303,0,11,10,0.0,20,fractional,NH,major_purchase,0
0.0,28000.0,6.0,5.61,0.4183168316831683,0,17,10,0.0,20,whole,IN,credit_card,0
0.0,61000.0,10.0,14.7,0.44616095042189663,0,15,10,0.0,20,fractional,VA,debt_consolidation,0
0.0,75000.0,5.0,1.89,0.019893927340228056,0,17,10,0.0,20,whole,MN,debt_consolidation,0
0.0,120000.0,10.0,21.17,0.09131618518935605,0,35,10,0.0,20,fractional,TX,home_improvement,0
0.0,75000.0,0.0,8.83,0.0962065124051338,0,13,10,0.0,20,fractional,CO,debt_consolidation,0
0.0,47000.0,2.0,23.16,1.0476884167931209,1,7,10,0.0,20,whole,MO,debt_consolidation,0
0.0,9996.0,8.0,9.36,0.8814175180609584,0,12,10,0.0,20,fractional,MO,debt_consolidation,0
0.0,42585.6,2.0,7.07,0.683,0,18,10,0.0,20,whole,HI,credit_card,0
0.0,70000.0,10.0,15.84,0.10429066571052946,1,31,10,0.0,20,whole,MD,debt_consolidation,0
0.0,112000.0,10.0,18.3,0.44430479615426954,0,22,10,0.0,20,whole,MI,debt_consolidation,0
0.0,60000.0,6.0,12.46,0.9481344906610921,0,23,10,0.0,20,whole,OR,credit_card,0
0.0,70000.0,10.0,5.81,0.27116017152008814,0,13,10,0.0,20,whole,LA,debt_consolidation,0
0.0,26000.0,3.0,37.07,0.5827639960739786,0,22,10,0.0,20,whole,NC,debt_consolidation,0
0.0,54000.0,2.0,24.76,0.43762464486658126,0,17,10,0.0,20,whole,TN,other,0
0.0,81000.0,10.0,22.61,0.31299469700546034,0,17,10,0.0,20,whole,CA,credit_card,0
0.0,50000.0,5.0,21.87,0.27391862229777697,0,5,10,0.0,20,whole,IL,debt_consolidation,0
0.0,75000.0,0.0,34.3,0.6035524395051731,0,19,10,0.0,20,whole,MI,debt_consolidation,0
0.0,56500.0,2.0,15.34,1.167470653122376,0,12,10,0.0,20,whole,GA,credit_card,0
0.0,37000.0,4.0,34.11,0.341072564466409,0,16,10,0.0,20,whole,NV,debt_consolidation,0
0.0,110000.0,10.0,23.93,0.28940092893930297,0,14,10,0.0,20,whole,NH,debt_consolidation,0
0.0,182000.0,9.0,17.27,0.7586113989637305,1,11,10,0.0,20,whole,TX,debt_consolidation,0
0.0,45000.0,3.0,13.04,0.49471947194719473,0,11,10,0.0,20,whole,TX,debt_consolidation,0
0.0,120000.0,10.0,29.9,0.2859443114994342,0,27,10,0.0,20,whole,IN,other,0
0.0,83000.0,9.0,20.02,0.47897206257754454,1,22,10,0.0,20,whole,NC,debt_consolidation,0
0.0,70000.0,3.0,12.24,1.36823415592316,0,13,10,0.0,20,fractional,MD,other,0
0.0,90000.0,1.0,11.63,0.3270162663383713,0,15,10,0.0,20,fractional,TN,credit_card,0
0.0,60500.0,10.0,7.34,0.6434606481481482,0,17,10,0.0,20,whole,WA,medical,0
0.0,142000.0,10.0,20.25,0.4125519661353378,0,26,10,0.0,20,whole,VA,debt_consolidation,0
0.0,195000.0,4.0,14.34,0.678984787633251,0,10,10,0.0,20,whole,CA,credit_card,0
0.0,60000.0,10.0,33.53,0.37825360862026786,0,12,10,0.0,20,whole,AL,credit_card,0
0.0,65000.0,3.0,13.59,0.42264197978516066,0,12,10,0.0,20,whole,TX,credit_card,0
0.0,140000.0,10.0,15.42,0.11360338949860699,0,22,10,0.0,20,whole,MA,debt_consolidation,0
0.0,70000.0,6.0,9.72,0.19664597830857,0,15,10,0.0,20,fractional,GA,car,0
0.0,95000.0,3.0,12.44,0.097383946710364,0,7,10,0.0,20,whole,NV,credit_card,0
0.0,73000.0,0.0,10.83,0.8044318383265379,3,15,10,0.0,20,whole,NC,credit_card,0
0.0,165000.0,10.0,7.16,0.22267598065556152,1,11,10,0.0,20,whole,FL,debt_consolidation,0
0.0,46000.0,2.0,8.64,0.5909090909090909,0,4,10,0.0,20,whole,LA,credit_card,0
0.0,105000.0,8.0,17.7,0.4592763988220446,0,11,10,0.0,20,whole,GA,debt_consolidation,0
0.0,60000.0,2.0,11.5,0.07794602618349873,0,12,10,0.0,20,whole,CA,credit_card,0
0.0,42000.0,5.0,10.2,0.49475903614457833,0,15,10,0.0,20,whole,SC,house,0
0.0,38000.0,3.0,21.32,0.5127645788336933,0,11,10,0.0,20,whole,NJ,debt_consolidation,0
0.0,80000.0,1.0,27.05,0.31564235113919203,0,6,10,0.0,20,whole,VA,debt_consolidation,0
0.0,65000.0,10.0,4.28,0.3329203711801001,0,22,10,0.0,20,whole,KY,debt_consolidation,0
0.0,120000.0,4.0,1.06,0.0694170403587444,0,13,10,0.0,20,whole,CA,credit_card,0
0.0,300000.0,1.0,8.68,0.05039944660974671,0,31,10,0.0,20,whole,FL,debt_consolidation,0
0.0,56000.0,10.0,14.59,0.07347846974639055,0,18,10,0.0,20,whole,GA,credit_card,0
0.0,78000.0,6.0,4.86,0.029085487450593053,1,19,10,0.0,20,whole,CA,debt_consolidation,0
0.0,69000.0,10.0,16.73,0.8388540578195751,0,31,10,0.0,20,whole,VA,credit_card,0
0.0,205000.0,6.0,8.14,0.8428173400980643,0,18,10,0.0,20,whole,MA,credit_card,0
0.0,86000.0,8.0,12.14,0.3230423940149626,0,28,10,0.0,20,whole,CA,credit_card,0
0.0,69000.0,10.0,16.49,0.1111333343590217,0,16,10,0.0,20,whole,NJ,credit_card,0
0.0,66000.0,2.0,17.49,0.6221368178324366,0,14,10,0.0,20,whole,DC,credit_card,0
0.0,98560.0,10.0,5.92,0.3154083885209713,0,21,10,0.0,20,whole,UT,debt_consolidation,0
0.0,60000.0,10.0,27.62,0.5097636903919627,0,12,10,0.0,20,whole,AR,debt_consolidation,0
0.0,150000.0,10.0,21.92,0.12412276127186578,0,24,10,0.0,20,whole,TX,debt_consolidation,0
0.0,65000.0,4.0,24.48,0.5613578938788817,1,12,10,0.0,20,whole,NE,debt_consolidation,0
0.0,59200.0,10.0,8.72,0.049668758350997225,1,11,10,0.0,20,whole,FL,home_improvement,0
0.0,56800.0,10.0,17.87,0.5561661341853035,1,17,10,0.0,20,fractional,NJ,home_improvement,0
0.0,80000.0,2.0,23.27,0.21552902540489985,0,16,10,0.0,20,whole,RI,house,0
0.0,53000.0,0.0,12.05,0.057306314120254775,0,12,10,0.0,20,whole,NJ,home_improvement,0
0.0,80000.0,10.0,22.38,0.8156492008405124,0,16,10,0.0,20,whole,MD,credit_card,0
0.0,80000.0,3.0,20.93,0.7733497461147869,0,11,10,0.0,20,whole,TX,major_purchase,0
0.0,40000.0,3.0,13.14,0.827058710252028,0,8,10,0.0,20,whole,OH,debt_consolidation,0
0.0,142500.0,3.0,10.26,0.1924297109726715,0,16,10,0.0,20,whole,CO,debt_consolidation,0
0.0,103500.0,9.0,30.01,0.28183646112600536,0,23,10,0.0,20,fractional,GA,debt_consolidation,0
0.0,60000.0,4.0,13.3,0.33910852713178297,0,16,10,0.0,20,fractional,CA,credit_card,0
0.0,90000.0,10.0,8.95,0.6101915808679786,0,12,10,0.0,20,fractional,GA,debt_consolidation,0
0.0,71000.0,8.0,30.16,0.6038481034045788,0,13,10,0.0,20,whole,FL,debt_consolidation,0
0.0,70000.0,6.0,3.91,0.07970663921770459,0,21,10,0.0,20,whole,MI,major_purchase,0
0.0,135500.0,1.0,24.01,0.16430713125437396,0,19,10,0.0,20,fractional,CA,debt_consolidation,0
0.0,44346.0,2.0,20.27,0.6979386723001089,1,12,10,0.0,20,fractional,AZ,debt_consolidation,0
0.0,120000.0,10.0,17.81,0.08009620305415213,0,20,10,0.0,20,fractional,CA,home_improvement,0
0.0,50000.0,3.0,29.44,0.5356199304750869,0,21,10,0.0,20,whole,CA,debt_consolidation,0
0.0,46000.0,5.0,28.8,0.13812053243519232,0,13,10,0.0,20,fractional,TX,debt_consolidation,0
0.0,140000.0,10.0,10.47,0.049347441690757526,1,16,10,0.0,20,fractional,MI,debt_consolidation,1
0.0,87000.0,3.0,31.42,0.24718125088639908,0,37,10,0.0,20,whole,NY,credit_card,0
0.0,79800.0,10.0,31.77,0.2009049022456519,0,13,10,0.0,20,whole,NC,debt_consolidation,0
0.0,52499.2,10.0,26.29,0.2509561635775228,1,17,10,0.0,20,fractional,FL,debt_consolidation,0
0.0,52200.0,1.0,34.9,0.21809815950920244,0,20,10,0.0,20,fractional,CT,debt_consolidation,0
0.0,54000.0,1.0,27.04,0.286868883061949,1,13,10,0.0,20,whole,TN,other,0
0.0,146000.0,6.0,6.6,0.028249174917491748,0,14,10,0.0,20,whole,CA,credit_card,0
0.0,95000.0,10.0,21.42,0.27061803784726884,1,13,10,0.0,20,whole,CO,credit_card,0
0.0,115000.0,10.0,15.88,0.1054980343755714,2,39,10,0.0,20,whole,CO,debt_consolidation,0
0.0,71000.0,4.0,19.74,0.12086207398352687,0,26,10,0.0,20,whole,ME,credit_card,0
0.0,31000.0,3.0,1.94,0.00474025974025974,0,12,10,0.0,20,fractional,NY,other,0
0.0,121000.0,2.0,16.05,0.4212045535627412,0,5,10,0.0,20,whole,NY,home_improvement,1
0.0,138000.0,0.0,9.42,0.6493771942480643,0,13,10,0.0,20,whole,FL,debt_consolidation,0
0.0,80000.0,10.0,17.7,0.4575942395896694,0,18,10,0.0,20,whole,FL,credit_card,0
0.0,43600.0,2.0,16.93,0.20133092055338275,0,10,10,0.0,20,whole,FL,other,0
0.0,98000.0,4.0,22.27,0.04953173211542905,2,11,10,0.0,20,whole,TX,credit_card,0
0.0,64000.0,10.0,27.06,0.13589129256221472,0,24,10,0.0,20,whole,CA,vacation,0
0.0,50000.0,10.0,10.54,0.12365165334935113,0,17,10,0.0,20,whole,AL,other,0
0.0,85000.0,0.0,21.14,0.203445444908218,1,25,10,0.0,20,whole,IL,credit_card,0
0.0,170000.0,10.0,5.34,0.21172971527870604,1,20,10,0.0,20,fractional,IN,credit_card,0
0.0,114315.0,10.0,20.41,0.26030544272948825,0,20,10,0.0,20,whole,PA,debt_consolidation,0
0.0,75000.0,7.0,15.22,0.26920191888355866,0,18,10,0.0,20,whole,NJ,debt_consolidation,0
0.0,113000.0,10.0,14.9,0.1591695163654128,0,32,10,0.0,20,fractional,MS,debt_consolidation,0
0.0,25000.0,8.0,28.28,1.0692923882052359,0,11,10,0.0,20,fractional,FL,debt_consolidation,0
0.0,104000.0,10.0,14.03,0.5801263912469345,1,14,10,0.0,20,whole,FL,debt_consolidation,0
0.0,118000.0,1.0,10.59,0.10341423614084039,1,22,10,0.0,20,whole,NC,credit_card,0
0.0,112000.0,3.0,6.98,0.12199957736149265,0,10,10,0.0,20,whole,MD,credit_card,0
0.0,50000.0,4.0,35.55,0.926139119067198,0,11,10,0.0,20,whole,MA,credit_card,0
0.0,35000.0,10.0,12.0,0.4309048723897912,0,28,10,0.0,20,whole,WV,debt_consolidation,0
0.0,37024.0,2.0,8.27,0.6285324232081911,0,10,10,0.0,20,whole,FL,other,0
0.0,50000.0,5.0,16.06,0.5601493277154719,0,12,10,0.0,20,whole,NY,credit_card,0
0.0,37500.0,9.0,21.76,0.14976621594786343,0,16,10,0.0,20,fractional,CO,debt_consolidation,0
0.0,86850.0,10.0,12.42,0.2891640178003814,0,30,10,0.0,20,whole,NJ,debt_consolidation,0
0.0,36000.0,10.0,18.17,0.18750924293271146,0,28,10,0.0,20,whole,OH,credit_card,0
0.0,40000.0,9.0,21.84,0.1463293106214794,0,16,10,0.0,20,whole,MI,debt_consolidation,0
0.0,60000.0,2.0,14.28,0.49022537135052074,1,13,10,0.0,20,whole,NY,other,0
0.0,107000.0,10.0,23.85,0.5767734250926416,0,20,10,0.0,20,whole,IN,credit_card,0
0.0,31000.0,10.0,36.51,0.6138780899288491,0,20,10,0.0,20,fractional,VA,debt_consolidation,0
0.0,55000.0,6.0,21.89,0.6132486596519395,0,46,10,0.0,20,whole,CA,debt_consolidation,0
0.0,117000.0,7.0,15.56,0.23058728244963322,0,21,10,0.0,20,whole,OK,credit_card,0
0.0,95000.0,4.0,15.44,0.9013474584146455,1,9,10,0.0,20,whole,OH,debt_consolidation,0
0.0,100600.0,6.0,13.75,0.6978698850127223,2,14,10,0.0,20,whole,CA,credit_card,0
0.0,30000.0,3.0,3.32,0.3979012345679012,0,4,10,0.0,20,whole,PA,major_purchase,0
0.0,55000.0,0.0,31.29,0.7444000675029533,0,9,10,0.0,20,whole,MI,major_purchase,0
0.0,48000.0,1.0,27.07,0.16905620161113374,0,28,10,0.0,20,whole,WV,debt_consolidation,0
0.0,160000.0,10.0,35.02,0.22399492469277943,0,15,10,0.0,20,whole,NC,debt_consolidation,0
0.0,86000.0,9.0,22.23,0.28229446875324704,0,17,10,0.0,20,whole,TN,home_improvement,0
0.0,45000.0,5.0,20.32,0.5078345020507683,0,14,10,0.0,20,whole,NV,debt_consolidation,0
0.0,55000.0,7.0,17.0,0.11979134891098774,0,18,10,0.0,20,whole,PA,debt_consolidation,0
0.0,48000.0,5.0,35.08,0.9515077246268984,1,15,10,0.0,20,whole,WA,moving,0
0.0,75000.0,5.0,21.36,0.5190631315416403,0,11,10,0.0,20,whole,OH,debt_consolidation,0
0.0,95000.0,10.0,25.06,0.18718988024674707,0,11,10,0.0,20,fractional,TN,debt_consolidation,0
0.0,84000.0,10.0,19.84,0.9814286585923915,0,14,10,0.0,20,whole,MO,debt_consolidation,0
0.0,160000.0,5.0,11.37,0.30360379801467413,0,9,10,0.0,20,whole,GA,house,0
0.0,300000.0,2.0,9.68,0.6171785254591505,0,22,10,0.0,20,whole,TX,debt_consolidation,0
0.0,66800.0,2.0,14.48,0.9046959909771353,0,10,10,0.0,20,whole,TX,major_purchase,0
0.0,85000.0,8.0,18.24,0.5344649113494001,0,13,10,0.0,20,whole,VA,debt_consolidation,0
0.0,13164.0,6.0,4.56,0.008920454545454546,0,18,10,0.0,20,whole,CA,debt_consolidation,0
0.0,56368.0,1.0,22.08,0.38592623149030597,1,27,10,0.0,20,whole,MA,debt_consolidation,0
0.0,120000.0,10.0,19.93,0.1931578737512997,0,19,10,0.0,20,whole,MN,debt_consolidation,0
0.0,91000.0,3.0,14.44,0.7769683257918552,0,23,10,0.0,20,fractional,NY,debt_consolidation,0
0.0,140000.0,3.0,20.31,0.03752663104356039,4,20,10,0.0,20,whole,RI,debt_consolidation,0
0.0,35000.0,4.0,11.04,0.5249414519906324,0,10,10,0.0,20,whole,TX,debt_consolidation,0
0.0,62000.0,10.0,29.11,0.7796509143255583,0,11,10,0.0,20,whole,CA,vacation,0
0.0,45000.0,6.0,24.67,0.7363855577673124,0,6,10,0.0,20,fractional,FL,debt_consolidation,0
0.0,120000.0,5.0,15.0,0.1763563942143274,1,13,10,0.0,20,whole,TX,debt_consolidation,0
0.0,150000.0,10.0,16.54,0.17927161899577956,0,16,10,0.0,20,fractional,IL,credit_card,0
0.0,61000.0,10.0,24.97,0.1899383311030217,0,13,10,0.0,20,whole,KS,debt_consolidation,0
0.0,38500.0,1.0,6.42,0.38436708860759494,2,20,10,0.0,20,fractional,FL,credit_card,0
0.0,40390.0,10.0,14.98,0.35926967654332964,0,14,10,0.0,20,whole,NY,debt_consolidation,0
0.0,30000.0,0.0,23.44,0.14803370786516853,0,23,10,0.0,20,whole,TN,credit_card,0
0.0,90000.0,5.0,23.43,0.3526042486231314,0,28,10,0.0,20,whole,CA,medical,0
0.0,43000.0,1.0,19.62,0.4855555555555556,0,13,10,0.0,20,whole,TX,debt_consolidation,0
0.0,99000.0,9.0,20.69,0.18736648869753608,0,5,10,0.0,20,whole,NJ,credit_card,0
0.0,105000.0,2.0,17.48,0.5210507609292707,0,12,10,0.0,20,whole,CT,debt_consolidation,0
0.0,120000.0,9.0,20.66,0.10492493933818628,0,35,10,0.0,20,whole,MA,house,0
0.0,50000.0,10.0,29.67,0.18683766086260875,0,22,10,0.0,20,fractional,NY,credit_card,1
0.0,110000.0,10.0,29.29,0.17211419553407983,0,21,10,0.0,20,whole,CA,debt_consolidation,0
0.0,103000.0,5.0,12.87,0.36300242130750604,0,6,10,0.0,20,whole,CA,other,0
0.0,360000.0,2.0,6.91,0.6612122190387797,0,10,10,0.0,20,whole,ID,debt_consolidation,0
0.0,85000.0,2.0,19.02,0.6023338276062149,1,10,10,0.0,20,whole,UT,debt_consolidation,0
0.0,72100.0,1.0,30.78,0.36416230469518673,1,16,10,0.0,20,fractional,CO,credit_card,0
0.0,35000.0,3.0,14.81,0.7367142102482831,0,19,10,0.0,20,whole,CA,debt_consolidation,0
0.0,76000.0,0.0,4.09,0.32,0,27,10,0.0,20,whole,CA,debt_consolidation,0
0.0,156000.0,10.0,18.05,0.08757760562606451,0,19,10,0.0,20,whole,TX,home_improvement,0
0.0,147000.0,2.0,18.34,0.17869543043100272,0,22,10,0.0,20,whole,SC,credit_card,0
0.0,50000.0,2.0,20.81,0.8734450621975121,2,16,10,0.0,20,whole,LA,debt_consolidation,0
0.0,150000.0,10.0,10.68,0.053563039723661485,0,16,10,0.0,20,whole,CA,credit_card,0
0.0,130000.0,10.0,31.19,0.48434863542198336,1,22,10,0.0,20,whole,CO,home_improvement,0
0.0,75000.0,10.0,13.76,0.052345202837660997,0,18,10,0.0,20,whole,WA,debt_consolidation,0
0.0,99000.0,10.0,19.55,0.4629662077596996,0,12,10,0.0,20,whole,NV,debt_consolidation,0
0.0,90000.0,2.0,24.99,0.7480270843764156,1,17,10,0.0,20,whole,TX,debt_consolidation,0
0.0,95000.0,10.0,19.63,0.8276455546813533,0,23,10,0.0,20,whole,NY,debt_consolidation,0
0.0,59000.0,9.0,10.2,0.1462230809104189,0,14,10,0.0,20,whole,KS,other,0
0.0,62000.0,10.0,14.52,0.480547068932595,1,20,10,0.0,20,whole,NY,other,0
0.0,70000.0,1.0,2.26,0.23035242290748897,0,4,10,0.0,20,whole,NY,credit_card,0
0.0,50000.0,10.0,4.5,0.6295850132756416,1,17,10,0.0,20,whole,NY,debt_consolidation,0
0.0,50000.0,10.0,21.87,0.49408970976253297,0,21,10,0.0,20,whole,NJ,debt_consolidation,0
0.0,64000.0,0.0,13.22,0.44325053995680347,0,10,10,0.0,20,whole,VA,other,0
0.0,90000.0,10.0,7.96,0.346144578313253,0,22,10,0.0,20,whole,MA,debt_consolidation,0
0.0,32800.0,6.0,29.09,0.4268638344050145,0,16,10,0.0,20,whole,IN,debt_consolidation,0
0.0,200000.0,8.0,16.26,0.21205431792615817,0,20,10,0.0,20,whole,MD,major_purchase,0
0.0,75000.0,10.0,12.58,0.40572669893778973,0,11,10,0.0,20,whole,IL,debt_consolidation,0
0.0,65000.0,4.0,12.98,0.3238740466146832,0,10,10,0.0,20,whole,CA,credit_card,0
0.0,118000.0,10.0,11.49,0.17137505729624927,0,31,10,0.0,20,whole,NC,debt_consolidation,0
0.0,95452.0,9.0,26.08,0.15219020152540097,0,12,10,0.0,20,whole,OH,debt_consolidation,0
0.0,30000.0,8.0,16.16,0.679639913300742,0,23,10,0.0,20,whole,OK,debt_consolidation,0
0.0,107000.0,7.0,28.39,0.20871364314413576,0,12,10,0.0,20,whole,IL,other,0
0.0,56000.0,2.0,24.65,0.929084085728222,0,19,10,0.0,20,whole,IL,debt_consolidation,0
0.0,130000.0,0.0,0.09,0.0032258064516129032,0,14,10,0.0,20,whole,CA,other,0
0.0,48000.0,3.0,20.48,0.7635423423752661,0,14,10,0.0,20,whole,CO,medical,0
0.0,32000.0,6.0,27.53,0.6402546156283303,0,11,10,0.0,20,whole,OH,credit_card,0
0.0,40000.0,5.0,2.97,0.024972841715125565,0,19,10,0.0,20,whole,WI,other,0
0.0,39511.0,10.0,10.08,0.0,0,9,10,0.0,20,whole,MO,debt_consolidation,0
0.0,70000.0,4.0,17.28,0.1673493295226068,0,30,10,0.0,20,whole,MA,debt_consolidation,0
0.0,190000.0,10.0,13.81,0.297505711866098,0,13,10,0.0,20,whole,TX,home_improvement,0
0.0,68200.0,3.0,22.59,0.2652096673063404,0,9,10,0.0,20,whole,GA,debt_consolidation,0
0.0,35860.0,3.0,17.67,0.48306027820710973,0,8,10,0.0,20,whole,CO,debt_consolidation,0
0.0,28600.0,3.0,24.13,0.45983759180717904,0,17,10,0.0,20,whole,NE,debt_consolidation,0
0.0,38000.0,9.0,29.31,0.717407996489881,0,16,10,0.0,20,whole,NV,debt_consolidation,0
0.0,90000.0,2.0,30.31,0.18286672914086816,2,31,10,0.0,20,whole,CA,other,0
0.0,350000.0,8.0,11.98,0.23836929187524972,0,25,10,0.0,20,whole,VT,credit_card,0
0.0,20000.0,0.0,32.65,0.5718837228973412,0,9,10,0.0,20,whole,MD,credit_card,0
0.0,65000.0,10.0,24.19,0.4192811066149705,1,16,10,0.0,20,fractional,NJ,debt_consolidation,0
0.0,51000.0,2.0,22.66,1.0447409507571765,0,18,10,0.0,20,whole,WA,debt_consolidation,0
0.0,130000.0,6.0,23.47,0.26485082578582847,0,31,10,0.0,20,whole,CA,credit_card,0
0.0,143000.0,9.0,22.8,0.30349736163946495,0,13,10,0.0,20,whole,MN,credit_card,0
0.0,71000.0,10.0,10.29,1.3479028132992328,0,30,10,0.0,20,whole,FL,debt_consolidation,0
0.0,118000.0,6.0,16.08,0.20792456424421374,0,41,10,0.0,20,whole,SC,credit_card,0
0.0,232000.0,9.0,12.91,0.1743800573846972,0,22,10,0.0,20,whole,MA,other,0
0.0,30000.0,10.0,8.36,0.030106716886377904,0,12,10,0.0,20,whole,CA,credit_card,0
0.0,66000.0,6.0,9.55,0.09976452306009023,0,3,10,0.0,20,fractional,NC,home_improvement,0
0.0,93000.0,10.0,29.45,0.7796289359017331,0,14,10,0.0,20,whole,GA,debt_consolidation,0
0.0,82000.0,1.0,10.13,0.6827625141136621,0,11,10,0.0,20,fractional,CA,credit_card,0
0.0,78000.0,10.0,4.48,0.016523730224812655,0,22,10,0.0,20,whole,CA,credit_card,0
0.0,40000.0,7.0,22.85,0.5913501726331092,0,10,10,0.0,20,whole,FL,home_improvement,0
0.0,91275.0,10.0,10.73,0.4332764505119454,1,14,10,0.0,20,whole,NY,other,0
0.0,85000.0,3.0,13.07,0.5524242424242424,0,11,10,0.0,20,fractional,CA,debt_consolidation,0
0.0,110000.0,10.0,23.85,0.2583712918217762,1,21,10,0.0,20,whole,FL,debt_consolidation,0
0.0,64000.0,10.0,22.67,0.7395918938294487,0,38,10,0.0,20,whole,MI,credit_card,0
0.0,35000.0,3.0,8.78,0.37762886597938145,0,5,10,0.0,20,whole,WA,other,0
0.0,29415.0,9.0,9.96,1.1075,0,14,10,0.0,20,whole,VA,credit_card,0
0.0,125000.0,6.0,6.15,0.09030473791500578,0,15,10,0.0,20,whole,SC,major_purchase,0
0.0,86000.0,4.0,12.38,0.6687115384615384,0,11,10,0.0,20,whole,VA,credit_card,0
0.0,250000.0,10.0,28.67,0.3092340903301823,0,21,10,0.0,20,whole,OR,credit_card,0
0.0,48000.0,0.0,16.04,0.8155873015873016,0,8,10,0.0,20,fractional,CA,debt_consolidation,0
0.0,111000.0,8.0,14.29,0.22140780926066161,1,28,10,0.0,20,whole,CO,debt_consolidation,0
0.0,35000.0,4.0,36.52,0.5502167265884883,1,19,10,0.0,20,whole,TX,credit_card,0
0.0,32000.0,4.0,20.59,0.2686050922723317,0,11,10,0.0,20,fractional,PA,debt_consolidation,0
0.0,61846.0,7.0,29.07,0.805509835749231,0,15,10,0.0,20,whole,MA,small_business,0
0.0,115000.0,6.0,9.71,0.38506206824910405,0,6,10,0.0,20,whole,WA,debt_consolidation,0
0.0,122000.0,1.0,24.59,0.26613714000055544,0,13,10,0.0,20,whole,MD,small_business,0
0.0,94530.0,10.0,29.64,0.6910370537005496,0,37,10,0.0,20,whole,MN,debt_consolidation,0
0.0,59000.0,10.0,21.79,0.6931254558716266,0,25,10,0.0,20,whole,CA,debt_consolidation,0
0.0,80000.0,2.0,10.62,0.540985493898227,2,12,10,0.0,20,whole,CA,debt_consolidation,0
0.0,62000.0,10.0,13.16,0.36641413234713294,0,21,10,0.0,20,whole,KY,debt_consolidation,0
0.0,157740.0,2.0,18.05,0.3001024079200931,1,14,10,0.0,20,fractional,ID,home_improvement,0
0.0,70000.0,10.0,10.5,0.49419864559819415,0,12,10,0.0,20,whole,SC,debt_consolidation,0
0.0,86000.0,10.0,14.54,0.12713610429099423,1,14,10,0.0,20,whole,MN,debt_consolidation,0
0.0,37000.0,10.0,24.98,0.37379392495533054,0,24,10,0.0,20,fractional,MA,debt_consolidation,0
0.0,164000.0,0.0,8.62,0.2805415364896259,0,31,10,0.0,20,whole,TX,credit_card,0
0.0,25700.0,6.0,17.98,0.08583333333333333,1,27,10,0.0,20,whole,GA,medical,0
0.0,55000.0,10.0,27.53,0.33985969773808,0,12,10,0.0,20,fractional,MN,debt_consolidation,0
0.0,82000.0,5.0,24.41,0.3004999161566194,1,35,10,0.0,20,fractional,NV,home_improvement,0
0.0,55000.0,6.0,30.87,0.19624680783337795,0,22,10,0.0,20,whole,MO,debt_consolidation,0
0.0,101000.0,2.0,15.48,0.5745246672117984,0,19,10,0.0,20,whole,FL,credit_card,0
0.0,82000.0,2.0,17.2,0.5681955159112826,0,6,10,0.0,20,whole,MA,debt_consolidation,0
0.0,55000.0,0.0,16.78,0.32056312281249305,0,14,10,0.0,20,fractional,MO,credit_card,0
0.0,39000.0,0.0,15.17,0.7813566552901023,0,15,10,0.0,20,whole,CA,other,0
0.0,61416.0,6.0,25.95,0.19133656374263924,0,31,10,0.0,20,whole,GA,medical,0
0.0,43125.0,10.0,22.49,0.2665075934930068,0,12,10,0.0,20,fractional,VA,debt_consolidation,0
0.0,220000.0,1.0,13.18,0.24888829311885613,1,25,10,0.0,20,whole,CA,credit_card,0
0.0,94000.0,2.0,38.15,0.6370610515503627,1,22,10,0.0,20,whole,AL,credit_card,0
0.0,70000.0,10.0,25.63,0.21104624229576294,0,11,10,0.0,20,whole,TX,credit_card,0
0.0,70000.0,5.0,35.64,0.27928930148104814,0,24,10,0.0,20,whole,MA,debt_consolidation,0
0.0,85500.0,2.0,22.43,0.4221084337349398,0,6,10,0.0,20,whole,OH,home_improvement,0
0.0,100000.0,3.0,4.38,0.04971781892362355,1,17,10,0.0,20,whole,CA,home_improvement,0
0.0,130000.0,10.0,9.55,0.4999175652059221,0,14,10,0.0,20,whole,CA,debt_consolidation,0
0.0,135000.0,2.0,14.18,0.1085267655735885,0,13,10,0.0,20,whole,CA,debt_consolidation,0
0.0,50000.0,6.0,24.11,0.4650179211469534,0,39,10,0.0,20,whole,GA,credit_card,0
0.0,40000.0,1.0,26.19,0.8775431574215782,0,20,10,0.0,20,whole,SC,debt_consolidation,0
0.0,50000.0,10.0,9.22,0.5682474226804124,0,30,10,0.0,20,fractional,PA,credit_card,0
0.0,46000.0,8.0,7.54,0.37275970619097587,0,8,10,0.0,20,whole,WI,other,0
0.0,27000.0,5.0,27.69,0.308609865470852,0,6,10,0.0,20,whole,TX,other,0
0.0,77500.0,9.0,20.33,0.13464870462071582,0,13,10,0.0,20,whole,TX,other,0
0.0,60000.0,6.0,16.32,0.2351262067417172,0,37,10,0.0,20,whole,AR,debt_consolidation,0
0.0,44000.0,10.0,3.33,0.16235897435897437,0,11,10,0.0,20,whole,AR,debt_consolidation,0
0.0,46002.0,10.0,30.05,0.40293966717982554,0,16,10,0.0,20,whole,MA,debt_consolidation,0
0.0,52000.0,0.0,12.65,0.5708891595615103,0,13,10,0.0,20,whole,AZ,debt_consolidation,0
0.0,150000.0,3.0,8.7,0.6298781169629878,1,20,10,0.0,20,fractional,PA,debt_consolidation,0
0.0,104000.0,10.0,13.39,0.14272678401587935,0,14,10,0.0,20,whole,IN,debt_consolidation,0
0.0,110000.0,6.0,19.4,0.23332956440625266,1,16,10,0.0,20,whole,WV,credit_card,0
0.0,50000.0,5.0,14.33,0.09307827450321624,0,13,10,0.0,20,whole,IN,credit_card,0
0.0,55200.0,8.0,22.17,1.0068107183801955,0,10,10,0.0,20,whole,CO,debt_consolidation,0
0.0,87000.0,3.0,18.41,0.582457529513389,0,20,10,0.0,20,whole,SC,other,0
0.0,98000.0,7.0,19.46,0.45190526104034984,0,13,10,0.0,20,whole,AZ,debt_consolidation,0
0.0,110000.0,10.0,17.35,0.10207272196486053,0,14,10,0.0,20,whole,CA,debt_consolidation,0
0.0,51000.0,5.0,28.24,0.36091682264473124,0,9,10,0.0,20,whole,VA,debt_consolidation,0
0.0,60000.0,10.0,23.58,0.24740203507252653,0,17,10,0.0,20,whole,AL,home_improvement,0
0.0,75000.0,10.0,22.03,0.11541727564442775,0,9,10,0.0,20,whole,CO,debt_consolidation,0
0.0,110000.0,10.0,27.29,0.21876181086188481,0,14,10,0.0,20,whole,VA,debt_consolidation,0
0.0,72000.0,6.0,25.2,0.2157791404192759,0,18,10,0.0,20,fractional,CA,debt_consolidation,0
0.0,25000.0,1.0,15.56,0.7786037167252637,0,4,10,0.0,20,whole,MA,credit_card,0
0.0,90000.0,10.0,15.71,0.16944340801064192,0,14,10,0.0,20,whole,KS,home_improvement,0
0.0,83600.0,10.0,23.94,0.21159655729387286,0,12,10,0.0,20,whole,CA,debt_consolidation,0
0.0,195000.0,5.0,6.55,0.45506480742060323,0,12,10,0.0,20,whole,TN,small_business,0
0.0,61000.0,9.0,11.82,0.3164528179308105,0,15,10,0.0,20,whole,MI,credit_card,0
0.0,63000.0,6.0,9.31,0.3061862247868144,0,16,10,0.0,20,whole,ND,debt_consolidation,0
0.0,50000.0,5.0,20.93,0.4088468809073724,0,9,10,0.0,20,whole,CA,credit_card,0
0.0,65000.0,10.0,24.02,0.5463078988588052,0,18,10,0.0,20,whole,CO,home_improvement,0
0.0,109000.0,10.0,14.76,0.10697674418604651,0,29,10,0.0,20,fractional,TX,house,0
0.0,210000.0,3.0,8.75,0.11020962580079081,3,15,10,0.0,20,whole,NC,home_improvement,0
0.0,83582.0,10.0,21.38,0.2885367576514744,0,17,10,0.0,20,fractional,GA,debt_consolidation,0
0.0,145000.0,10.0,20.75,0.5086991570608845,0,31,10,0.0,20,whole,TX,debt_consolidation,0
0.0,94000.0,6.0,16.07,0.8349860157640479,0,14,10,0.0,20,whole,CO,credit_card,0
0.0,91000.0,2.0,19.57,0.1187848052183274,0,12,10,0.0,20,whole,IL,credit_card,0
0.0,209000.0,10.0,19.76,0.17105163223811914,0,19,10,0.0,20,whole,CA,debt_consolidation,0
0.0,125000.0,3.0,23.77,0.20937077645454283,0,31,10,0.0,20,whole,NV,credit_card,0
0.0,105000.0,2.0,11.61,0.5305935524557426,0,15,10,0.0,20,whole,NY,car,0
0.0,72000.0,10.0,24.86,0.2502343232934569,0,9,10,0.0,20,fractional,PA,debt_consolidation,0
0.0,40800.0,8.0,19.41,0.776597163561997,0,11,10,0.0,20,whole,OH,major_purchase,0
0.0,130000.0,10.0,29.11,0.3202656714880535,0,23,10,0.0,20,fractional,NY,credit_card,0
0.0,71500.0,5.0,5.79,0.3239047619047619,1,19,10,0.0,20,whole,MD,debt_consolidation,0
0.0,70000.0,10.0,22.92,0.7452488888232601,0,17,10,0.0,20,whole,IL,credit_card,0
0.0,70000.0,0.0,27.64,0.8313148279113626,0,12,10,0.0,20,whole,NH,vacation,0
0.0,88000.0,0.0,20.45,0.6171683926282197,0,15,10,0.0,20,whole,TX,debt_consolidation,0
0.0,75000.0,4.0,16.06,0.7403202831613933,0,17,10,0.0,20,whole,NJ,moving,0
0.0,168000.0,5.0,30.87,0.12150720493918317,0,18,10,0.0,20,whole,CA,debt_consolidation,0
0.0,40000.0,2.0,6.15,0.157373417721519,0,37,10,0.0,20,whole,DC,debt_consolidation,0
0.0,165000.0,5.0,14.91,0.28257350040134416,0,10,10,0.0,20,whole,AL,debt_consolidation,0
0.0,52000.0,3.0,30.33,0.19483395512101886,0,25,10,0.0,20,whole,OH,major_purchase,0
0.0,98000.0,2.0,11.34,0.7713538778420344,0,17,10,0.0,20,whole,OH,credit_card,0
0.0,55000.0,4.0,19.42,0.5457456394413336,0,15,10,0.0,20,whole,CA,credit_card,0
0.0,72000.0,10.0,13.48,0.13820823148313757,0,23,10,0.0,20,whole,NJ,debt_consolidation,0
0.0,115000.0,6.0,23.89,0.4294778410127926,0,25,10,0.0,20,whole,MO,credit_card,0
0.0,160000.0,10.0,12.48,0.3070699278275296,0,25,10,0.0,20,whole,TX,debt_consolidation,0
0.0,25000.0,6.0,27.7,0.5515277555591105,0,12,10,0.0,20,fractional,WA,debt_consolidation,0
0.0,375000.0,0.0,13.82,0.4800090053664633,0,22,10,0.0,20,whole,CA,debt_consolidation,0
0.0,72000.0,6.0,25.96,0.28758516881058166,0,24,10,0.0,20,fractional,ID,debt_consolidation,0
0.0,39000.0,10.0,22.09,0.5044879518072289,0,25,10,0.0,20,whole,CA,debt_consolidation,0
0.0,200000.0,0.0,8.41,0.75221764398942,1,23,10,0.0,20,fractional,CA,debt_consolidation,0
0.0,72000.0,6.0,20.1,0.163916792971556,0,16,10,0.0,20,whole,GA,major_purchase,0
0.0,95000.0,6.0,22.33,0.10510646549805762,0,18,10,0.0,20,whole,MD,credit_card,0
0.0,42700.0,2.0,17.09,0.6806872219665593,0,21,10,0.0,20,whole,KS,debt_consolidation,0
0.0,58000.0,3.0,6.31,0.0956396866840731,0,22,10,0.0,20,fractional,CA,debt_consolidation,0
0.0,25000.0,6.0,20.07,0.7334254143646409,0,14,10,0.0,20,whole,NE,credit_card,0
0.0,90000.0,10.0,24.61,0.04123236124176858,0,39,10,0.0,20,whole,TX,debt_consolidation,0
0.0,24000.0,6.0,5.5,0.24807692307692308,0,16,10,0.0,20,whole,NC,debt_consolidation,0
0.0,92000.0,10.0,5.54,0.07182291666666667,1,12,10,0.0,20,whole,NJ,debt_consolidation,0
0.0,150000.0,6.0,13.81,0.46566472331071396,1,15,10,0.0,20,fractional,OK,home_improvement,0
0.0,40758.0,8.0,31.51,0.5657627118644067,0,17,10,0.0,20,whole,MA,debt_consolidation,0
0.0,103000.0,7.0,6.58,0.21922337870296238,0,31,10,0.0,20,whole,CA,other,0
0.0,80000.0,8.0,17.04,0.8410678024862562,1,17,10,0.0,20,whole,CA,debt_consolidation,0
0.0,43000.0,4.0,16.33,0.5123619581341684,0,16,10,0.0,20,whole,FL,debt_consolidation,0
0.0,72000.0,8.0,26.38,0.15078269726111312,0,13,10,0.0,20,whole,FL,debt_consolidation,0
0.0,81200.0,1.0,21.73,0.9982529473425388,0,16,10,0.0,20,whole,VA,other,0
0.0,47000.0,6.0,3.93,0.16827906976744186,1,27,10,0.0,20,whole,MI,credit_card,0
0.0,100000.0,0.0,2.0,0.1426866035795821,1,24,10,0.0,20,whole,RI,debt_consolidation,0
0.0,150000.0,4.0,12.78,0.2374486858303435,0,14,10,0.0,20,whole,WA,debt_consolidation,0
0.0,33000.0,7.0,4.98,0.09052435402147115,0,14,10,0.0,20,whole,UT,home_improvement,0
0.0,41000.0,7.0,20.99,1.4700565588229946,0,17,10,0.0,20,whole,CA,credit_card,0
0.0,113000.0,10.0,14.76,0.045777706799320875,0,6,10,0.0,20,whole,SC,debt_consolidation,0
0.0,315000.0,10.0,4.41,0.04787510698078887,0,15,10,0.0,20,whole,CA,home_improvement,0
0.0,47757.0,3.0,25.11,0.9175826959120612,0,8,10,0.0,20,whole,IN,debt_consolidation,0
0.0,90000.0,10.0,19.83,0.6713299823075211,0,16,10,0.0,20,whole,WA,debt_consolidation,0
0.0,30000.0,0.0,18.84,0.6521107042860219,0,5,10,0.0,20,whole,CT,credit_card,0
0.0,93000.0,2.0,0.32,0.33177936075784137,0,6,10,0.0,20,fractional,DE,other,0
0.0,80000.0,3.0,0.38,0.0008083832335329342,0,10,10,0.0,20,fractional,FL,other,1
0.0,60000.0,6.0,19.12,0.12812662468950378,1,27,10,0.0,20,whole,AL,major_purchase,0
0.0,38000.0,4.0,0.79,0.01975371013577518,0,15,10,0.0,20,whole,KY,other,0
0.0,135000.0,3.0,8.57,0.20803036498426639,0,11,10,0.0,20,fractional,GA,debt_consolidation,0
0.0,116750.0,6.0,22.98,0.1833427297421967,1,31,10,0.0,20,whole,TX,home_improvement,0
0.0,95000.0,10.0,8.93,0.6545585374303761,0,13,10,0.0,20,whole,VA,other,0
0.0,155000.0,10.0,23.74,0.6403095715417968,0,19,10,0.0,20,fractional,NV,credit_card,0
0.0,62100.0,10.0,35.25,0.1868943190195848,0,21,10,0.0,20,fractional,CT,debt_consolidation,0
0.0,55000.0,2.0,20.42,0.3288516560232553,1,18,10,0.0,20,fractional,TN,debt_consolidation,0
0.0,80000.0,2.0,27.5,0.2153656905364735,0,12,10,0.0,20,whole,MA,major_purchase,0
0.0,130000.0,3.0,8.22,0.6246025540787074,0,11,10,0.0,20,fractional,AR,debt_consolidation,0
0.0,129000.0,10.0,25.3,0.16545221518203257,0,15,10,0.0,20,whole,AK,credit_card,0
0.0,47500.0,8.0,6.9,0.6530526315789473,0,6,10,0.0,20,fractional,TX,debt_consolidation,0
0.0,60000.0,10.0,8.28,0.9849696969696969,0,14,10,0.0,20,whole,NY,debt_consolidation,0
0.0,230000.0,6.0,15.16,0.616691697955778,0,19,10,0.0,20,whole,MN,major_purchase,0
0.0,85000.0,4.0,13.98,0.2675531914893617,0,11,10,0.0,20,whole,MD,major_purchase,0
0.0,70000.0,9.0,16.6,0.37583343435567945,0,21,10,0.0,20,whole,PA,debt_consolidation,0
0.0,65000.0,5.0,24.82,0.5601326521466344,0,4,10,0.0,20,whole,MI,debt_consolidation,0
0.0,100000.0,2.0,10.16,0.1623222358475026,0,23,10,0.0,20,whole,AZ,major_purchase,0
0.0,40000.0,10.0,14.93,0.1473974082073434,0,19,10,0.0,20,whole,GA,debt_consolidation,0
0.0,33000.0,8.0,2.36,0.09057692307692308,0,12,10,0.0,20,whole,CT,debt_consolidation,0
0.0,107533.0,10.0,7.23,0.39977635782747606,0,17,10,0.0,20,whole,CA,debt_consolidation,0
0.0,140000.0,3.0,25.12,0.6775774094895071,0,14,10,0.0,20,whole,NC,debt_consolidation,0
0.0,200000.0,7.0,17.19,0.3683221136986853,0,17,10,0.0,20,whole,NY,debt_consolidation,0
0.0,135000.0,10.0,2.79,0.05612062457785371,0,15,10,0.0,20,whole,AL,moving,0
0.0,77177.88,10.0,28.27,0.2623339532412327,0,20,10,0.0,20,whole,OK,debt_consolidation,0
0.0,85000.0,4.0,2.84,0.16604221635883906,0,4,10,0.0,20,whole,CA,debt_consolidation,0
0.0,20000.0,2.0,33.46,0.7536441199283211,0,4,10,0.0,20,fractional,AR,debt_consolidation,0
0.0,84500.0,10.0,29.19,0.21716699737566408,0,25,10,0.0,20,whole,MO,credit_card,0
0.0,48000.0,6.0,15.95,0.6014705882352941,0,33,10,0.0,20,whole,PA,major_purchase,0
0.0,31000.0,1.0,29.89,0.4082520492741677,0,10,10,0.0,20,whole,CA,credit_card,0
0.0,66000.0,1.0,2.44,0.08849425287356322,0,18,10,0.0,20,whole,AZ,major_purchase,0
0.0,62000.0,8.0,21.82,0.10947180301826846,0,31,10,0.0,20,whole,WI,debt_consolidation,0
0.0,18000.0,6.0,10.09,0.04171658158093588,0,15,10,0.0,20,whole,AZ,credit_card,0
0.0,35790.0,4.0,32.03,0.6455835595191934,0,4,10,0.0,20,fractional,NV,credit_card,0
0.0,30000.0,3.0,26.56,0.08707839819514947,0,24,10,0.0,20,whole,IN,debt_consolidation,0
0.0,45000.0,10.0,2.43,0.01022115959354453,0,19,10,0.0,20,whole,GA,home_improvement,0
0.0,31000.0,2.0,15.64,0.9186040268456376,0,10,10,0.0,20,fractional,NV,debt_consolidation,0
0.0,100000.0,9.0,14.54,0.12496996482437793,0,25,10,0.0,20,whole,AL,credit_card,0
0.0,31700.0,4.0,17.31,0.17905082463816896,0,7,10,0.0,20,whole,TX,debt_consolidation,0
0.0,42000.0,3.0,37.34,0.4474196752183054,0,13,10,0.0,20,whole,MO,debt_consolidation,0
0.0,65000.0,1.0,19.42,0.3287576835083657,1,6,10,0.0,20,whole,FL,other,0
0.0,115000.0,6.0,11.57,0.07612854335196012,0,12,10,0.0,20,whole,AZ,credit_card,0
0.0,158000.0,10.0,2.32,0.10134861376396365,0,16,10,0.0,20,whole,CA,debt_consolidation,0
0.0,62400.0,1.0,12.76,0.04103894400501328,0,14,10,0.0,20,whole,CO,home_improvement,0
0.0,36000.0,1.0,18.77,0.5022020725388601,0,4,10,0.0,20,fractional,AZ,debt_consolidation,0
0.0,85000.0,6.0,13.23,0.9730151492121396,0,13,10,0.0,20,whole,GA,small_business,0
0.0,56400.0,6.0,1.98,0.46359375,0,14,10,0.0,20,whole,IN,debt_consolidation,0
0.0,105000.0,2.0,19.41,0.7071482754422603,0,17,10,0.0,20,whole,MA,credit_card,0
0.0,38000.0,4.0,21.73,0.7340243438569798,0,28,10,0.0,20,whole,KS,debt_consolidation,0
0.0,115000.0,6.0,7.87,0.06780490968641567,0,13,10,0.0,20,whole,MS,house,0
0.0,77017.0,10.0,20.18,0.2642494462943153,0,13,10,0.0,20,fractional,WY,home_improvement,0
0.0,55000.0,10.0,0.55,0.10066666666666667,0,16,10,0.0,20,whole,OR,other,0
0.0,48000.0,4.0,0.68,0.09958823529411764,0,30,10,0.0,20,fractional,TX,credit_card,0
0.0,220000.0,10.0,9.19,0.2660509656335237,0,26,10,0.0,20,whole,CA,debt_consolidation,0
0.0,59000.0,6.0,18.28,0.6271562870790106,0,11,10,0.0,20,whole,CA,debt_consolidation,0
0.0,72000.0,10.0,20.18,0.6668073326356301,0,28,10,0.0,20,whole,IL,medical,0
0.0,84000.0,6.0,17.43,0.11506756144010157,0,16,10,0.0,20,whole,WA,debt_consolidation,0
0.0,66920.0,4.0,12.32,0.16254089514456682,0,11,10,0.0,20,whole,TN,credit_card,0
0.0,96000.0,10.0,15.96,0.040243281110686535,0,26,10,0.0,20,whole,CA,vacation,0
0.0,26000.0,5.0,18.19,0.5813349363447047,1,14,10,0.0,20,whole,OH,credit_card,0
0.0,76000.0,0.0,25.09,0.760064104449084,0,10,10,0.0,20,whole,NJ,credit_card,0
0.0,55000.0,2.0,12.7,0.764136627111476,2,10,10,0.0,20,fractional,CA,credit_card,0
0.0,78000.0,10.0,33.14,0.31428869141623494,0,18,10,0.0,20,whole,WI,house,0
0.0,110000.0,6.0,18.61,0.4441886518361669,0,16,10,0.0,20,whole,FL,debt_consolidation,0
0.0,58000.0,3.0,20.82,0.3044198399164498,0,8,10,0.0,20,whole,IN,debt_consolidation,0
0.0,48000.0,4.0,27.87,0.8080430492649807,0,30,10,0.0,20,whole,GA,home_improvement,0
0.0,90000.0,10.0,19.49,0.30737123333846583,0,20,10,0.0,20,fractional,MO,small_business,0
0.0,62000.0,10.0,29.95,0.5579596887108853,0,8,10,0.0,20,whole,CA,debt_consolidation,0
0.0,132000.0,0.0,9.13,0.14741061817271928,0,20,10,0.0,20,whole,NC,credit_card,0
0.0,280000.0,0.0,18.64,0.38541984526425976,0,14,10,0.0,20,whole,MI,debt_consolidation,0
0.0,62000.0,1.0,9.16,0.6404838072418144,0,12,10,0.0,20,fractional,TN,home_improvement,1
0.0,223500.0,10.0,15.22,0.6445000395538327,0,29,10,0.0,20,whole,MI,major_purchase,0
0.0,80000.0,10.0,8.87,0.12845740767985875,0,13,10,0.0,20,fractional,AZ,credit_card,0
0.0,208000.0,2.0,19.59,0.40045298270702123,0,17,10,0.0,20,whole,IN,home_improvement,0
0.0,69116.0,1.0,20.33,0.16923562880596238,1,26,10,0.0,20,fractional,AL,debt_consolidation,0
0.0,75000.0,2.0,5.34,0.18268421052631578,0,16,10,0.0,20,whole,WA,other,0
0.0,45000.0,2.0,9.63,0.3539568345323741,0,9,10,0.0,20,whole,IN,major_purchase,0
0.0,150000.0,10.0,23.75,0.5828726581591094,0,14,10,0.0,20,whole,NY,debt_consolidation,0
0.0,80000.0,10.0,16.23,0.0988693218134932,0,21,10,0.0,20,fractional,OR,debt_consolidation,0
0.0,60000.0,1.0,10.32,0.07490519373454246,0,8,10,0.0,20,whole,WA,debt_consolidation,0
0.0,80000.0,10.0,10.23,0.10123407566510827,0,40,10,0.0,20,whole,GA,credit_card,0
0.0,40000.0,0.0,4.17,0.48009984365142494,0,5,10,0.0,20,whole,NV,credit_card,0
0.0,30000.0,6.0,17.0,0.04208484188403269,0,16,10,0.0,20,whole,GA,medical,0
0.0,75000.0,9.0,35.26,0.24876858923248313,0,11,10,0.0,20,whole,TX,debt_consolidation,0
0.0,120000.0,10.0,7.73,0.058811805786228744,0,16,10,0.0,20,fractional,CO,small_business,0
0.0,50000.0,4.0,14.4,0.7475728155339806,3,12,10,0.0,20,whole,PA,major_purchase,0
0.0,59000.0,10.0,31.14,0.19848396002834176,0,14,10,0.0,20,fractional,TX,home_improvement,0
0.0,60000.0,2.0,17.64,0.12231718898385566,0,6,10,0.0,20,whole,IN,debt_consolidation,0
0.0,70000.0,1.0,33.55,0.15916342655640422,0,13,10,0.0,20,whole,TX,debt_consolidation,0
0.0,172000.0,9.0,14.01,0.8984556296917646,0,12,10,0.0,20,fractional,AL,debt_consolidation,0
0.0,170000.0,2.0,14.46,0.6123911541119558,0,8,10,0.0,20,whole,MA,small_business,0
0.0,95000.0,5.0,27.25,0.38436752350188097,1,13,10,0.0,20,whole,MD,home_improvement,0
0.0,58000.0,10.0,21.73,0.1799555830805461,0,33,10,0.0,20,whole,AZ,credit_card,0
0.0,68000.0,0.0,18.76,1.1267280769978611,0,13,10,0.0,20,whole,VA,debt_consolidation,0
0.0,65000.0,10.0,9.55,0.11269698910954516,0,35,10,0.0,20,whole,TX,other,0
0.0,70000.0,10.0,20.33,0.1019526938239159,0,21,10,0.0,20,whole,GA,debt_consolidation,0
0.0,300000.0,3.0,19.95,0.40166011088054016,0,21,10,0.0,20,whole,FL,credit_card,0
0.0,41000.0,2.0,13.11,0.4682773322505329,0,5,10,0.0,20,whole,FL,other,0
0.0,75000.0,4.0,17.51,0.3816381005900534,0,19,10,0.0,20,whole,NY,debt_consolidation,0
0.0,65000.0,10.0,27.81,0.7798783137766189,0,12,10,0.0,20,whole,ND,debt_consolidation,0
0.0,84646.0,10.0,2.48,0.015791603783933034,0,14,10,0.0,20,whole,CA,credit_card,0
0.0,45000.0,3.0,23.97,0.5689293531128404,0,8,10,0.0,20,whole,NY,vacation,0
0.0,23500.0,1.0,26.66,0.9155287009063444,0,5,10,0.0,20,fractional,NY,debt_consolidation,0
0.0,73000.0,3.0,20.47,0.15557967067139628,0,18,10,0.0,20,whole,LA,debt_consolidation,0
0.0,190000.0,6.0,10.67,0.4723446075689079,0,12,10,0.0,20,whole,TX,credit_card,0
0.0,36000.0,0.0,26.83,0.5239887686172378,0,5,10,0.0,20,fractional,NY,debt_consolidation,0
0.0,46310.0,4.0,16.19,0.5446376811594202,0,17,10,0.0,20,whole,CA,debt_consolidation,0
0.0,35000.0,0.0,26.3,0.21459706384907765,0,11,10,0.0,20,whole,TN,home_improvement,0
0.0,50000.0,3.0,10.78,0.3442560553633218,0,26,10,0.0,20,whole,TX,debt_consolidation,0
0.0,80000.0,9.0,28.22,0.5774304783618484,0,10,10,0.0,20,whole,GA,debt_consolidation,0
0.0,109000.0,10.0,6.79,0.8221863405872695,0,16,10,0.0,20,whole,CA,debt_consolidation,0
0.0,68000.0,2.0,32.32,0.8488905533189777,0,15,10,0.0,20,whole,GA,debt_consolidation,0
0.0,56000.0,0.0,32.9,0.41183933712261017,0,10,10,0.0,20,fractional,NY,medical,0
0.0,34000.0,2.0,16.98,0.7901876008981091,8,12,10,0.0,20,fractional,TX,credit_card,0
0.0,99000.0,10.0,7.89,0.7908127208480565,0,22,10,0.0,20,whole,VA,debt_consolidation,0
0.0,38000.0,7.0,21.73,0.6921424419339348,0,19,10,0.0,20,whole,NY,debt_consolidation,0
0.0,55000.0,6.0,35.36,0.3834034778636912,0,13,10,0.0,20,whole,OH,debt_consolidation,0
0.0,204000.0,4.0,6.3,0.5655503775152632,0,12,10,0.0,20,whole,FL,debt_consolidation,0
0.0,209000.0,6.0,15.9,0.3124617604289093,0,19,10,0.0,20,whole,NJ,debt_consolidation,0
0.0,55000.0,3.0,4.67,1.1763406583752714,0,13,10,0.0,20,whole,MS,credit_card,0
0.0,80000.0,10.0,29.62,0.6312803003608705,0,40,10,0.0,20,whole,NC,debt_consolidation,0
0.0,83200.0,10.0,22.8,0.4145707173904967,0,12,10,0.0,20,whole,KY,other,0
0.0,225000.0,10.0,5.13,0.3434271801054299,0,18,10,0.0,20,whole,IL,debt_consolidation,0
0.0,90000.0,5.0,2.19,0.16357142857142856,0,9,10,0.0,20,whole,VA,debt_consolidation,0
0.0,99000.0,10.0,17.78,0.18616513251465897,0,36,10,0.0,20,whole,NC,credit_card,0
0.0,45000.0,10.0,22.19,0.267407799816145,0,25,10,0.0,20,fractional,NJ,debt_consolidation,0
0.0,45000.0,7.0,25.92,0.9286972203045971,0,10,10,0.0,20,whole,CO,credit_card,0
0.0,61000.0,10.0,19.28,0.43922585794094177,0,28,10,0.0,20,whole,PA,debt_consolidation,0
0.0,248000.0,3.0,13.95,0.5367128298928665,0,22,10,0.0,20,whole,MS,credit_card,0
0.0,80000.0,0.0,16.16,0.734853321502386,0,8,10,0.0,20,whole,IN,credit_card,0
0.0,95000.0,3.0,10.38,0.18035862068965516,0,13,10,0.0,20,whole,IN,debt_consolidation,0
0.0,60000.0,2.0,2.72,0.2457777777777778,0,6,10,0.0,20,whole,NJ,medical,0
0.0,85000.0,5.0,3.52,0.597032967032967,0,15,10,0.0,20,fractional,NC,credit_card,0
0.0,101500.0,10.0,25.96,0.33021295358882347,0,18,10,0.0,20,whole,MO,credit_card,0
0.0,43000.0,3.0,25.87,0.8202994255732959,0,3,10,0.0,20,whole,NY,debt_consolidation,0
0.0,65000.0,10.0,17.65,0.24542657803658738,0,34,10,0.0,20,whole,MA,debt_consolidation,0
0.0,40000.0,10.0,5.65,0.8360294117647059,0,22,10,0.0,20,whole,CA,other,0
0.0,76000.0,10.0,20.31,0.3870211723580896,0,11,10,0.0,20,whole,CA,credit_card,0
0.0,82000.0,6.0,30.65,0.5569007877206757,0,12,10,0.0,20,whole,CA,credit_card,0
0.0,33000.0,3.0,22.16,0.5482771744421727,0,10,10,0.0,20,whole,SC,debt_consolidation,0
0.0,50000.0,10.0,28.33,0.09761046410335446,0,23,10,0.0,20,fractional,FL,major_purchase,0
0.0,52000.0,0.0,18.28,0.6974389967515298,0,12,10,0.0,20,whole,MI,credit_card,0
0.0,36000.0,1.0,14.67,0.752538188771324,0,11,10,0.0,20,whole,TX,credit_card,0
0.0,38000.0,0.0,24.42,0.7317116372439039,0,4,10,0.0,20,fractional,NC,debt_consolidation,0
0.0,60000.0,5.0,14.36,0.6269450462871775,0,15,10,0.0,20,fractional,FL,small_business,0
0.0,89000.0,10.0,17.65,0.11298020579788536,0,33,10,0.0,20,whole,GA,debt_consolidation,0
0.0,98000.0,2.0,17.92,0.4210207336523126,0,19,10,0.0,20,fractional,MD,credit_card,0
0.0,116000.0,3.0,19.63,0.84071287810066,0,12,10,0.0,20,fractional,VA,debt_consolidation,0
0.0,67400.0,5.0,35.48,0.3426346605611801,0,20,10,0.0,20,whole,IL,credit_card,0
0.0,108869.0,10.0,30.14,0.13037159747103114,0,30,10,0.0,20,whole,FL,small_business,0
0.0,38168.0,10.0,23.74,0.5215758179940898,0,11,10,0.0,20,whole,TX,debt_consolidation,0
0.0,65000.0,3.0,14.22,0.41844656120179596,0,15,10,0.0,20,whole,NH,credit_card,0
0.0,35000.0,7.0,15.23,0.6779166666666666,0,12,10,0.0,20,whole,NJ,credit_card,0
0.0,125000.0,7.0,25.07,0.18760385851034583,1,28,10,0.0,20,whole,PA,credit_card,0
0.0,57895.0,10.0,30.03,0.5197668480462078,0,19,10,0.0,20,whole,MA,debt_consolidation,0
0.0,80000.0,10.0,24.17,0.6227772848269743,0,31,10,0.0,20,whole,ND,debt_consolidation,0
0.0,139000.0,10.0,13.55,0.13209755551199842,0,21,10,0.0,20,whole,CT,debt_consolidation,0
0.0,30000.0,4.0,20.54,0.7073984663447884,0,14,10,0.0,20,whole,FL,other,0
0.0,50000.0,10.0,4.7,0.34148026315789476,0,6,10,0.0,20,whole,SC,medical,0
0.0,65000.0,6.0,24.0,0.5209175012172814,0,11,10,0.0,20,whole,IL,debt_consolidation,0
0.0,65000.0,2.0,3.67,0.011377581120943952,3,22,10,0.0,20,fractional,NJ,other,0
0.0,135000.0,10.0,12.4,0.16326807616000186,0,15,10,0.0,20,whole,AZ,major_purchase,0
0.0,120000.0,10.0,5.82,0.5914606741573034,0,23,10,0.0,20,whole,CA,other,0
0.0,45000.0,10.0,9.68,0.3246342718517974,0,19,10,0.0,20,whole,MN,home_improvement,0
0.0,59990.0,6.0,10.0,0.6690710161077905,0,14,10,0.0,20,whole,CT,debt_consolidation,0
0.0,89000.0,10.0,21.48,0.8132655333679757,0,7,10,0.0,20,fractional,KY,debt_consolidation,0
0.0,65000.0,6.0,4.87,0.06150969539403601,0,7,10,0.0,20,whole,MD,debt_consolidation,0
0.0,62000.0,10.0,35.5,0.4070978172999192,0,33,10,0.0,20,fractional,CT,credit_card,0
0.0,100000.0,6.0,22.47,0.2468069183435889,0,7,10,0.0,20,whole,FL,debt_consolidation,0
0.0,134000.0,8.0,22.44,0.5385840436935327,0,13,10,0.0,20,whole,OH,credit_card,0
0.0,112000.0,5.0,17.65,0.26294825770933494,0,18,10,0.0,20,whole,IL,debt_consolidation,0
0.0,114000.0,2.0,16.28,0.4468144333484116,0,18,10,0.0,20,whole,TX,debt_consolidation,0
0.0,87000.0,4.0,10.0,0.8384905286125162,0,13,10,0.0,20,whole,AL,credit_card,0
0.0,30000.0,8.0,5.56,0.9601285371104109,0,15,10,0.0,20,whole,TX,medical,0
0.0,52000.0,3.0,27.77,0.786569882609447,0,12,10,0.0,20,whole,SC,other,0
0.0,67846.0,6.0,11.53,0.14193364928909952,0,14,10,0.0,20,whole,NY,home_improvement,0
0.0,140000.0,0.0,11.85,0.5670912547528517,0,12,10,0.0,20,whole,NY,debt_consolidation,0
0.0,50000.0,10.0,16.56,0.865195246179966,0,21,10,0.0,20,whole,NY,debt_consolidation,0
0.0,125000.0,10.0,11.29,0.0687346734767193,0,16,10,0.0,20,fractional,NY,home_improvement,0
0.0,70000.0,10.0,25.01,0.250460011523521,0,23,10,0.0,20,whole,IL,debt_consolidation,0
0.0,72000.0,3.0,25.55,0.5691475900149545,0,13,10,0.0,20,whole,NJ,debt_consolidation,0
0.0,36000.0,2.0,7.97,0.9780890953585798,1,12,10,0.0,20,fractional,WI,credit_card,0
0.0,170000.0,6.0,25.47,0.16475253955066232,0,21,10,0.0,20,whole,ID,credit_card,0
0.0,125000.0,8.0,3.19,0.4716149068322981,2,9,10,0.0,20,whole,IL,home_improvement,0
0.0,80000.0,4.0,28.99,0.21008030345829465,0,19,10,0.0,20,whole,OH,debt_consolidation,0
0.0,42000.0,6.0,17.63,0.7008220304151254,2,28,10,0.0,20,whole,WA,debt_consolidation,0
0.0,120000.0,10.0,16.11,0.1828138587394119,0,29,10,0.0,20,whole,VA,other,0
0.0,125000.0,10.0,9.02,0.0,0,12,10,0.0,20,whole,CA,debt_consolidation,0
0.0,100000.0,0.0,16.94,0.4634580291970803,1,11,10,0.0,20,whole,NY,debt_consolidation,0
0.0,43000.0,2.0,17.14,0.562994325997249,0,10,10,0.0,20,whole,PA,credit_card,0
0.0,58000.0,10.0,10.53,0.42505283381364073,0,21,10,0.0,20,fractional,TX,other,0
0.0,110000.0,1.0,6.72,0.29764505119453927,0,4,10,0.0,20,fractional,CA,debt_consolidation,0
0.0,162000.0,9.0,26.48,0.24438123731831546,0,12,10,0.0,20,whole,AZ,credit_card,0
0.0,152000.0,1.0,17.04,0.0035714285714285713,0,12,10,0.0,20,whole,MI,debt_consolidation,0
0.0,76289.0,6.0,7.14,0.5286803819778247,0,15,10,0.0,20,whole,OK,medical,0
0.0,185000.0,1.0,9.22,0.4596585365853659,0,18,10,0.0,20,whole,CA,credit_card,0
0.0,35000.0,1.0,10.29,0.6101145038167939,0,6,10,0.0,20,whole,OR,debt_consolidation,0
0.0,50000.0,2.0,31.88,0.7855481960077839,0,17,10,0.0,20,whole,NY,credit_card,0
0.0,91000.0,1.0,11.79,0.585359477124183,0,9,10,0.0,20,whole,MA,debt_consolidation,0
0.0,62000.0,8.0,21.72,0.21638546971113304,0,8,10,0.0,20,whole,WI,credit_card,0
0.0,34000.0,0.0,14.05,1.0271562623587358,0,10,10,0.0,20,whole,AZ,debt_consolidation,0
0.0,63360.0,6.0,17.37,0.6922409519087754,1,10,10,0.0,20,whole,TX,other,0
0.0,30000.0,10.0,22.0,0.5843333333333334,1,47,10,0.0,20,whole,NE,debt_consolidation,0
0.0,108000.0,6.0,9.63,0.1487558562132144,0,17,10,0.0,20,fractional,NC,debt_consolidation,0
0.0,29000.0,2.0,10.89,0.8512962962962963,0,16,10,0.0,20,fractional,PA,other,0
0.0,27000.0,1.0,18.22,0.49186046511627907,0,19,10,0.0,20,fractional,WI,credit_card,0
0.0,125000.0,10.0,12.03,0.3553221610323384,0,17,10,0.0,20,whole,TX,debt_consolidation,0
0.0,155000.0,1.0,27.84,0.28335994729719083,0,21,10,0.0,20,whole,AZ,debt_consolidation,0
0.0,47000.0,1.0,31.92,0.6992862558498262,0,12,10,0.0,20,whole,CO,debt_consolidation,0
0.0,24000.0,6.0,23.2,0.403112073215166,0,16,10,0.0,20,whole,NJ,debt_consolidation,0
0.0,35000.0,9.0,18.66,0.09632355828840403,0,19,10,0.0,20,whole,ME,home_improvement,0
0.0,100000.0,3.0,12.67,0.23648580001490102,0,19,10,0.0,20,whole,NC,credit_card,0
0.0,171000.0,6.0,7.85,0.7916742081447964,0,7,10,0.0,20,whole,CA,credit_card,0
0.0,27000.0,6.0,5.61,0.5775531914893617,0,28,10,0.0,20,fractional,MA,debt_consolidation,0
0.0,242000.0,6.0,32.7,0.12330124137077052,0,47,10,0.0,20,whole,CA,debt_consolidation,0
0.0,45000.0,3.0,24.91,0.6097641509433962,0,16,10,0.0,20,whole,NY,debt_consolidation,0
0.0,102004.0,10.0,14.49,0.6408476483587998,0,12,10,0.0,20,whole,AZ,debt_consolidation,0
0.0,180000.0,10.0,9.31,0.25296662029540773,0,12,10,0.0,20,whole,IL,credit_card,0
0.0,78000.0,10.0,30.68,0.22767104538398625,0,21,10,0.0,20,whole,OH,debt_consolidation,0
0.0,40000.0,10.0,24.27,0.535564603041552,0,23,10,0.0,20,whole,MD,debt_consolidation,0
0.0,160482.0,10.0,36.19,0.24621671439302076,0,25,10,0.0,20,whole,OK,debt_consolidation,0
0.0,32000.0,10.0,2.51,0.01814207650273224,0,13,10,0.0,20,whole,AZ,other,0
0.0,41000.0,10.0,8.99,0.16161060282956136,0,13,10,0.0,20,whole,FL,debt_consolidation,0
0.0,200000.0,3.0,2.28,0.18108910891089108,0,6,10,0.0,20,whole,NJ,debt_consolidation,0
0.0,106080.0,10.0,22.79,0.19577414226370582,0,19,10,0.0,20,whole,IL,debt_consolidation,0
0.0,30000.0,3.0,8.92,0.97363216875412,0,12,10,0.0,20,whole,NJ,debt_consolidation,0
0.0,55000.0,6.0,18.68,0.10435051546391752,0,25,10,0.0,20,whole,IL,credit_card,0
0.0,70566.0,10.0,15.18,0.04618054317465977,0,29,10,0.0,20,fractional,NJ,car,0
0.0,43000.0,6.0,31.37,0.6962998405103669,0,35,10,0.0,20,fractional,IL,debt_consolidation,0
0.0,88251.0,5.0,0.27,0.0018330921369995176,0,10,10,0.0,20,whole,OH,major_purchase,0
0.0,55000.0,2.0,11.37,0.0672,0,14,10,0.0,20,whole,WI,debt_consolidation,0
0.0,45000.0,2.0,16.34,0.5934905660377359,1,15,10,0.0,20,whole,NY,debt_consolidation,0
0.0,137048.0,4.0,15.01,0.1712695568612927,0,27,10,0.0,20,whole,SD,debt_consolidation,0
0.0,55000.0,2.0,13.38,0.5765721818011977,0,10,10,0.0,20,whole,TX,other,0
0.0,40000.0,5.0,24.72,0.31291246420122026,0,8,10,0.0,20,fractional,FL,debt_consolidation,0
0.0,65000.0,10.0,10.67,0.5693430656934306,2,13,10,0.0,20,fractional,CA,home_improvement,0
0.0,64400.0,10.0,19.36,0.5903814969702142,0,18,10,0.0,20,whole,NE,debt_consolidation,0
0.0,180000.0,1.0,0.17,0.0008751581611134542,1,6,10,0.0,20,whole,NY,major_purchase,0
0.0,75000.0,6.0,17.39,0.300884388618303,0,14,10,0.0,20,whole,FL,debt_consolidation,0
0.0,60000.0,10.0,18.74,0.4304522548957071,0,25,10,0.0,20,whole,AL,house,0
0.0,55000.0,1.0,29.11,0.24585036804996072,0,28,10,0.0,20,whole,TX,debt_consolidation,0
0.0,45000.0,0.0,13.04,0.40490848585690514,0,17,10,0.0,20,whole,ND,other,0
0.0,236000.0,10.0,3.36,0.3691444866920152,0,21,10,0.0,20,whole,AZ,small_business,0
0.0,185000.0,10.0,17.96,0.1759436385316452,0,26,10,0.0,20,whole,NV,debt_consolidation,0
0.0,102000.0,10.0,32.29,0.34663273226115054,0,43,10,0.0,20,whole,TX,small_business,0
0.0,25000.0,0.0,6.72,0.02793737116793123,0,9,10,0.0,20,whole,AL,other,0
0.0,100000.0,2.0,25.65,0.7268668628722502,2,32,10,0.0,20,whole,CA,medical,1
0.0,105000.0,10.0,23.47,0.10718191824642269,0,12,10,0.0,20,whole,CA,major_purchase,0
0.0,65000.0,0.0,20.22,0.13049843987519003,0,23,10,0.0,20,whole,OR,other,0
0.0,91000.0,10.0,23.35,0.398599827139153,0,17,10,0.0,20,whole,TX,major_purchase,0
0.0,60000.0,5.0,22.44,0.9533158584534731,0,11,10,0.0,20,whole,TX,credit_card,0
0.0,129600.0,10.0,26.43,0.37868253926475176,0,28,10,0.0,20,whole,SC,debt_consolidation,0
0.0,46650.0,2.0,34.09,0.9520494116281891,0,33,10,0.0,20,fractional,IN,credit_card,0
0.0,58000.0,10.0,29.22,0.9038360513130469,0,19,10,0.0,20,whole,LA,debt_consolidation,0
0.0,65000.0,10.0,25.07,0.13963825219991377,0,19,10,0.0,20,fractional,FL,debt_consolidation,0
0.0,100000.0,5.0,24.91,0.21331919379793582,0,12,10,0.0,20,fractional,LA,other,0
0.0,67790.0,4.0,11.26,0.12352111494248282,0,6,10,0.0,20,whole,NC,debt_consolidation,0
0.0,75000.0,10.0,32.56,0.3813220506915527,0,24,10,0.0,20,whole,NJ,credit_card,0
0.0,45000.0,10.0,21.89,0.19946117748567102,0,11,10,0.0,20,whole,TX,debt_consolidation,0
0.0,41000.0,6.0,20.4,0.9428127112914131,0,10,10,0.0,20,fractional,OH,credit_card,0
0.0,39000.0,10.0,11.45,0.8304526748971194,0,16,10,0.0,20,whole,TX,debt_consolidation,0
0.0,68186.0,6.0,15.61,0.9146219184713082,0,15,10,0.0,20,whole,SC,credit_card,0
0.0,15500.0,6.0,16.11,0.5339805825242718,0,13,10,0.0,20,whole,NY,debt_consolidation,0
0.0,95000.0,7.0,10.94,0.4113878821908019,1,21,10,0.0,20,fractional,CA,credit_card,0
0.0,140000.0,10.0,20.63,0.33916393294609803,1,14,10,0.0,20,fractional,TX,debt_consolidation,0
0.0,85000.0,10.0,16.14,0.6129841958475364,0,12,10,0.0,20,whole,CA,debt_consolidation,0
0.0,48000.0,2.0,30.88,0.7274151349009282,0,13,10,0.0,20,whole,NM,other,0
0.0,40000.0,5.0,17.88,0.6419984622070671,0,10,10,0.0,20,whole,SC,debt_consolidation,0
0.0,211000.0,0.0,2.53,0.037156380754041235,0,11,10,0.0,20,whole,CA,credit_card,0
0.0,85000.0,10.0,11.18,0.14906390065961364,0,25,10,0.0,20,fractional,WA,home_improvement,0
0.0,35000.0,3.0,11.8,0.9106527415143603,0,17,10,0.0,20,whole,CA,moving,0
0.0,23500.0,2.0,20.4,0.4714398085387692,0,9,10,0.0,20,whole,AZ,debt_consolidation,0
0.0,19582.09,5.0,20.23,0.4700943396226415,0,19,10,0.0,20,whole,PA,debt_consolidation,0
0.0,120000.0,10.0,22.27,0.4829454538089162,0,19,10,0.0,20,whole,OH,moving,0
0.0,75000.0,10.0,22.77,0.29336712734924203,1,12,10,0.0,20,whole,GA,debt_consolidation,0
0.0,80000.0,2.0,16.56,0.7833426887454392,0,11,10,0.0,20,whole,TX,debt_consolidation,0
0.0,50000.0,4.0,22.4,0.9017047865159872,0,22,10,0.0,20,whole,FL,debt_consolidation,0
0.0,65000.0,6.0,9.62,0.38845807910153873,0,22,10,0.0,20,whole,CA,debt_consolidation,0
0.0,55000.0,8.0,25.25,0.4081324902775206,0,13,10,0.0,20,whole,FL,vacation,0
0.0,90000.0,10.0,26.69,0.6234524150619034,0,10,10,0.0,20,whole,TX,debt_consolidation,0
0.0,80000.0,3.0,38.09,0.7703848273023586,0,12,10,0.0,20,whole,NY,other,0
0.0,208000.0,0.0,21.62,0.5295939740479436,0,17,10,0.0,20,whole,TN,credit_card,0
0.0,79000.0,8.0,15.07,0.5504028021015762,0,15,10,0.0,20,fractional,MA,debt_consolidation,0
0.0,79500.0,9.0,13.62,0.1013682247160376,0,31,10,0.0,20,fractional,NC,credit_card,0
0.0,60000.0,4.0,3.96,0.0322476649593251,1,25,10,0.0,20,whole,CA,other,0
0.0,163000.0,0.0,13.35,0.348591876006019,0,7,10,0.0,20,whole,FL,debt_consolidation,0
0.0,83233.0,10.0,9.75,0.4702038391564252,0,13,10,0.0,20,whole,WV,debt_consolidation,0
0.0,30000.0,6.0,16.52,0.5308324768756424,0,25,10,0.0,20,whole,TX,debt_consolidation,0
0.0,65000.0,7.0,5.27,0.45978070175438596,0,12,10,0.0,20,whole,FL,credit_card,0
0.0,17000.0,0.0,34.39,0.5945849802371541,0,9,10,0.0,20,whole,NY,debt_consolidation,0
0.0,25000.0,5.0,11.14,0.3608641975308642,0,15,10,0.0,20,whole,CA,debt_consolidation,0
0.0,86000.0,3.0,20.75,0.628270368439034,1,12,10,0.0,20,whole,CA,credit_card,0
0.0,60000.0,7.0,11.14,0.4695910424083673,0,11,10,0.0,20,whole,OR,other,0
0.0,28000.0,1.0,37.21,0.3970527723485238,0,14,10,0.0,20,whole,NY,credit_card,0
0.0,110000.0,9.0,10.39,0.3310912065158951,0,5,10,0.0,20,whole,IN,debt_consolidation,0
0.0,87000.0,10.0,11.57,0.6085008401269525,0,10,10,0.0,20,whole,PA,debt_consolidation,0
0.0,55000.0,5.0,3.21,0.03525112735188929,0,10,10,0.0,20,whole,CO,car,0
0.0,57500.0,0.0,25.3,0.40499058089620454,0,12,10,0.0,20,whole,WA,debt_consolidation,0
0.0,23000.0,6.0,23.12,0.6004672340222651,0,14,10,0.0,20,fractional,MO,debt_consolidation,0
0.0,54000.0,10.0,12.98,0.757505647949046,0,7,10,0.0,20,whole,AZ,debt_consolidation,0
0.0,65000.0,10.0,18.85,0.09389539836074882,0,20,10,0.0,20,whole,OR,debt_consolidation,0
0.0,58000.0,3.0,13.08,0.13268820473571918,3,24,10,0.0,20,whole,GA,debt_consolidation,0
0.0,16000.0,8.0,10.13,0.2918,1,11,10,0.0,20,whole,NY,debt_consolidation,0
0.0,128000.0,1.0,24.26,0.24927378474660675,0,23,10,0.0,20,whole,FL,debt_consolidation,0
0.0,53695.0,6.0,17.14,0.13775809850639703,0,8,10,0.0,20,fractional,FL,credit_card,0
0.0,115000.0,10.0,19.42,0.11584341955056258,1,41,10,0.0,20,whole,MD,credit_card,0
0.0,65000.0,5.0,33.36,0.12763475527761126,0,31,10,0.0,20,whole,CA,debt_consolidation,0
0.0,150000.0,6.0,31.58,0.7093646533464852,0,20,10,0.0,20,whole,KS,debt_consolidation,0
0.0,136000.0,3.0,21.55,0.5476623808685102,0,14,10,0.0,20,whole,GA,debt_consolidation,0
0.0,37840.0,10.0,10.59,0.08869368092944177,1,15,10,0.0,20,whole,TX,house,0
0.0,105000.0,10.0,20.88,0.5047104792499687,0,6,10,0.0,20,whole,NY,debt_consolidation,0
0.0,85000.0,10.0,35.13,0.1332316200523389,0,21,10,0.0,20,whole,SC,debt_consolidation,0
0.0,69077.0,8.0,23.04,0.5375343149488395,0,25,10,0.0,20,whole,MD,debt_consolidation,0
0.0,85000.0,7.0,16.21,0.06518519933888088,0,15,10,0.0,20,whole,OK,major_purchase,0
0.0,60000.0,1.0,3.64,0.40516129032258064,0,4,10,0.0,20,whole,NY,credit_card,0
0.0,50400.0,5.0,6.33,0.5878488372093024,0,11,10,0.0,20,whole,CA,debt_consolidation,0
0.0,26304.0,1.0,17.7,0.8004805829005504,0,3,10,0.0,20,whole,GA,small_business,0
0.0,90000.0,10.0,10.89,0.11646818143922633,0,16,10,0.0,20,whole,SC,debt_consolidation,0
0.0,140000.0,10.0,24.2,0.7203306847656279,0,17,10,0.0,20,whole,NJ,debt_consolidation,0
0.0,70000.0,2.0,17.98,0.1557242449057405,1,16,10,0.0,20,whole,TX,debt_consolidation,0
0.0,106883.0,10.0,16.44,0.7160016771108366,0,14,10,0.0,20,whole,AZ,home_improvement,0
0.0,31600.0,10.0,24.76,0.1776974051110455,0,15,10,0.0,20,whole,TX,debt_consolidation,0
0.0,43000.0,1.0,12.5,0.6595401146929458,0,8,10,0.0,20,whole,OR,debt_consolidation,0
0.0,119000.0,1.0,21.48,0.58295839324644,0,40,10,0.0,20,fractional,NY,credit_card,0
0.0,99000.0,6.0,12.67,0.6734561403508772,0,13,10,0.0,20,whole,WA,debt_consolidation,0
0.0,82000.0,2.0,10.54,0.5036837497474578,0,14,10,0.0,20,whole,MD,credit_card,0
0.0,40000.0,1.0,14.46,0.6499304105775922,0,12,10,0.0,20,whole,CA,debt_consolidation,0
0.0,39000.0,3.0,23.48,0.6029360509696218,0,22,10,0.0,20,whole,MN,credit_card,0
0.0,20000.0,0.0,9.42,0.34192307692307694,0,11,10,0.0,20,whole,VA,debt_consolidation,0
0.0,44000.0,4.0,19.99,0.8012234042553191,0,25,10,0.0,20,whole,NY,credit_card,0
0.0,13000.0,6.0,9.51,0.17640522875816994,0,4,10,0.0,20,whole,LA,debt_consolidation,0
0.0,89000.0,2.0,17.62,0.1422140699179974,1,25,10,0.0,20,whole,TX,credit_card,0
0.0,94000.0,5.0,3.45,0.06821521687603697,0,28,10,0.0,20,whole,KY,credit_card,0
0.0,130000.0,10.0,13.4,0.1359783656803184,0,17,10,0.0,20,whole,IL,debt_consolidation,0
0.0,68000.0,10.0,24.6,0.2576652382300401,0,11,10,0.0,20,whole,IL,debt_consolidation,0
0.0,60000.0,6.0,21.4,0.20473737831107086,0,11,10,0.0,20,whole,MO,debt_consolidation,0
0.0,77500.0,9.0,25.05,0.2255713878146199,0,19,10,0.0,20,whole,AZ,debt_consolidation,0
0.0,54250.0,10.0,14.02,0.6745638382236321,0,24,10,0.0,20,whole,AZ,debt_consolidation,0
0.0,105000.0,9.0,9.04,0.3568516318682425,1,20,10,0.0,20,whole,MN,vacation,0
0.0,132000.0,2.0,15.06,0.15060386775838613,0,4,10,0.0,20,fractional,KY,credit_card,0
0.0,198000.0,5.0,32.02,0.7796708643804378,0,19,10,0.0,20,whole,AZ,small_business,0
0.0,86000.0,9.0,14.76,0.07574223809463929,0,33,10,0.0,20,whole,NJ,debt_consolidation,0
0.0,35000.0,10.0,14.44,0.79568,0,21,10,0.0,20,whole,MD,debt_consolidation,0
0.0,85000.0,1.0,26.58,0.24200887840589225,0,17,10,0.0,20,fractional,NJ,debt_consolidation,0
0.0,65000.0,2.0,17.56,0.1470995524782572,1,23,10,0.0,20,whole,PA,credit_card,0
0.0,52000.0,10.0,17.93,0.14827217642716536,0,14,10,0.0,20,whole,VA,debt_consolidation,0
0.0,80000.0,10.0,11.97,0.045619696040786036,0,12,10,0.0,20,fractional,WA,debt_consolidation,0
0.0,40500.0,7.0,7.67,0.028343125734430083,0,12,10,0.0,20,whole,FL,home_improvement,0
0.0,33701.0,3.0,34.01,0.3423979457670116,2,13,10,0.0,20,whole,NY,other,0
0.0,267000.0,0.0,10.15,0.1165815433283829,0,26,10,0.0,20,whole,TX,debt_consolidation,0
0.0,39000.0,10.0,9.54,0.3465226980847618,0,12,10,0.0,20,whole,LA,credit_card,0
0.0,54024.0,6.0,19.59,0.5121091798364407,1,13,10,0.0,20,fractional,PA,debt_consolidation,0
0.0,155000.0,10.0,13.9,0.1648373652126192,2,43,10,0.0,20,whole,OR,debt_consolidation,0
0.0,56000.0,5.0,35.75,0.6245104814558857,0,10,10,0.0,20,whole,TN,house,0
0.0,64000.0,10.0,22.95,0.12471385807360451,1,16,10,0.0,20,whole,TX,credit_card,0
0.0,141000.0,10.0,3.48,0.8028457418880605,0,14,10,0.0,20,whole,CA,debt_consolidation,0
0.0,130000.0,2.0,27.78,0.22462085981998048,0,14,10,0.0,20,whole,MO,debt_consolidation,0
0.0,99000.0,4.0,13.07,0.6534428464759926,0,13,10,0.0,20,whole,VA,other,0
0.0,50000.0,1.0,18.87,0.46951332224246745,0,22,10,0.0,20,whole,MD,credit_card,0
0.0,52000.0,6.0,19.85,0.18847271042191757,0,13,10,0.0,20,whole,NH,debt_consolidation,0
0.0,48000.0,10.0,11.18,0.49635897435897436,0,14,10,0.0,20,whole,CA,debt_consolidation,0
0.0,36000.0,9.0,13.67,0.6785193621867881,2,15,10,0.0,20,whole,FL,other,0
0.0,200000.0,4.0,18.9,0.2292831906718993,0,20,10,0.0,20,whole,OR,home_improvement,0
0.0,157000.0,6.0,3.06,0.8390491519128389,0,11,10,0.0,20,fractional,VA,debt_consolidation,0
0.0,72000.0,10.0,7.85,0.7087826086956521,2,13,10,0.0,20,whole,NY,other,0
0.0,84000.0,2.0,19.24,0.09436607985783306,0,11,10,0.0,20,whole,AZ,credit_card,0
0.0,18960.0,6.0,15.19,0.31451612903225806,0,17,10,0.0,20,whole,NC,credit_card,0
0.0,145262.0,6.0,14.99,0.245883612646395,0,20,10,0.0,20,whole,OH,credit_card,0
0.0,25000.0,1.0,11.76,1.026701986754967,0,6,10,0.0,20,fractional,AL,debt_consolidation,0
0.0,58000.0,5.0,20.28,0.11783639778136874,0,26,10,0.0,20,whole,LA,debt_consolidation,0
0.0,98000.0,10.0,13.01,0.3834594594594595,0,17,10,0.0,20,whole,CA,other,0
0.0,90000.0,10.0,12.14,0.1351498490486239,0,14,10,0.0,20,whole,FL,debt_consolidation,0
0.0,188900.0,10.0,22.6,0.5069865541787504,6,26,10,0.0,20,whole,CT,home_improvement,0
0.0,26000.0,4.0,18.61,0.3806433084434233,0,14,10,0.0,20,fractional,MI,debt_consolidation,0
0.0,100000.0,10.0,15.1,0.2602417359024218,0,40,10,0.0,20,whole,CA,major_purchase,0
0.0,65000.0,10.0,15.23,0.017792561233746597,3,14,10,0.0,20,fractional,NY,credit_card,0
0.0,72000.0,1.0,9.83,0.5762895021217153,0,38,10,0.0,20,whole,CA,medical,0
0.0,75000.0,2.0,9.92,0.873,0,18,10,0.0,20,whole,WA,debt_consolidation,0
0.0,50000.0,10.0,22.12,0.5190774907749077,0,13,10,0.0,20,whole,WA,credit_card,0
0.0,74000.0,6.0,30.63,0.8256236704699285,1,11,10,0.0,20,whole,IL,credit_card,0
0.0,50000.0,3.0,24.7,0.569731203739774,0,15,10,0.0,20,whole,NJ,home_improvement,0
0.0,135000.0,2.0,17.42,0.2718498170463447,0,27,10,0.0,20,whole,DC,major_purchase,0
0.0,86000.0,10.0,20.44,0.12478974872565259,0,12,10,0.0,20,whole,AK,other,0
0.0,110000.0,0.0,31.72,0.2273562669184884,0,11,10,0.0,20,whole,IL,debt_consolidation,0
0.0,65000.0,10.0,8.9,0.677017754827757,0,16,10,0.0,20,fractional,OR,debt_consolidation,0
0.0,72000.0,7.0,14.48,0.16521810190346664,0,15,10,0.0,20,whole,NY,home_improvement,0
0.0,84676.0,0.0,26.31,0.468637435291827,0,16,10,0.0,20,whole,OH,debt_consolidation,1
0.0,180000.0,5.0,2.91,1.0020064205457464,0,26,10,0.0,20,whole,CA,house,0
0.0,65000.0,4.0,17.99,0.16576846102880405,0,11,10,0.0,20,whole,TX,credit_card,0
0.0,55000.0,1.0,29.26,0.16498728773925836,1,12,10,0.0,20,whole,OR,home_improvement,0
0.0,24000.0,6.0,25.1,0.6256147026095696,0,11,10,0.0,20,whole,MO,debt_consolidation,0
0.0,73000.0,10.0,32.38,0.12422259716309274,0,26,10,0.0,20,whole,MI,debt_consolidation,0
0.0,150000.0,3.0,18.36,0.5370735833098393,0,21,10,0.0,20,whole,CA,debt_consolidation,0
0.0,67000.0,10.0,9.08,0.07579866739809787,1,38,10,0.0,20,whole,OH,debt_consolidation,0
0.0,40000.0,6.0,15.21,0.41163790493490765,0,13,10,0.0,20,whole,AR,debt_consolidation,0
0.0,64000.0,2.0,28.06,0.859610540205526,0,9,10,0.0,20,whole,TX,credit_card,0
0.0,80000.0,2.0,17.99,0.12034308403387411,0,11,10,0.0,20,fractional,GA,debt_consolidation,0
0.0,60000.0,2.0,35.57,0.6018569087930092,0,11,10,0.0,20,whole,TX,credit_card,0
0.0,120000.0,10.0,13.66,0.10774228837579354,1,14,10,0.0,20,whole,IL,debt_consolidation,0
0.0,59000.0,1.0,9.32,0.8301224489795919,4,7,10,0.0,20,whole,RI,major_purchase,0
0.0,45000.0,10.0,6.43,0.42456238361266296,0,11,10,0.0,20,whole,VA,debt_consolidation,0
0.0,41000.0,2.0,16.04,0.2003415991902834,0,10,10,0.0,20,fractional,OH,vacation,0
0.0,30000.0,6.0,5.92,0.12486910994764398,0,16,10,0.0,20,whole,CA,other,0
0.0,42000.0,3.0,17.14,1.0433008180670194,1,8,10,0.0,20,whole,MN,debt_consolidation,0
0.0,54902.0,5.0,22.47,0.6786201719666985,1,13,10,0.0,20,fractional,NE,debt_consolidation,0
0.0,40000.0,3.0,18.27,0.3009395552771688,0,13,10,0.0,20,whole,TX,debt_consolidation,0
0.0,132000.0,4.0,13.51,0.7441988433247861,0,17,10,0.0,20,whole,MD,debt_consolidation,0
0.0,42000.0,3.0,22.26,0.7834163767979694,0,4,10,0.0,20,whole,NM,credit_card,0
0.0,65000.0,10.0,22.82,0.624649891966664,0,21,10,0.0,20,whole,KS,debt_consolidation,0
0.0,140000.0,10.0,14.98,0.16151047935395807,0,13,10,0.0,20,whole,IL,debt_consolidation,0
0.0,135000.0,8.0,22.34,0.16994167521047548,2,9,10,0.0,20,whole,TX,debt_consolidation,0
0.0,30000.0,6.0,3.88,0.006626937805901989,0,14,10,0.0,20,fractional,CO,vacation,0
0.0,90000.0,6.0,1.27,0.10278735632183908,0,11,10,0.0,20,whole,NY,home_improvement,0
0.0,120000.0,10.0,3.02,0.3598151997201243,0,15,10,0.0,20,whole,MI,debt_consolidation,0
0.0,60000.0,0.0,11.61,0.6216746834200452,1,7,10,0.0,20,whole,TX,renewable_energy,0
0.0,90000.0,10.0,12.65,0.11892488262910798,0,16,10,0.0,20,whole,VA,debt_consolidation,0
0.0,38411.0,2.0,9.41,0.8278849940921623,0,11,10,0.0,20,whole,WA,debt_consolidation,0
0.0,53527.6,10.0,10.47,0.975,0,18,10,0.0,20,fractional,PA,debt_consolidation,0
0.0,70000.0,5.0,6.93,0.6691528712631132,0,7,10,0.0,20,whole,FL,debt_consolidation,0
0.0,91000.0,7.0,27.81,0.2963956802843357,0,33,10,0.0,20,fractional,PA,debt_consolidation,0
0.0,150300.0,1.0,21.91,0.14388000825631264,0,17,10,0.0,20,whole,TX,other,0
0.0,18000.0,6.0,7.13,0.17205298013245032,0,19,10,0.0,20,whole,NJ,other,0
0.0,60000.0,5.0,1.0,0.35739130434782607,0,12,10,0.0,20,whole,WA,credit_card,0
0.0,65000.0,10.0,6.46,0.8675384615384616,0,31,10,0.0,20,fractional,VA,debt_consolidation,0
0.0,110000.0,10.0,24.19,0.262816735415439,1,11,10,0.0,20,whole,NC,debt_consolidation,0
0.0,40000.0,3.0,36.54,0.2869562725110107,0,8,10,0.0,20,whole,MI,debt_consolidation,0
0.0,105000.0,10.0,26.16,0.6544470845655481,3,13,10,0.0,20,whole,CA,small_business,0
0.0,43500.0,3.0,26.73,0.5334256561671218,0,8,10,0.0,20,whole,WI,debt_consolidation,0
0.0,96000.0,10.0,9.41,0.11574815477521808,0,24,10,0.0,20,whole,NY,debt_consolidation,0
0.0,92000.0,10.0,18.73,0.4366747659678665,0,14,10,0.0,20,whole,CA,debt_consolidation,0
0.0,60000.0,0.0,35.44,1.119338961146094,0,11,10,0.0,20,whole,NY,credit_card,0
0.0,40000.0,4.0,9.09,0.5478919498625914,0,10,10,0.0,20,fractional,NY,debt_consolidation,0
0.0,58000.0,9.0,6.58,0.018615967047928717,0,17,10,0.0,20,whole,CA,home_improvement,0
0.0,37840.0,10.0,26.86,0.6761314588728573,0,11,10,0.0,20,whole,NY,credit_card,0
0.0,54000.0,8.0,29.28,0.7329153605015674,0,11,10,0.0,20,whole,HI,other,0
0.0,186000.0,9.0,12.37,0.6203386432398935,0,12,10,0.0,20,whole,OK,other,0
0.0,150000.0,10.0,21.21,0.23077828133170647,2,21,10,0.0,20,fractional,FL,other,0
0.0,110000.0,10.0,18.94,0.24146069625647415,0,18,10,0.0,20,whole,WI,debt_consolidation,0
0.0,75000.0,6.0,13.26,0.03358327404082973,1,36,10,0.0,20,whole,NC,home_improvement,0
0.0,90000.0,4.0,8.67,0.4932958814985535,0,13,10,0.0,20,whole,CA,debt_consolidation,0
0.0,120000.0,4.0,15.86,0.061200723010626255,0,34,10,0.0,20,whole,MA,home_improvement,0
0.0,85000.0,4.0,10.8,0.303482143993079,0,15,10,0.0,20,whole,FL,credit_card,0
0.0,280000.0,3.0,9.36,0.059500729616306224,0,13,10,0.0,20,whole,CA,home_improvement,0
0.0,135000.0,4.0,23.88,0.5844975554239394,0,16,10,0.0,20,whole,VA,debt_consolidation,0
0.0,128000.0,6.0,25.95,0.23812128025170226,0,22,10,0.0,20,whole,TX,debt_consolidation,0
0.0,161000.0,10.0,20.46,0.21175511988357487,0,15,10,0.0,20,whole,CA,credit_card,0
0.0,200000.0,10.0,26.96,0.5159088861760586,0,11,10,0.0,20,fractional,FL,debt_consolidation,0
0.0,116365.0,7.0,9.42,0.43177691390918566,0,16,10,0.0,20,whole,MD,credit_card,0
0.0,62823.0,10.0,39.39,0.4330977559969048,0,23,10,0.0,20,whole,IL,debt_consolidation,0
0.0,60000.0,2.0,25.28,0.27738111549215727,0,15,10,0.0,20,whole,WI,credit_card,1
0.0,52000.0,10.0,0.83,0.005035765379113019,0,13,10,0.0,20,whole,IN,debt_consolidation,0
0.0,80000.0,10.0,15.09,0.3947072072072072,0,13,10,0.0,20,fractional,WI,debt_consolidation,0
0.0,165000.0,9.0,10.81,0.455792646172393,0,13,10,0.0,20,whole,OR,debt_consolidation,0
0.0,94500.0,5.0,19.16,0.30165271819396583,0,30,10,0.0,20,whole,TX,debt_consolidation,0
0.0,135800.0,5.0,36.93,0.5524474509348508,0,7,10,0.0,20,whole,CA,debt_consolidation,0
0.0,48000.0,3.0,20.7,0.6266900134914029,0,12,10,0.0,20,whole,MN,credit_card,0
0.0,29000.0,2.0,1.16,0.0676551724137931,0,10,10,0.0,20,whole,CO,debt_consolidation,0
0.0,60000.0,10.0,5.1,0.4503897013749015,1,18,10,0.0,20,whole,NV,debt_consolidation,0
0.0,89000.0,10.0,10.96,0.07219382499239652,0,16,10,0.0,20,whole,OK,debt_consolidation,0
0.0,152000.0,4.0,21.56,0.2781440983865984,0,29,10,0.0,20,whole,NC,credit_card,0
0.0,29000.0,0.0,23.63,0.21304228230116315,0,15,10,0.0,20,whole,RI,debt_consolidation,0
0.0,145000.0,2.0,16.98,0.3852837138848964,0,27,10,0.0,20,whole,FL,home_improvement,0
0.0,86000.0,10.0,19.09,0.21283899380787868,1,30,10,0.0,20,fractional,FL,debt_consolidation,0
0.0,100000.0,10.0,12.18,0.6926616705170827,2,29,10,0.0,20,fractional,CT,credit_card,0
0.0,45000.0,10.0,22.01,0.12831931302190053,1,30,10,0.0,20,whole,FL,home_improvement,0
0.0,75000.0,9.0,15.9,0.5311051339547836,1,23,10,0.0,20,whole,OH,debt_consolidation,0
0.0,80000.0,4.0,0.38,0.008407725321888411,0,8,10,0.0,20,whole,GA,home_improvement,0
0.0,56000.0,4.0,14.05,0.10575668623613829,0,13,10,0.0,20,fractional,OH,credit_card,0
0.0,150000.0,2.0,13.89,0.49128201043450553,0,19,10,0.0,20,whole,NJ,debt_consolidation,0
0.0,145000.0,1.0,23.26,0.24666388312916793,0,15,10,0.0,20,whole,MA,house,0
0.0,250000.0,6.0,8.56,0.41528149547433757,0,18,10,0.0,20,fractional,CA,debt_consolidation,0
0.0,50000.0,0.0,12.1,0.21294840457157957,0,29,10,0.0,20,whole,NC,other,0
0.0,50000.0,10.0,17.56,0.055789079629926734,2,28,10,0.0,20,whole,MD,credit_card,0
0.0,109420.0,10.0,27.29,0.19216552689293687,0,24,10,0.0,20,whole,AL,debt_consolidation,0
0.0,70000.0,8.0,29.92,0.8613238157040882,0,22,10,0.0,20,whole,FL,small_business,0
0.0,80000.0,5.0,26.16,0.37055508075770527,0,17,10,0.0,20,whole,TX,debt_consolidation,0
0.0,130000.0,10.0,31.49,0.28696538748567885,0,31,10,0.0,20,whole,NJ,debt_consolidation,0
0.0,135000.0,7.0,20.42,0.2441491145442856,0,11,10,0.0,20,fractional,VA,debt_consolidation,0
0.0,43000.0,1.0,24.28,0.7227150447986839,0,10,10,0.0,20,whole,FL,debt_consolidation,0
0.0,95000.0,10.0,16.5,0.7131757986393034,0,15,10,0.0,20,whole,FL,credit_card,0
0.0,42204.0,6.0,20.02,0.5257109809147829,0,14,10,0.0,20,whole,CA,credit_card,0
0.0,109000.0,10.0,24.04,0.14398584664851088,0,12,10,0.0,20,whole,IN,home_improvement,0
0.0,250000.0,1.0,16.78,0.19822318147915044,0,23,10,0.0,20,whole,IL,debt_consolidation,0
0.0,76012.0,10.0,16.5,0.6290670889720703,1,20,10,0.0,20,whole,IL,debt_consolidation,0
0.0,85000.0,7.0,21.68,0.44430692027246627,0,16,10,0.0,20,whole,NJ,credit_card,0
0.0,73000.0,5.0,13.08,0.15851188451800627,0,13,10,0.0,20,fractional,UT,credit_card,0
0.0,80000.0,3.0,10.5,0.47363176998078427,0,14,10,0.0,20,whole,MI,house,0
0.0,185000.0,2.0,28.52,0.1607494346515842,1,29,10,0.0,20,whole,CA,debt_consolidation,0
0.0,80000.0,6.0,25.44,0.7065355608173288,0,22,10,0.0,20,whole,MN,debt_consolidation,0
0.0,97000.0,5.0,9.39,0.4583044693404677,0,7,10,0.0,20,whole,FL,debt_consolidation,0
0.0,60000.0,0.0,17.0,0.9861425720919994,1,13,10,0.0,20,whole,CA,credit_card,0
0.0,65000.0,10.0,19.55,0.20822124666000552,0,9,10,0.0,20,whole,MN,debt_consolidation,0
0.0,38000.0,10.0,17.53,0.39364739471805854,0,13,10,0.0,20,whole,TN,debt_consolidation,0
0.0,78648.0,10.0,26.64,0.17602212198282066,0,15,10,0.0,20,whole,CO,debt_consolidation,0
0.0,38043.0,4.0,38.33,0.8015147195919656,0,35,10,0.0,20,whole,NM,debt_consolidation,0
0.0,44000.0,10.0,13.75,0.2611017025842566,0,15,10,0.0,20,whole,NY,debt_consolidation,0
0.0,85000.0,6.0,24.64,0.28303603221290563,0,11,10,0.0,20,whole,CA,credit_card,0
0.0,95000.0,5.0,27.21,0.3011971604114412,0,12,10,0.0,20,whole,AZ,debt_consolidation,0
0.0,180000.0,10.0,29.02,0.2287293957348866,0,15,10,0.0,20,whole,GA,debt_consolidation,0
0.0,120000.0,10.0,8.48,0.865012418052044,0,10,10,0.0,20,whole,NY,credit_card,0
0.0,275000.0,9.0,1.48,0.05799300471700276,0,17,10,0.0,20,whole,NY,debt_consolidation,0
0.0,350000.0,10.0,7.59,0.34625873442211313,0,17,10,0.0,20,whole,CA,debt_consolidation,0
0.0,180000.0,5.0,15.41,0.32238664390058813,0,11,10,0.0,20,whole,ID,credit_card,0
0.0,90000.0,10.0,14.59,0.33928876843531686,0,19,10,0.0,20,whole,TN,moving,0
0.0,97000.0,5.0,8.56,0.30932714146143403,0,4,10,0.0,20,whole,CA,other,0
0.0,32760.0,10.0,17.0,0.05987990228861465,0,6,10,0.0,20,whole,MI,debt_consolidation,0
0.0,90000.0,10.0,12.23,0.3266731091178832,0,18,10,0.0,20,whole,TX,debt_consolidation,0
0.0,33197.0,2.0,8.35,0.4790673575129534,0,10,10,0.0,20,whole,FL,major_purchase,0
0.0,122000.0,10.0,18.83,0.20834980308429146,0,23,10,0.0,20,whole,AZ,debt_consolidation,0
0.0,35000.0,5.0,25.99,0.8298310870650372,0,5,10,0.0,20,fractional,WA,credit_card,0
0.0,40000.0,5.0,29.07,0.9041030690956836,0,9,10,0.0,20,whole,FL,credit_card,0
0.0,55000.0,5.0,6.13,0.6182784157990769,0,4,10,0.0,20,whole,MI,debt_consolidation,0
0.0,72500.0,10.0,12.78,0.0843632166217776,0,23,10,0.0,20,whole,TX,debt_consolidation,0
0.0,60000.0,5.0,7.34,0.37449586776859506,0,4,10,0.0,20,whole,NY,credit_card,0
0.0,75000.0,5.0,37.82,0.6430885937949518,0,16,10,0.0,20,whole,ME,debt_consolidation,0
0.0,102000.0,8.0,20.28,0.21365502271614575,0,24,10,0.0,20,whole,IL,credit_card,0
0.0,70000.0,10.0,19.03,0.6017780294450736,0,24,10,0.0,20,whole,FL,debt_consolidation,0
0.0,180000.0,2.0,15.36,0.23543583229181606,0,16,10,0.0,20,whole,CO,credit_card,0
0.0,31942.63,10.0,16.16,0.798624846943581,0,33,10,0.0,20,fractional,OR,credit_card,0
0.0,82000.0,10.0,28.49,0.6197107544416788,1,22,10,0.0,20,whole,NY,home_improvement,0
0.0,24000.0,1.0,21.54,0.5134405144694534,0,26,10,0.0,20,whole,TX,credit_card,0
0.0,38000.0,9.0,22.25,0.47178009959964845,0,16,10,0.0,20,whole,SC,home_improvement,0
0.0,110000.0,10.0,18.92,0.20566223378931667,0,22,10,0.0,20,fractional,NY,credit_card,0
0.0,147000.0,0.0,4.28,0.05327635327635328,1,19,10,0.0,20,whole,LA,other,0
0.0,60000.0,8.0,35.39,0.3442041565398542,0,13,10,0.0,20,whole,TN,home_improvement,0
0.0,85000.0,3.0,26.97,0.3570797195942694,0,13,10,0.0,20,whole,SC,debt_consolidation,0
0.0,68000.0,4.0,25.94,0.18085733601660273,0,15,10,0.0,20,whole,SC,debt_consolidation,0
0.0,64000.0,5.0,20.44,0.3861209964412811,0,18,10,0.0,20,fractional,MD,debt_consolidation,0
0.0,90000.0,10.0,18.6,0.8350337144532395,0,13,10,0.0,20,whole,VA,debt_consolidation,0
0.0,65000.0,6.0,18.82,0.0794064061122539,0,15,10,0.0,20,whole,WA,debt_consolidation,0
0.0,56000.0,5.0,23.53,0.6088724584103512,0,21,10,0.0,20,whole,GA,debt_consolidation,0
0.0,65000.0,10.0,9.8,1.0679165967760156,0,13,10,0.0,20,whole,FL,debt_consolidation,0
0.0,92000.0,4.0,24.99,0.6753960125152583,0,17,10,0.0,20,whole,MA,debt_consolidation,0
0.0,40000.0,2.0,15.84,0.361131644378738,0,27,10,0.0,20,whole,NJ,debt_consolidation,0
0.0,30000.0,1.0,21.4,0.9130686370515445,0,13,10,0.0,20,fractional,KY,debt_consolidation,0
0.0,30000.0,3.0,34.16,0.7793256661716151,0,13,10,0.0,20,fractional,FL,credit_card,0
0.0,135000.0,8.0,17.8,0.1289270831661665,0,17,10,0.0,20,whole,OH,debt_consolidation,0
0.0,60000.0,1.0,25.66,0.3591342053739805,0,19,10,0.0,20,whole,OK,credit_card,0
0.0,85000.0,7.0,9.52,0.20914346895074948,0,10,10,0.0,20,whole,MD,debt_consolidation,0
0.0,15864.0,6.0,20.65,0.40048076923076925,0,18,10,0.0,20,whole,WI,car,0
0.0,33000.0,3.0,27.16,0.6369096633567449,0,6,10,0.0,20,whole,FL,credit_card,0
0.0,72000.0,8.0,27.95,0.19031709549264722,0,15,10,0.0,20,whole,MD,debt_consolidation,0
0.0,78000.0,3.0,10.86,0.9136001313130276,0,20,10,0.0,20,whole,MA,credit_card,0
0.0,43000.0,10.0,11.11,0.21017719310701571,0,20,10,0.0,20,whole,UT,debt_consolidation,0
0.0,94200.0,6.0,32.34,0.32540456849562027,0,29,10,0.0,20,whole,CA,debt_consolidation,0
0.0,68000.0,9.0,13.06,0.7566712610434507,0,14,10,0.0,20,whole,CA,debt_consolidation,0
0.0,67400.0,7.0,1.83,0.19688741721854305,0,11,10,0.0,20,whole,FL,medical,0
0.0,85000.0,3.0,20.23,0.45461371600200234,0,18,10,0.0,20,whole,NC,debt_consolidation,0
0.0,70000.0,0.0,0.86,0.030823529411764704,0,5,10,0.0,20,whole,VA,other,0
0.0,73000.0,10.0,18.99,0.3915301254547374,0,23,10,0.0,20,fractional,CA,vacation,0
0.0,97000.0,10.0,21.23,0.3775251285073503,0,30,10,0.0,20,whole,TN,credit_card,0
0.0,58000.0,1.0,6.62,0.8287846664787558,0,14,10,0.0,20,whole,CO,debt_consolidation,0
0.0,35360.0,1.0,10.35,0.6277884615384616,0,7,10,0.0,20,whole,NH,other,0
0.0,87000.0,10.0,19.67,0.07857734440437618,0,21,10,0.0,20,whole,CA,debt_consolidation,0
0.0,150000.0,0.0,39.1,0.3786085765517789,0,14,10,0.0,20,whole,NM,debt_consolidation,0
0.0,92000.0,10.0,20.41,0.21832997510963612,0,32,10,0.0,20,fractional,MO,debt_consolidation,0
0.0,222800.0,0.0,6.01,0.0684558325114607,2,37,10,0.0,20,whole,IL,other,0
0.0,100000.0,3.0,26.82,0.40115591870381934,0,18,10,0.0,20,whole,NY,credit_card,0
0.0,65000.0,10.0,15.73,0.19002377823998468,1,17,10,0.0,20,whole,SC,credit_card,0
0.0,166088.0,7.0,8.51,0.38344314394233003,0,18,10,0.0,20,whole,CA,debt_consolidation,0
0.0,98000.0,7.0,26.02,0.25724484673673137,0,18,10,0.0,20,whole,MO,credit_card,0
0.0,100000.0,8.0,17.39,0.8238647003745319,0,13,10,0.0,20,whole,MD,debt_consolidation,0
0.0,103000.0,10.0,27.48,0.32435465042958633,0,20,10,0.0,20,whole,NY,debt_consolidation,0
0.0,32000.0,5.0,36.38,0.27875609041774274,0,13,10,0.0,20,whole,IN,other,0
0.0,60000.0,5.0,25.54,0.6133805890209874,0,13,10,0.0,20,whole,KS,debt_consolidation,0
0.0,146000.0,10.0,19.18,0.2540125189663733,0,19,10,0.0,20,whole,IN,debt_consolidation,0
0.0,54000.0,10.0,16.87,0.3011683848797251,0,12,10,0.0,20,whole,NY,home_improvement,0
0.0,37000.0,10.0,3.7,0.5045614035087719,0,20,10,0.0,20,whole,NE,debt_consolidation,0
0.0,103000.0,10.0,13.72,0.8001692476940002,0,14,10,0.0,20,fractional,VA,home_improvement,0
0.0,46000.0,2.0,20.61,0.725805049758811,0,5,10,0.0,20,whole,CA,credit_card,0
0.0,134000.0,6.0,20.52,0.6646288404471318,0,7,10,0.0,20,whole,TX,debt_consolidation,0
0.0,30000.0,3.0,3.56,0.4095528455284553,1,23,10,0.0,20,whole,MO,other,0
0.0,150000.0,2.0,17.96,0.1941558798307866,0,11,10,0.0,20,fractional,TX,debt_consolidation,0
0.0,30000.0,3.0,16.12,0.6321693208335039,0,8,10,0.0,20,whole,CA,credit_card,0
0.0,92000.0,10.0,13.08,0.7687671232876713,0,14,10,0.0,20,fractional,NH,credit_card,0
0.0,130000.0,10.0,13.89,0.8104522674365413,1,13,10,0.0,20,whole,NJ,debt_consolidation,0
0.0,74000.0,3.0,12.96,0.5079831315695613,0,11,10,0.0,20,fractional,TX,other,0
0.0,80400.0,2.0,11.28,0.1448236662513504,0,24,10,0.0,20,whole,GA,credit_card,0
0.0,40000.0,3.0,21.57,0.5652420641957794,0,5,10,0.0,20,fractional,CT,credit_card,0
0.0,50000.0,10.0,10.73,0.49589174990073004,1,12,10,0.0,20,whole,CA,other,0
0.0,76000.0,5.0,17.79,0.38594304546222746,0,25,10,0.0,20,fractional,NY,other,0
0.0,55000.0,7.0,17.76,0.4141657444176811,0,13,10,0.0,20,whole,FL,major_purchase,0
0.0,220000.0,3.0,16.76,0.09668794389450101,0,10,10,0.0,20,whole,NJ,credit_card,0
0.0,118000.0,2.0,13.95,0.052061127029608405,0,24,10,0.0,20,whole,CO,debt_consolidation,0
0.0,30457.0,6.0,29.2,0.13114187705140545,0,34,10,0.0,20,fractional,AZ,credit_card,0
0.0,117000.0,5.0,0.42,0.03630094043887147,0,14,10,0.0,20,whole,NJ,home_improvement,0
0.0,113000.0,1.0,6.06,0.07127607712609478,1,30,10,0.0,20,whole,MO,home_improvement,0
0.0,320000.0,5.0,10.72,0.0862705012736412,1,15,10,0.0,20,fractional,NJ,other,0
0.0,51900.0,10.0,11.01,0.7515345005149331,0,22,10,0.0,20,fractional,NY,major_purchase,0
0.0,85000.0,5.0,10.51,0.16100210002739165,0,24,10,0.0,20,whole,FL,debt_consolidation,0
0.0,173000.0,6.0,11.35,0.11720500881220218,0,16,10,0.0,20,whole,TX,debt_consolidation,0
0.0,57000.0,0.0,5.31,0.465801036133517,0,16,10,0.0,20,whole,PA,medical,0
0.0,120000.0,8.0,16.9,0.7154601037866721,0,14,10,0.0,20,whole,HI,other,0
0.0,95000.0,7.0,9.46,0.5208257033460962,2,15,10,0.0,20,fractional,AL,debt_consolidation,0
0.0,50000.0,6.0,9.84,0.45236311239193083,0,9,10,0.0,20,fractional,FL,credit_card,0
0.0,71000.0,2.0,22.5,0.5560220994475138,0,13,10,0.0,20,whole,PA,credit_card,0
0.0,80000.0,10.0,16.42,0.12808235894477601,0,6,10,0.0,20,whole,IN,debt_consolidation,0
0.0,121000.0,10.0,18.83,0.14023906666539265,0,18,10,0.0,20,fractional,WY,credit_card,0
0.0,120000.0,10.0,20.48,0.17945260407571964,0,28,10,0.0,20,whole,NY,debt_consolidation,0
0.0,68274.0,4.0,17.05,0.27608463005922507,1,14,10,0.0,20,whole,IN,home_improvement,0
0.0,72000.0,10.0,24.67,0.3058111264718501,0,17,10,0.0,20,whole,CT,debt_consolidation,0
0.0,40000.0,7.0,8.4,0.3705868544600939,0,5,10,0.0,20,whole,SC,debt_consolidation,0
0.0,100960.0,10.0,21.31,0.19802041862492872,0,12,10,0.0,20,whole,MD,debt_consolidation,0
0.0,142000.0,1.0,14.92,0.11422861836632112,0,5,10,0.0,20,whole,NJ,debt_consolidation,0
0.0,50000.0,2.0,14.19,0.27297400855737913,2,12,10,0.0,20,fractional,TX,other,0
0.0,54000.0,3.0,20.69,0.7045642341480386,0,14,10,0.0,20,whole,IL,debt_consolidation,0
0.0,100000.0,1.0,21.34,0.1866929346211335,0,21,10,0.0,20,whole,TX,debt_consolidation,0
0.0,38000.0,6.0,11.28,0.5951449983708048,0,9,10,0.0,20,whole,PA,debt_consolidation,0
0.0,14616.0,6.0,39.08,0.2881090909090909,0,31,10,0.0,20,whole,FL,debt_consolidation,0
0.0,100000.0,2.0,11.58,0.18529388542974057,1,17,10,0.0,20,whole,TX,debt_consolidation,0
0.0,92500.0,10.0,9.8,0.5006002164715143,0,32,10,0.0,20,whole,MD,debt_consolidation,0
0.0,65000.0,10.0,11.84,0.4450020911752405,0,18,10,0.0,20,whole,IL,major_purchase,0
0.0,40000.0,10.0,17.67,0.6573842705891445,1,15,10,0.0,20,whole,GA,debt_consolidation,0
0.0,59000.0,6.0,20.74,0.1776405719639374,2,33,10,0.0,20,fractional,GA,debt_consolidation,0
0.0,75000.0,10.0,10.27,0.22531659539246793,0,14,10,0.0,20,whole,GA,small_business,0
0.0,64000.0,10.0,21.85,0.6892339508228325,0,26,10,0.0,20,whole,OH,home_improvement,1
0.0,62000.0,10.0,16.9,0.21701297225768076,0,13,10,0.0,20,whole,MN,debt_consolidation,0
0.0,40000.0,4.0,21.42,0.31905412631453867,0,17,10,0.0,20,whole,CO,credit_card,0
0.0,175000.0,10.0,30.74,0.38689742256555004,0,24,10,0.0,20,whole,CO,other,0
0.0,90000.0,2.0,19.23,0.4145053604673557,8,11,10,0.0,20,whole,WI,credit_card,0
0.0,83000.0,2.0,11.34,0.5315254101800595,1,11,10,0.0,20,whole,TX,credit_card,0
0.0,70000.0,10.0,23.14,0.5708609023261044,1,18,10,0.0,20,whole,NJ,other,0
0.0,32000.0,0.0,27.01,0.786359729123425,0,12,10,0.0,20,fractional,NC,moving,0
0.0,189000.0,10.0,10.91,0.22518603854656413,0,17,10,0.0,20,whole,OH,debt_consolidation,0
0.0,143000.0,10.0,13.86,0.13951308056815254,0,23,10,0.0,20,fractional,NC,debt_consolidation,0
0.0,35000.0,10.0,9.98,0.3253133252294924,0,5,10,0.0,20,whole,WV,debt_consolidation,0
0.0,47128.0,10.0,14.34,0.4685774828528411,1,13,10,0.0,20,whole,CT,debt_consolidation,0
0.0,130500.0,10.0,29.63,0.3242402618978881,0,18,10,0.0,20,whole,FL,debt_consolidation,0
0.0,60000.0,2.0,11.0,0.06893171323169002,0,4,10,0.0,20,fractional,TX,credit_card,0
0.0,335000.0,10.0,7.18,0.07047314604834265,2,27,10,0.0,20,fractional,CA,debt_consolidation,0
0.0,80000.0,6.0,26.12,0.19170523934297554,0,12,10,0.0,20,whole,MD,debt_consolidation,0
0.0,64000.0,5.0,27.94,0.3143658983934767,1,26,10,0.0,20,whole,SC,debt_consolidation,0
0.0,48000.0,3.0,12.59,0.6946396305962658,0,11,10,0.0,20,fractional,FL,debt_consolidation,0
0.0,116000.0,10.0,29.26,0.22625226398294687,0,36,10,0.0,20,whole,OH,debt_consolidation,0
0.0,60000.0,10.0,10.2,0.5021088182538015,0,14,10,0.0,20,whole,VA,debt_consolidation,0
0.0,55000.0,10.0,12.79,0.1840933294607416,0,21,10,0.0,20,whole,CA,debt_consolidation,0
0.0,60000.0,3.0,24.66,0.2985393422396752,0,16,10,0.0,20,whole,MA,credit_card,0
0.0,44000.0,0.0,17.08,0.49149434162584754,0,13,10,0.0,20,whole,CT,other,0
0.0,96304.0,6.0,37.14,0.6287024548152145,0,25,10,0.0,20,whole,KY,debt_consolidation,0
0.0,173180.0,5.0,30.61,0.2584164489282174,0,16,10,0.0,20,fractional,TX,debt_consolidation,0
0.0,28000.0,1.0,1.07,0.010714285714285714,0,11,10,0.0,20,whole,CA,other,0
0.0,52600.0,10.0,13.28,0.26284249367250545,2,23,10,0.0,20,whole,VA,credit_card,0
0.0,87000.0,10.0,12.03,0.3677070106262113,0,11,10,0.0,20,whole,TN,major_purchase,0
0.0,80000.0,3.0,29.36,0.711789314438321,0,10,10,0.0,20,whole,CA,debt_consolidation,0
0.0,48000.0,8.0,28.78,0.47810081039027336,0,16,10,0.0,20,whole,OH,debt_consolidation,0
0.0,105000.0,10.0,19.82,0.6256160916477954,0,8,10,0.0,20,fractional,NJ,debt_consolidation,0
0.0,101640.0,6.0,12.84,0.10871508379888269,0,24,10,0.0,20,whole,CA,debt_consolidation,0
0.0,166000.0,10.0,19.81,0.16690615761359168,1,32,10,0.0,20,whole,MD,credit_card,0
0.0,30000.0,2.0,12.6,0.4508561687402997,0,5,10,0.0,20,whole,MD,credit_card,0
0.0,294000.0,10.0,29.52,0.4747647375486368,1,15,10,0.0,20,whole,WA,debt_consolidation,0
0.0,204000.0,10.0,28.2,0.765773666393203,0,14,10,0.0,20,whole,PA,debt_consolidation,1
0.0,95000.0,2.0,24.03,0.3669016393442623,0,27,10,0.0,20,whole,DC,debt_consolidation,0
0.0,90500.0,0.0,25.13,0.955801511369599,0,11,10,0.0,20,whole,PA,credit_card,0
0.0,20280.0,6.0,26.33,0.6756937799043062,0,20,10,0.0,20,whole,MA,credit_card,0
0.0,168000.0,6.0,13.4,0.49541104071850856,0,10,10,0.0,20,whole,CA,credit_card,0
0.0,43500.0,3.0,19.34,0.38094489141612725,0,6,10,0.0,20,whole,CA,debt_consolidation,0
0.0,70000.0,10.0,32.08,0.13751350101686588,8,33,10,0.0,20,whole,CT,credit_card,0
0.0,69108.0,10.0,17.36,0.4820170355244035,0,12,10,0.0,20,fractional,CA,credit_card,0
0.0,193500.0,0.0,10.23,0.028690077297395703,1,17,10,0.0,20,whole,VA,debt_consolidation,0
0.0,72000.0,7.0,29.66,0.23370608036638818,0,11,10,0.0,20,whole,CT,credit_card,0
0.0,35000.0,10.0,31.72,0.6107628865979381,0,23,10,0.0,20,fractional,NC,debt_consolidation,0
0.0,117000.0,10.0,30.86,0.46582182232923586,0,19,10,0.0,20,whole,AZ,medical,0
0.0,91690.0,6.0,21.56,0.6857846453191861,0,15,10,0.0,20,whole,AZ,credit_card,0
0.0,120000.0,4.0,26.24,0.400596037126411,1,24,10,0.0,20,whole,IN,credit_card,0
0.0,70000.0,3.0,15.14,0.6262326948606106,0,29,10,0.0,20,fractional,CA,debt_consolidation,0
0.0,55000.0,6.0,7.44,0.06215926493108729,1,22,10,0.0,20,whole,CA,debt_consolidation,0
0.0,105000.0,4.0,12.98,0.14979225672826182,0,14,10,0.0,20,whole,TX,debt_consolidation,0
0.0,146000.0,10.0,6.06,0.8122597561286052,0,4,10,0.0,20,fractional,CA,credit_card,0
0.0,120000.0,10.0,18.46,0.14024529742610028,0,19,10,0.0,20,whole,NY,house,0
0.0,142000.0,6.0,11.48,0.4251880097447304,0,15,10,0.0,20,whole,TX,debt_consolidation,0
0.0,49500.0,10.0,24.53,0.5473319315028922,0,22,10,0.0,20,whole,WV,debt_consolidation,0
0.0,113000.0,10.0,16.17,0.26291040871795524,0,17,10,0.0,20,whole,NC,debt_consolidation,0
0.0,100000.0,1.0,9.08,0.8022804114811884,0,10,10,0.0,20,whole,TX,credit_card,0
0.0,38678.0,7.0,11.7,0.9991804194762135,10,17,10,0.0,20,whole,ME,credit_card,0
0.0,25000.0,1.0,1.65,0.1525,0,14,10,0.0,20,whole,NV,major_purchase,0
0.0,77000.0,10.0,17.1,0.5132487885349005,0,15,10,0.0,20,whole,CA,debt_consolidation,0
0.0,42000.0,3.0,0.63,0.19545454545454546,0,25,10,0.0,20,whole,OH,debt_consolidation,0
0.0,120000.0,10.0,21.4,0.2404904308719839,0,16,10,0.0,20,whole,CA,other,0
0.0,133000.0,10.0,20.86,0.27886798177414895,0,12,10,0.0,20,whole,MD,other,0
0.0,64934.0,10.0,18.55,0.49705919421921607,1,16,10,0.0,20,whole,NY,debt_consolidation,0
0.0,45000.0,0.0,25.07,0.20108527647917668,0,12,10,0.0,20,whole,MD,debt_consolidation,0
0.0,65000.0,10.0,30.72,0.7989202686612025,0,15,10,0.0,20,whole,AZ,other,0
0.0,52000.0,5.0,22.52,0.24305004568751246,0,11,10,0.0,20,whole,TX,debt_consolidation,0
0.0,22800.0,2.0,20.59,0.5824774193548387,0,11,10,0.0,20,whole,AZ,debt_consolidation,0
0.0,152000.0,10.0,10.0,0.1375349281290786,0,15,10,0.0,20,whole,TX,home_improvement,0
0.0,37700.0,0.0,13.91,0.9906917188081767,0,24,10,0.0,20,whole,RI,credit_card,0
0.0,49300.0,10.0,14.0,0.25085215970064195,0,19,10,0.0,20,whole,PA,home_improvement,0
0.0,288000.0,10.0,33.54,0.5282203660358398,0,32,10,0.0,20,whole,FL,home_improvement,0
0.0,65000.0,6.0,15.92,0.25983025354533734,0,13,10,0.0,20,fractional,FL,debt_consolidation,0
0.0,90000.0,2.0,20.23,0.3927649296204781,0,19,10,0.0,20,whole,NY,credit_card,0
0.0,50000.0,6.0,24.27,0.4980046403712297,0,40,10,0.0,20,whole,KS,major_purchase,0
0.0,72000.0,2.0,14.18,0.6107831325301205,0,6,10,0.0,20,fractional,NY,other,0
0.0,70500.0,2.0,22.96,0.6854869268662372,0,11,10,0.0,20,whole,OK,debt_consolidation,0
0.0,36433.0,10.0,26.93,0.47838820008550664,0,14,10,0.0,20,whole,CA,debt_consolidation,0
0.0,68000.0,6.0,25.16,0.5475364653720434,0,29,10,0.0,20,whole,NC,debt_consolidation,0
0.0,340000.0,10.0,11.62,0.21087855297157623,0,9,10,0.0,20,whole,TX,debt_consolidation,1
0.0,70000.0,4.0,19.98,0.3936877783739131,0,12,10,0.0,20,whole,AZ,debt_consolidation,0
0.0,80000.0,1.0,9.29,0.8629203539823009,0,14,10,0.0,20,whole,MN,debt_consolidation,0
0.0,130000.0,10.0,17.28,0.2927227045225227,0,21,10,0.0,20,whole,VA,debt_consolidation,0
0.0,55000.0,4.0,24.22,1.0060263925764308,7,17,10,0.0,20,whole,MD,debt_consolidation,0
0.0,156000.0,10.0,29.99,0.24069649738067317,0,30,10,0.0,20,whole,WA,debt_consolidation,0
0.0,110000.0,6.0,12.15,0.21372482687256228,0,15,10,0.0,20,whole,OR,debt_consolidation,0
0.0,90000.0,10.0,11.47,0.15212979053632783,3,12,10,0.0,20,whole,OH,other,0
0.0,79000.0,9.0,25.49,0.1893616000767423,0,22,10,0.0,20,whole,OH,credit_card,0
0.0,59000.0,10.0,16.11,0.6044632925472747,0,16,10,0.0,20,whole,MA,credit_card,0
0.0,50000.0,10.0,34.09,0.5963190311490564,0,19,10,0.0,20,whole,SC,debt_consolidation,0
0.0,38000.0,10.0,11.5,0.2678915662650602,0,12,10,0.0,20,whole,CO,other,0
0.0,18000.0,6.0,28.0,0.1668888888888889,0,30,10,0.0,20,whole,SC,debt_consolidation,0
0.0,54000.0,10.0,17.18,0.5025,0,10,10,0.0,20,fractional,MI,debt_consolidation,0
0.0,112000.0,8.0,11.7,0.11563514964868467,0,11,10,0.0,20,whole,FL,debt_consolidation,0
0.0,85000.0,8.0,9.83,0.08093570451436388,0,25,10,0.0,20,whole,CA,debt_consolidation,0
0.0,25200.0,6.0,28.52,0.45007903480757444,0,4,10,0.0,20,whole,MS,debt_consolidation,0
0.0,49000.0,4.0,21.41,0.823975803485061,0,13,10,0.0,20,whole,CO,credit_card,0
0.0,68000.0,10.0,26.83,0.5223715158560653,0,11,10,0.0,20,whole,MN,debt_consolidation,0
0.0,48000.0,1.0,16.79,0.5991390225373512,0,4,10,0.0,20,whole,CA,debt_consolidation,0
0.0,289000.0,10.0,13.22,0.8523761777438248,0,22,10,0.0,20,whole,CA,credit_card,0
0.0,69860.0,10.0,13.0,0.5268973578340763,1,17,10,0.0,20,whole,OR,debt_consolidation,0
0.0,60000.0,10.0,37.5,0.8369656720606117,0,18,10,0.0,20,whole,IN,credit_card,0
0.0,86000.0,8.0,8.47,0.5350574712643679,0,10,10,0.0,20,whole,NY,debt_consolidation,0
0.0,75000.0,5.0,19.78,0.2317883861200364,4,12,10,0.0,20,fractional,IL,home_improvement,0
0.0,30000.0,7.0,28.81,0.2088095238095238,1,18,10,0.0,20,whole,NY,debt_consolidation,0
0.0,105000.0,10.0,21.97,0.11681753437646167,0,13,10,0.0,20,whole,NY,debt_consolidation,0
0.0,110000.0,8.0,16.31,0.15430078405210004,0,15,10,0.0,20,whole,CO,debt_consolidation,0
0.0,44000.0,10.0,3.25,0.014831302717900657,0,12,10,0.0,20,whole,NV,debt_consolidation,0
0.0,108000.0,10.0,28.65,0.29931923111251757,0,19,10,0.0,20,fractional,TX,debt_consolidation,0
0.0,55000.0,5.0,23.13,0.917618332487008,0,12,10,0.0,20,whole,PA,other,0
0.0,149000.0,0.0,15.4,0.9359062668367103,1,25,10,0.0,20,fractional,CA,debt_consolidation,0
0.0,25000.0,6.0,11.59,0.046457806973218795,1,40,10,0.0,20,whole,WI,other,0
0.0,55000.0,10.0,25.53,0.2882963980717069,0,14,10,0.0,20,whole,CA,credit_card,0
0.0,76000.0,10.0,28.52,0.41198092262149494,0,17,10,0.0,20,fractional,WI,car,0
0.0,35000.0,0.0,17.42,0.3231387610252935,0,9,10,0.0,20,whole,TX,major_purchase,0
0.0,37540.0,3.0,26.28,0.8160049119934507,0,3,10,0.0,20,fractional,LA,credit_card,0
0.0,62628.0,9.0,23.97,0.2670113473529298,0,30,10,0.0,20,whole,NC,home_improvement,0
0.0,41000.0,10.0,10.1,0.2524847791018369,0,9,10,0.0,20,whole,PA,home_improvement,0
0.0,62000.0,9.0,17.42,0.33451774276497265,0,22,10,0.0,20,whole,NC,debt_consolidation,0
0.0,10000.0,0.0,20.77,0.44585106382978723,0,9,10,0.0,20,fractional,CA,credit_card,0
0.0,48000.0,10.0,18.8,0.6309991545233004,0,16,10,0.0,20,whole,TX,credit_card,0
0.0,108000.0,10.0,8.2,0.1590018908698001,1,21,10,0.0,20,whole,MA,debt_consolidation,0
0.0,140000.0,4.0,14.46,0.31324141967711283,0,32,10,0.0,20,fractional,IN,debt_consolidation,0
0.0,70000.0,10.0,16.58,0.7799980804299836,0,11,10,0.0,20,whole,NJ,credit_card,0
0.0,55000.0,5.0,3.51,0.02397359932140845,0,28,10,0.0,20,whole,FL,debt_consolidation,0
0.0,100000.0,0.0,20.71,0.7034707862672386,0,11,10,0.0,20,whole,FL,debt_consolidation,0
0.0,90000.0,3.0,6.53,0.49921092564491654,0,10,10,0.0,20,whole,NY,debt_consolidation,0
0.0,168000.0,6.0,18.03,0.5256118265766698,0,13,10,0.0,20,fractional,NJ,other,0
0.0,150000.0,10.0,9.86,0.04026806286902619,0,26,10,0.0,20,whole,MA,credit_card,0
0.0,28000.0,3.0,30.65,0.3481498995153091,0,5,10,0.0,20,fractional,CT,debt_consolidation,0
0.0,50000.0,7.0,27.48,0.22176077828511118,0,9,10,0.0,20,whole,NC,other,0
0.0,190000.0,2.0,11.53,0.15276756277484962,1,22,10,0.0,20,whole,VA,credit_card,0
0.0,72000.0,4.0,5.55,0.32081521739130436,2,17,10,0.0,20,whole,KS,debt_consolidation,0
0.0,90000.0,1.0,19.29,0.5026235741444867,0,11,10,0.0,20,whole,NY,credit_card,0
0.0,75000.0,10.0,26.62,0.26648371631674656,0,33,10,0.0,20,whole,PA,credit_card,0
0.0,100000.0,9.0,29.43,0.19894357233771745,0,23,10,0.0,20,whole,MA,debt_consolidation,0
0.0,60000.0,5.0,8.16,0.31025785505379805,0,7,10,0.0,20,whole,CO,debt_consolidation,0
0.0,17000.0,6.0,18.15,0.5999285714285715,2,10,10,0.0,20,whole,NE,credit_card,0
0.0,42000.0,9.0,16.41,0.5115909090909091,0,4,10,0.0,20,whole,DE,debt_consolidation,0
0.0,80000.0,6.0,15.71,0.059953586147872835,0,13,10,0.0,20,whole,CA,debt_consolidation,0
0.0,69000.0,1.0,22.75,0.9475795335502012,0,9,10,0.0,20,fractional,CO,debt_consolidation,0
0.0,75000.0,8.0,13.58,0.08505337032892786,0,11,10,0.0,20,whole,CO,credit_card,0
0.0,156000.0,10.0,8.04,0.0360355221815242,1,25,10,0.0,20,whole,NY,debt_consolidation,0
0.0,55000.0,5.0,9.54,0.13118840579710145,0,22,10,0.0,20,whole,DE,major_purchase,0
0.0,128000.0,10.0,33.76,0.7517177852207,0,29,10,0.0,20,whole,CA,other,0
0.0,150000.0,2.0,21.42,0.15713503373799098,0,30,10,0.0,20,whole,MN,debt_consolidation,0
0.0,66000.0,8.0,17.69,0.7253138435081685,0,13,10,0.0,20,whole,PA,other,0
0.0,110000.0,0.0,6.09,0.0366678799543272,0,10,10,0.0,20,fractional,WA,other,0
0.0,31656.0,6.0,22.22,0.24020108888378983,0,13,10,0.0,20,fractional,FL,debt_consolidation,0
0.0,108954.0,10.0,34.99,0.4415749189240465,1,30,10,0.0,20,whole,KY,debt_consolidation,0
0.0,106000.0,5.0,15.66,0.4320799795216019,0,21,10,0.0,20,whole,MI,debt_consolidation,0
0.0,96800.0,3.0,13.2,0.28760805996704847,0,15,10,0.0,20,whole,AZ,debt_consolidation,0
0.0,43000.0,10.0,19.26,0.9067045513789688,0,14,10,0.0,20,whole,FL,other,0
0.0,70000.0,3.0,21.98,0.287115126358198,0,34,10,0.0,20,whole,AL,major_purchase,0
0.0,75000.0,6.0,22.16,0.23934426229508196,0,37,10,0.0,20,fractional,MI,debt_consolidation,0
0.0,61400.0,6.0,11.83,0.4221267217630854,0,9,10,0.0,20,whole,NY,debt_consolidation,0
0.0,90000.0,3.0,22.68,0.8678606408283196,0,10,10,0.0,20,fractional,CA,credit_card,0
0.0,50000.0,1.0,20.93,0.14598653816206114,0,14,10,0.0,20,whole,TX,major_purchase,0
0.0,31000.0,1.0,17.42,0.3807241353882457,0,12,10,0.0,20,whole,NC,credit_card,0
0.0,78000.0,3.0,16.51,0.7158215010141988,0,9,10,0.0,20,whole,CA,credit_card,0
0.0,130000.0,7.0,14.76,0.19861546536535543,0,12,10,0.0,20,whole,ND,home_improvement,0
0.0,122000.0,1.0,24.01,0.14675378114995133,0,25,10,0.0,20,whole,FL,debt_consolidation,0
0.0,57000.0,10.0,2.58,0.0017337735972834424,0,18,10,0.0,20,whole,FL,house,0
0.0,82000.0,1.0,18.35,0.4352151677234885,0,9,10,0.0,20,whole,DE,debt_consolidation,0
0.0,50000.0,5.0,30.96,0.18233414771659462,1,21,10,0.0,20,whole,TX,debt_consolidation,0
0.0,74000.0,10.0,14.26,0.6201624129930394,0,15,10,0.0,20,whole,CA,debt_consolidation,0
0.0,110000.0,2.0,23.36,0.8809795918367347,0,10,10,0.0,20,whole,WI,debt_consolidation,0
0.0,25000.0,10.0,8.68,0.31945098039215686,0,13,10,0.0,20,whole,NJ,other,1
0.0,140000.0,9.0,11.16,0.11063522825150732,0,26,10,0.0,20,whole,CA,credit_card,0
0.0,45000.0,10.0,25.47,0.48724691673667164,0,17,10,0.0,20,whole,GA,home_improvement,0
0.0,49000.0,10.0,23.22,0.17721059364403702,0,12,10,0.0,20,whole,CA,debt_consolidation,0
0.0,70000.0,6.0,20.44,0.5766062197423484,0,19,10,0.0,20,whole,CO,debt_consolidation,0
0.0,40000.0,2.0,22.05,0.7576965814759135,0,14,10,0.0,20,whole,NY,credit_card,0
0.0,96000.0,5.0,22.4,0.26950722009972156,0,15,10,0.0,20,whole,CA,debt_consolidation,0
0.0,170000.0,3.0,13.18,0.07082151702670547,0,20,10,0.0,20,whole,NY,credit_card,0
0.0,86000.0,10.0,16.72,0.22505797101449276,0,12,10,0.0,20,whole,TX,debt_consolidation,0
0.0,38000.0,0.0,7.58,0.3877092511013216,0,10,10,0.0,20,whole,CA,credit_card,0
0.0,100000.0,10.0,15.0,0.6471756000721891,0,18,10,0.0,20,whole,MA,credit_card,0
0.0,70000.0,10.0,31.53,0.6751437889119478,0,17,10,0.0,20,fractional,OH,credit_card,0
0.0,46500.0,6.0,16.52,0.5893621867881549,0,18,10,0.0,20,whole,RI,other,0
0.0,82000.0,6.0,9.06,0.09066879457383671,0,10,10,0.0,20,whole,NJ,other,0
0.0,81900.0,5.0,11.21,0.06191420164162924,0,15,10,0.0,20,fractional,WA,credit_card,0
0.0,83000.0,10.0,31.74,0.2483494872875404,0,11,10,0.0,20,whole,TN,debt_consolidation,0
0.0,35000.0,4.0,0.86,1.0289348710990502,0,8,10,0.0,20,fractional,WA,other,1
0.0,62000.0,0.0,19.3,0.0378947662969531,1,20,10,0.0,20,whole,MD,credit_card,0
0.0,88000.0,10.0,38.22,0.6896496512523892,0,14,10,0.0,20,whole,KS,credit_card,0
0.0,125577.0,10.0,14.51,0.23729547959270178,0,17,10,0.0,20,whole,TX,credit_card,0
0.0,65000.0,10.0,11.35,0.13982833247744111,1,16,10,0.0,20,whole,VT,debt_consolidation,0
0.0,65926.0,7.0,11.76,0.7993740044155045,0,41,10,0.0,20,whole,CA,debt_consolidation,0
0.0,120000.0,10.0,12.49,0.5814361062892242,0,15,10,0.0,20,whole,CA,other,0
0.0,60000.0,6.0,19.04,0.21389942587656346,0,13,10,0.0,20,whole,WV,debt_consolidation,0
0.0,35000.0,6.0,31.0,0.3874516627996906,0,6,10,0.0,20,fractional,NJ,debt_consolidation,0
0.0,63500.0,1.0,9.96,0.5493517274092814,0,15,10,0.0,20,fractional,IL,debt_consolidation,0
0.0,101000.0,10.0,17.0,0.6527386120309374,0,15,10,0.0,20,fractional,MN,major_purchase,0
0.0,60000.0,3.0,24.14,0.5894148586456279,0,36,10,0.0,20,whole,CT,debt_consolidation,0
0.0,60000.0,4.0,23.52,0.7509412597310686,0,12,10,0.0,20,whole,WA,credit_card,0
0.0,21000.0,10.0,2.97,0.254,1,24,10,0.0,20,whole,LA,home_improvement,0
0.0,60000.0,4.0,6.36,0.08773551921059788,1,18,10,0.0,20,fractional,WI,debt_consolidation,0
0.0,80000.0,4.0,32.36,0.41965900127419453,0,8,10,0.0,20,whole,NY,debt_consolidation,0
0.0,39000.0,10.0,23.52,0.5825697540036322,0,7,10,0.0,20,whole,IL,debt_consolidation,0
0.0,128000.0,10.0,21.78,0.4136069704131857,1,12,10,0.0,20,whole,PA,debt_consolidation,0
0.0,200000.0,10.0,17.15,0.7580177172936192,0,6,10,0.0,20,whole,TX,credit_card,0
0.0,115000.0,10.0,11.85,0.6293651017700365,0,13,10,0.0,20,whole,IL,debt_consolidation,0
0.0,149500.0,2.0,10.29,0.3413383099032251,0,28,10,0.0,20,whole,CA,debt_consolidation,0
0.0,160000.0,4.0,6.1,0.060273944487630425,0,21,10,0.0,20,whole,IN,debt_consolidation,0
0.0,10800.0,0.0,0.0,0.0,0,11,10,0.0,20,whole,OH,major_purchase,0
0.0,126000.0,10.0,25.17,0.21115236187777833,0,20,10,0.0,20,whole,OR,debt_consolidation,0
0.0,85000.0,10.0,14.17,0.10347058384979642,0,17,10,0.0,20,whole,NV,debt_consolidation,0
0.0,58000.0,3.0,21.19,0.8543573149973878,1,16,10,0.0,20,fractional,MN,debt_consolidation,0
0.0,55000.0,10.0,27.32,0.18307211143365595,1,14,10,0.0,20,fractional,VT,debt_consolidation,0
0.0,100000.0,2.0,31.39,0.7572753784008714,0,17,10,0.0,20,whole,OR,debt_consolidation,0
0.0,121000.0,10.0,11.82,0.8539065012795592,1,19,10,0.0,20,whole,WA,credit_card,0
0.0,22000.0,9.0,30.01,0.3943666082895505,0,20,10,0.0,20,whole,NY,credit_card,0
0.0,74001.0,6.0,20.33,0.8296928932971336,0,12,10,0.0,20,whole,ID,credit_card,0
0.0,115000.0,5.0,9.52,0.04779209903657385,1,20,10,0.0,20,whole,KS,debt_consolidation,0
0.0,81000.0,6.0,18.76,0.2708391608391608,0,8,10,0.0,20,whole,FL,home_improvement,0
0.0,79000.0,10.0,35.87,0.5134573654441322,1,17,10,0.0,20,whole,NY,home_improvement,0
0.0,90000.0,2.0,7.51,0.09641983762105057,0,24,10,0.0,20,whole,CT,debt_consolidation,0
0.0,75000.0,3.0,28.19,0.24430172568461678,0,12,10,0.0,20,whole,CO,debt_consolidation,0
0.0,31000.0,1.0,6.25,0.39575471698113207,0,10,10,0.0,20,fractional,NV,debt_consolidation,0
0.0,172000.0,3.0,4.35,0.47419462322220857,0,15,10,0.0,20,whole,CA,debt_consolidation,1
0.0,49992.0,2.0,19.16,0.704887515842839,1,13,10,0.0,20,whole,SD,credit_card,0
0.0,100800.0,10.0,32.4,0.7995034992078442,3,13,10,0.0,20,whole,CO,debt_consolidation,0
0.0,55000.0,5.0,12.28,0.0667702729072004,0,27,10,0.0,20,whole,NC,debt_consolidation,0
0.0,150000.0,10.0,6.9,0.731362624012958,1,15,10,0.0,20,whole,TX,home_improvement,0
0.0,280000.0,8.0,7.35,0.040214986679861314,0,18,10,0.0,20,fractional,CA,medical,0
0.0,65000.0,10.0,16.98,0.5764451827242525,0,34,10,0.0,20,whole,MA,debt_consolidation,0
0.0,32000.0,8.0,27.74,0.22544673864999684,0,33,10,0.0,20,whole,NY,debt_consolidation,0
0.0,195000.0,10.0,23.32,0.6902035623409669,0,14,10,0.0,20,whole,MS,debt_consolidation,0
0.0,101000.0,3.0,9.04,0.1273839606330629,0,15,10,0.0,20,whole,FL,other,0
0.0,70500.0,4.0,11.47,0.10528390124162157,0,23,10,0.0,20,fractional,TX,debt_consolidation,0
0.0,45000.0,3.0,22.19,0.5077214808004482,0,19,10,0.0,20,fractional,CA,debt_consolidation,0
0.0,60000.0,10.0,22.58,0.4802587822722051,0,37,10,0.0,20,whole,NJ,debt_consolidation,0
0.0,110000.0,10.0,20.64,0.18120886083375376,0,22,10,0.0,20,whole,CO,credit_card,0
0.0,151400.0,10.0,25.08,0.12364530650808647,0,13,10,0.0,20,whole,CA,debt_consolidation,0
0.0,87000.0,3.0,26.33,0.6697999319004921,0,14,10,0.0,20,whole,VA,debt_consolidation,0
0.0,52000.0,4.0,10.11,0.07708075074487289,0,17,10,0.0,20,fractional,CA,credit_card,0
0.0,48000.0,0.0,11.26,0.6550303916032816,0,12,10,0.0,20,fractional,WI,credit_card,0
0.0,25000.0,10.0,30.34,0.23927198409879682,0,21,10,0.0,20,whole,WY,other,0
0.0,90000.0,1.0,30.06,0.3979919423688871,0,6,10,0.0,20,whole,FL,debt_consolidation,0
0.0,36000.0,6.0,21.33,0.5826689189189189,0,5,10,0.0,20,whole,CA,other,0
0.0,92000.0,10.0,16.42,0.8956253686330807,0,16,10,0.0,20,whole,MD,debt_consolidation,0
0.0,74000.0,5.0,12.84,0.2602276903231613,0,11,10,0.0,20,whole,MD,debt_consolidation,0
0.0,76000.0,10.0,15.06,0.29483499120991613,0,15,10,0.0,20,fractional,GA,debt_consolidation,0
0.0,102000.0,10.0,39.73,0.3017364652887799,0,13,10,0.0,20,fractional,OK,debt_consolidation,0
0.0,85000.0,4.0,8.74,0.4358780276816609,1,5,10,0.0,20,whole,FL,debt_consolidation,0
0.0,70000.0,2.0,15.31,0.12102264782753663,0,17,10,0.0,20,whole,TX,debt_consolidation,0
0.0,250000.0,4.0,25.24,0.2825456691491831,2,23,10,0.0,20,whole,MA,home_improvement,0
0.0,35000.0,4.0,15.43,1.134496977913348,0,15,10,0.0,20,whole,MI,debt_consolidation,0
0.0,87000.0,2.0,20.7,0.15221720608823905,1,34,10,0.0,20,whole,UT,debt_consolidation,0
0.0,56000.0,10.0,13.92,0.34207093390766863,2,20,10,0.0,20,whole,NY,debt_consolidation,0
0.0,70000.0,9.0,24.81,0.18456483948694888,0,30,10,0.0,20,whole,MN,debt_consolidation,0
0.0,90000.0,6.0,23.13,1.0475316553788927,0,16,10,0.0,20,whole,TX,car,0
0.0,86000.0,3.0,25.9,0.874903951701427,0,17,10,0.0,20,whole,NJ,credit_card,0
0.0,113000.0,6.0,11.98,0.2535675985794966,0,19,10,0.0,20,whole,IL,moving,0
0.0,60000.0,2.0,6.25,0.47481847674957517,0,5,10,0.0,20,fractional,PA,debt_consolidation,0
0.0,123000.0,10.0,17.46,0.1544620056594658,0,16,10,0.0,20,whole,NJ,debt_consolidation,0
0.0,50000.0,6.0,25.4,0.17241689654086212,0,8,10,0.0,20,fractional,TN,debt_consolidation,0
0.0,57000.0,6.0,22.48,0.4468499176637225,0,12,10,0.0,20,whole,MD,other,0
0.0,30000.0,6.0,17.08,0.08478,0,45,10,0.0,20,whole,CA,house,0
0.0,90000.0,5.0,11.68,0.08345289585667857,1,27,10,0.0,20,fractional,TX,debt_consolidation,0
0.0,65000.0,10.0,4.87,0.19477777777777777,0,12,10,0.0,20,whole,RI,credit_card,0
0.0,44200.0,2.0,5.1,0.21705882352941178,0,10,10,0.0,20,whole,NJ,credit_card,0
0.0,52000.0,2.0,34.92,0.6442896308258534,1,7,10,0.0,20,whole,MN,debt_consolidation,0
0.0,75000.0,3.0,29.47,0.2139040581715413,0,10,10,0.0,20,whole,TX,debt_consolidation,0
0.0,252000.0,10.0,11.22,0.09214642588903765,1,16,10,0.0,20,whole,FL,debt_consolidation,0
0.0,100000.0,10.0,1.54,0.08649484536082475,1,15,10,0.0,20,whole,TX,credit_card,0
0.0,79300.0,9.0,26.09,0.672718779196512,0,18,10,0.0,20,whole,NY,debt_consolidation,0
0.0,55000.0,0.0,0.59,0.3015299982809008,1,19,10,0.0,20,fractional,CA,other,0
0.0,57000.0,4.0,9.07,0.5116935483870968,0,33,10,0.0,20,whole,FL,debt_consolidation,0
0.0,63500.0,6.0,1.08,0.7266176470588235,0,11,10,0.0,20,fractional,AZ,debt_consolidation,0
0.0,70000.0,10.0,12.84,0.026202508543270168,2,11,10,0.0,20,whole,MD,medical,0
0.0,90000.0,2.0,17.64,0.7178162774848452,0,12,10,0.0,20,whole,NY,credit_card,0
0.0,100000.0,3.0,17.04,0.06541539058178064,0,16,10,0.0,20,whole,IL,credit_card,0
0.0,38400.0,5.0,15.68,0.43083989501312336,0,11,10,0.0,20,whole,FL,debt_consolidation,0
0.0,67000.0,10.0,23.13,0.18282430164248892,0,21,10,0.0,20,whole,CA,debt_consolidation,0
0.0,95000.0,1.0,7.52,0.816764705882353,0,20,10,0.0,20,whole,GA,credit_card,0
0.0,50000.0,10.0,17.21,0.32579537432547234,0,14,10,0.0,20,fractional,PA,debt_consolidation,0
0.0,78000.0,10.0,19.42,0.09273476387570348,3,13,10,0.0,20,whole,CA,credit_card,0
0.0,25000.0,2.0,21.56,0.6175277067348679,0,6,10,0.0,20,whole,FL,debt_consolidation,0
0.0,60000.0,0.0,14.6,0.6810623556581986,0,10,10,0.0,20,whole,WA,debt_consolidation,0
0.0,30000.0,6.0,25.88,0.421249964360049,0,22,10,0.0,20,whole,MI,debt_consolidation,0
0.0,37500.0,4.0,28.58,0.8942095992954645,0,4,10,0.0,20,whole,FL,debt_consolidation,0
0.0,130000.0,10.0,5.98,0.5174875302410322,0,16,10,0.0,20,whole,CA,home_improvement,0
0.0,180000.0,10.0,19.87,0.15231328743562705,0,26,10,0.0,20,whole,CA,other,0
0.0,83000.0,10.0,17.52,0.3066124206119239,0,16,10,0.0,20,whole,MI,credit_card,0
0.0,100000.0,4.0,7.2,0.5120567375886524,0,15,10,0.0,20,whole,TN,debt_consolidation,0
0.0,105000.0,10.0,32.69,0.23064333639085352,0,17,10,0.0,20,whole,NY,debt_consolidation,0
0.0,78000.0,6.0,20.06,0.2055792397997721,0,22,10,0.0,20,whole,CO,debt_consolidation,0
0.0,130000.0,0.0,17.28,0.22673513782144897,0,16,10,0.0,20,whole,FL,debt_consolidation,0
0.0,30000.0,2.0,26.56,0.22593775593775595,0,12,10,0.0,20,whole,MO,credit_card,0
0.0,75000.0,7.0,22.45,0.5874476541036515,0,19,10,0.0,20,whole,NY,credit_card,0
0.0,104000.0,2.0,22.48,0.1731375839431672,0,12,10,0.0,20,whole,CT,debt_consolidation,0
0.0,50000.0,8.0,23.07,0.6566652966159748,0,16,10,0.0,20,fractional,ID,debt_consolidation,0
0.0,30000.0,5.0,37.84,0.7306423052157115,0,18,10,0.0,20,whole,MD,debt_consolidation,0
0.0,24000.0,6.0,13.75,0.7231229235880399,0,11,10,0.0,20,whole,NY,credit_card,0
0.0,60000.0,1.0,18.32,0.17521964856230032,0,11,10,0.0,20,whole,NE,debt_consolidation,0
0.0,109800.0,10.0,19.28,0.03406798481474806,0,16,10,0.0,20,whole,PA,debt_consolidation,0
0.0,72000.0,10.0,33.26,0.6160322279308734,1,20,10,0.0,20,whole,CA,credit_card,0
0.0,105000.0,10.0,13.51,0.597084824922694,0,16,10,0.0,20,whole,CA,credit_card,0
0.0,90000.0,0.0,7.8,0.576979601434366,0,14,10,0.0,20,whole,CA,credit_card,0
0.0,40000.0,2.0,29.67,0.1307308017321021,1,7,10,0.0,20,fractional,NV,vacation,0
0.0,34000.0,10.0,25.73,0.687208480565371,0,24,10,0.0,20,whole,KS,debt_consolidation,0
0.0,96000.0,5.0,30.28,0.7021395348837209,0,14,10,0.0,20,fractional,NC,major_purchase,0
0.0,133000.0,2.0,20.1,0.2515116119860646,0,21,10,0.0,20,whole,WA,debt_consolidation,0
0.0,40000.0,6.0,19.77,0.4870333797390488,0,14,10,0.0,20,whole,CT,debt_consolidation,0
0.0,152000.0,6.0,10.34,0.4540775401069519,0,12,10,0.0,20,whole,FL,debt_consolidation,0
0.0,50000.0,8.0,23.33,0.17053524112347643,0,16,10,0.0,20,whole,OH,credit_card,0
0.0,28201.32,6.0,35.74,0.4852002103523402,0,18,10,0.0,20,fractional,OH,debt_consolidation,0
0.0,113000.0,10.0,8.98,0.5719681908548708,0,5,10,0.0,20,whole,CA,other,0
0.0,27000.0,7.0,23.87,0.598274186283574,0,13,10,0.0,20,whole,PA,debt_consolidation,0
0.0,90000.0,10.0,7.68,0.5589221824686941,0,17,10,0.0,20,fractional,CA,debt_consolidation,0
0.0,77000.0,10.0,21.56,0.3668831625265348,0,15,10,0.0,20,whole,IL,debt_consolidation,0
0.0,36000.0,3.0,26.73,0.3950053318730726,2,11,10,0.0,20,fractional,FL,debt_consolidation,1
0.0,54000.0,10.0,29.73,0.49990967728224256,0,16,10,0.0,20,whole,MO,credit_card,0
0.0,180000.0,0.0,12.03,0.22634726189899773,0,22,10,0.0,20,fractional,NC,debt_consolidation,1
0.0,185000.0,2.0,4.75,0.0821421144777531,0,11,10,0.0,20,whole,CT,debt_consolidation,0
0.0,50000.0,10.0,24.05,0.5978828704976629,0,20,10,0.0,20,fractional,MI,home_improvement,0
0.0,30000.0,10.0,30.8,0.27767046377701154,0,23,10,0.0,20,whole,KS,debt_consolidation,0
0.0,40000.0,3.0,5.27,0.4074242424242424,0,3,10,0.0,20,whole,NY,credit_card,0
0.0,85010.0,10.0,13.03,0.8026311873083907,0,22,10,0.0,20,whole,CA,credit_card,0
0.0,82000.0,5.0,12.56,0.11701103752759381,3,26,10,0.0,20,whole,TX,debt_consolidation,0
0.0,48000.0,3.0,32.25,0.5823269550852866,0,11,10,0.0,20,whole,TX,debt_consolidation,0
0.0,48000.0,10.0,24.68,0.5617434620174346,0,24,10,0.0,20,whole,WY,credit_card,0
0.0,60000.0,4.0,15.46,0.07671676300578034,0,21,10,0.0,20,whole,CA,house,0
0.0,48769.0,8.0,11.07,0.8135087719298245,0,17,10,0.0,20,fractional,NC,debt_consolidation,0
0.0,155555.0,10.0,20.15,0.22654979995090005,0,14,10,0.0,20,whole,CA,debt_consolidation,0
0.0,67000.0,10.0,32.65,0.19917238457639555,0,35,10,0.0,20,fractional,WA,credit_card,0
0.0,24576.0,6.0,26.66,0.5912422102201911,0,16,10,0.0,20,whole,SD,credit_card,0
0.0,133000.0,10.0,14.91,0.05383820408862145,0,22,10,0.0,20,whole,IL,debt_consolidation,0
0.0,110000.0,10.0,5.66,0.0651883883274721,0,15,10,0.0,20,whole,IL,debt_consolidation,0
0.0,300000.0,0.0,22.74,0.41302368255060495,0,32,10,0.0,20,whole,NC,debt_consolidation,0
0.0,55000.0,6.0,26.16,0.1283697000523271,0,22,10,0.0,20,whole,FL,debt_consolidation,0
0.0,60000.0,10.0,3.1,0.01888888888888889,0,17,10,0.0,20,whole,CO,home_improvement,0
0.0,72135.0,10.0,23.69,0.29236105425341086,0,20,10,0.0,20,whole,IL,debt_consolidation,0
0.0,46000.0,2.0,25.06,0.3649964412811388,0,7,10,0.0,20,whole,NY,credit_card,0
0.0,61584.0,10.0,14.07,0.6228795811518325,0,24,10,0.0,20,fractional,NY,debt_consolidation,0
0.0,72000.0,6.0,20.92,0.839610629646363,0,9,10,0.0,20,whole,TX,credit_card,0
0.0,100000.0,3.0,13.62,0.06555888972243061,2,14,10,0.0,20,whole,CA,debt_consolidation,0
0.0,300000.0,2.0,5.83,0.08433678016164849,0,13,10,0.0,20,whole,CT,credit_card,0
0.0,91000.0,10.0,10.72,0.11151549356561578,0,15,10,0.0,20,whole,KY,debt_consolidation,0
0.0,35000.0,6.0,21.67,0.5660964674301053,0,11,10,0.0,20,fractional,IN,credit_card,0
0.0,102900.0,4.0,14.72,0.5583441226575809,0,20,10,0.0,20,whole,MD,debt_consolidation,0
0.0,59789.0,2.0,13.29,0.7440491809423848,0,10,10,0.0,20,whole,SC,debt_consolidation,0
0.0,96000.0,10.0,19.71,0.3762882695822384,1,13,10,0.0,20,fractional,OH,credit_card,0
0.0,37000.0,0.0,19.1,0.8288234256482625,0,12,10,0.0,20,whole,CA,credit_card,0
0.0,45000.0,6.0,11.92,0.06360799109280443,1,17,10,0.0,20,fractional,NJ,debt_consolidation,0
0.0,206000.0,10.0,25.38,0.337091494606271,0,24,10,0.0,20,whole,CA,debt_consolidation,0
0.0,65000.0,10.0,37.54,0.7452937309508157,1,17,10,0.0,20,whole,IL,credit_card,0
0.0,65000.0,3.0,35.6,0.6984415455088627,0,12,10,0.0,20,whole,OR,credit_card,0
0.0,120000.0,10.0,12.79,0.5704992867332382,0,21,10,0.0,20,whole,TX,other,0
0.0,100744.0,1.0,30.93,0.2590514497831075,2,22,10,0.0,20,fractional,NC,credit_card,0
0.0,113000.0,0.0,17.95,0.1195680277589379,0,16,10,0.0,20,whole,OK,debt_consolidation,0
0.0,140000.0,3.0,36.66,0.6233392105677247,0,17,10,0.0,20,whole,CO,credit_card,0
0.0,85500.0,10.0,20.28,0.2277157322611868,0,15,10,0.0,20,whole,NY,debt_consolidation,0
0.0,65000.0,10.0,9.38,0.2002044989775051,0,38,10,0.0,20,whole,FL,debt_consolidation,0
0.0,37000.0,8.0,5.84,0.43644444444444447,0,14,10,0.0,20,whole,OH,credit_card,0
0.0,60000.0,3.0,10.04,0.754318536976813,5,12,10,0.0,20,whole,VA,debt_consolidation,0
0.0,75000.0,5.0,15.84,0.18978721106070426,0,14,10,0.0,20,whole,WY,credit_card,0
0.0,108000.0,10.0,11.96,0.5724615384615385,0,26,10,0.0,20,whole,VA,debt_consolidation,0
0.0,79000.0,4.0,25.09,0.280762691557219,0,19,10,0.0,20,whole,FL,credit_card,0
0.0,78400.0,10.0,23.01,0.08692082272632017,2,20,10,0.0,20,whole,MA,home_improvement,0
0.0,75000.0,2.0,9.12,0.12498168498168498,0,4,10,0.0,20,whole,IL,other,0
0.0,95000.0,10.0,19.74,0.13149139924523112,0,17,10,0.0,20,whole,AZ,other,0
0.0,65000.0,2.0,9.37,0.5657795459222169,0,18,10,0.0,20,whole,GA,debt_consolidation,0
0.0,33186.0,3.0,9.48,0.35375,0,16,10,0.0,20,whole,FL,debt_consolidation,0
0.0,39000.0,2.0,13.29,0.048960765332270374,0,14,10,0.0,20,whole,AZ,debt_consolidation,0
0.0,48000.0,10.0,8.98,0.39820510964753564,1,22,10,0.0,20,fractional,FL,debt_consolidation,0
0.0,78000.0,0.0,18.28,0.5374827032326702,0,22,10,0.0,20,whole,CA,credit_card,0
0.0,24000.0,6.0,17.95,0.7107575757575758,0,11,10,0.0,20,fractional,NY,credit_card,0
0.0,92000.0,2.0,19.3,0.4725608864719469,0,10,10,0.0,20,fractional,NJ,debt_consolidation,0
0.0,85280.0,3.0,23.34,0.8038454161871883,0,9,10,0.0,20,whole,MD,other,0
0.0,89000.0,10.0,18.42,0.6496883760172005,0,16,10,0.0,20,whole,NY,debt_consolidation,0
0.0,40000.0,5.0,25.37,0.5785507246376812,0,11,10,0.0,20,whole,OR,debt_consolidation,0
0.0,418000.0,7.0,16.05,0.3577208440507556,1,15,10,0.0,20,whole,CO,home_improvement,0
0.0,155000.0,10.0,21.42,0.39203502903703374,0,19,10,0.0,20,whole,MN,other,0
0.0,135000.0,3.0,4.2,0.4180255261811785,0,9,10,0.0,20,whole,LA,debt_consolidation,0
0.0,281125.0,3.0,7.15,0.06042483379007779,0,39,10,0.0,20,fractional,MD,credit_card,0
0.0,175000.0,4.0,28.27,0.39834936265592114,0,32,10,0.0,20,fractional,LA,debt_consolidation,0
0.0,108000.0,1.0,17.32,0.7814816059694469,0,11,10,0.0,20,whole,OR,credit_card,0
0.0,81000.0,8.0,8.55,0.3488955823293173,0,4,10,0.0,20,whole,CT,debt_consolidation,0
0.0,97598.0,10.0,14.81,0.9378210848749428,0,24,10,0.0,20,fractional,CA,other,0
0.0,240000.0,3.0,4.57,0.28925673736662233,0,23,10,0.0,20,whole,MA,debt_consolidation,0
0.0,38000.0,2.0,24.51,0.7010899230538975,0,7,10,0.0,20,fractional,FL,debt_consolidation,0
0.0,80000.0,0.0,27.86,0.8800725131750985,0,33,10,0.0,20,whole,MA,debt_consolidation,0
0.0,130000.0,2.0,6.25,0.30409259080243606,0,10,10,0.0,20,fractional,NC,other,0
0.0,50000.0,2.0,17.71,0.738831074920615,0,7,10,0.0,20,whole,OH,debt_consolidation,0
0.0,70000.0,10.0,16.37,0.3109023668639053,0,11,10,0.0,20,whole,CA,other,0
0.0,58800.0,6.0,11.78,0.7332180833713876,0,5,10,0.0,20,whole,NY,other,0
0.0,87120.0,9.0,17.48,0.5376325411334552,0,16,10,0.0,20,whole,AZ,debt_consolidation,0
0.0,60000.0,6.0,36.71,0.6243717805712566,0,35,10,0.0,20,fractional,IL,debt_consolidation,0
0.0,100000.0,10.0,37.83,0.31620431513672603,0,24,10,0.0,20,whole,VA,other,0
0.0,128500.0,3.0,24.41,0.27209161879510974,0,21,10,0.0,20,fractional,CA,debt_consolidation,0
0.0,30000.0,3.0,16.72,0.4116434540389972,0,21,10,0.0,20,whole,WA,debt_consolidation,0
0.0,105000.0,10.0,17.68,0.17858499886009574,0,17,10,0.0,20,whole,OH,credit_card,0
0.0,141000.0,10.0,6.67,0.486359456421784,0,6,10,0.0,20,whole,NY,credit_card,0
0.0,88000.0,5.0,14.97,0.5273022641892577,0,19,10,0.0,20,whole,GA,small_business,0
0.0,55000.0,10.0,19.75,0.24421701529161804,0,20,10,0.0,20,whole,WI,debt_consolidation,0
0.0,110000.0,8.0,23.49,0.5028775956594609,1,5,10,0.0,20,whole,FL,debt_consolidation,0
0.0,90000.0,9.0,16.51,0.4369982196244415,0,9,10,0.0,20,whole,NC,small_business,0
0.0,31972.0,10.0,12.34,0.2423918714133108,0,7,10,0.0,20,whole,TX,other,0
0.0,26000.0,7.0,38.64,0.27188815190140264,0,19,10,0.0,20,whole,WV,debt_consolidation,0
0.0,28000.0,10.0,28.81,0.30814367642619983,0,24,10,0.0,20,whole,TX,credit_card,0
0.0,127000.0,8.0,10.66,0.12543063274534846,1,13,10,0.0,20,fractional,CT,debt_consolidation,0
0.0,175000.0,6.0,18.33,0.5921684255946496,0,26,10,0.0,20,whole,CA,credit_card,0
0.0,91200.0,5.0,26.25,0.7673438009597913,0,23,10,0.0,20,whole,IN,debt_consolidation,0
0.0,60000.0,7.0,27.52,0.7443068676917549,0,7,10,0.0,20,whole,AR,debt_consolidation,0
0.0,43437.0,1.0,18.4,0.6314730878186969,0,11,10,0.0,20,whole,VA,credit_card,0
0.0,68000.0,4.0,13.01,0.6483772637618791,0,12,10,0.0,20,whole,FL,debt_consolidation,0
0.0,54164.0,2.0,33.5,0.888592268153189,0,12,10,0.0,20,whole,NC,debt_consolidation,0
0.0,68000.0,10.0,15.16,0.6162266580811333,0,13,10,0.0,20,whole,FL,debt_consolidation,0
0.0,101000.0,3.0,27.77,0.5062904217844296,0,30,10,0.0,20,whole,WA,medical,0
0.0,22500.0,6.0,28.13,0.3767924528301887,0,19,10,0.0,20,whole,MI,debt_consolidation,0
0.0,117000.0,10.0,25.15,0.22480829645644024,0,18,10,0.0,20,whole,VA,other,0
0.0,235000.0,10.0,7.81,0.42668838704868983,0,13,10,0.0,20,whole,KY,other,0
0.0,70000.0,2.0,20.7,0.8394042167251081,0,11,10,0.0,20,whole,NJ,credit_card,0
0.0,40000.0,2.0,4.32,0.4843103448275862,0,12,10,0.0,20,whole,NY,other,0
0.0,57000.0,10.0,27.88,0.2855090984555563,0,15,10,0.0,20,whole,AZ,other,0
0.0,75000.0,10.0,26.25,0.22027399679408807,0,18,10,0.0,20,whole,AK,debt_consolidation,0
0.0,36000.0,1.0,20.93,0.2074588851695532,0,13,10,0.0,20,whole,MN,credit_card,0
0.0,180000.0,1.0,17.05,0.1424228915367159,0,19,10,0.0,20,fractional,NJ,other,0
0.0,69351.0,7.0,25.37,0.2059547147618114,0,16,10,0.0,20,whole,NC,debt_consolidation,0
0.0,37000.0,10.0,11.43,0.33765690376569035,0,5,10,0.0,20,whole,IL,house,0
0.0,55500.0,7.0,8.59,0.18184387686931497,0,13,10,0.0,20,whole,MI,renewable_energy,0
0.0,102000.0,3.0,9.31,0.07565812983919,0,11,10,0.0,20,whole,MD,small_business,0
0.0,61000.0,7.0,1.08,0.06942148760330578,1,11,10,0.0,20,whole,NV,other,0
0.0,316317.0,10.0,10.08,0.1899445363393984,0,34,10,0.0,20,fractional,IL,debt_consolidation,0
0.0,44000.0,1.0,25.67,0.5881923056846061,0,15,10,0.0,20,whole,FL,other,0
0.0,31000.0,10.0,19.13,0.9704918032786886,0,27,10,0.0,20,whole,CA,credit_card,0
0.0,65000.0,3.0,5.58,0.04929938506771053,0,11,10,0.0,20,whole,CA,other,0
0.0,65000.0,6.0,14.79,0.11419906719929726,0,35,10,0.0,20,whole,NY,debt_consolidation,0
0.0,137872.0,9.0,35.53,0.6945790328425517,0,13,10,0.0,20,whole,CA,debt_consolidation,0
0.0,110000.0,10.0,4.2,0.03941382091960204,0,19,10,0.0,20,whole,PA,debt_consolidation,0
0.0,125000.0,1.0,2.76,0.7811586257309941,0,4,10,0.0,20,whole,CA,debt_consolidation,0
0.0,54000.0,5.0,1.71,0.022069742936260937,0,6,10,0.0,20,fractional,GA,debt_consolidation,0
0.0,75250.0,0.0,19.41,0.38359497429411926,1,6,10,0.0,20,whole,TN,debt_consolidation,0
0.0,115000.0,10.0,16.57,0.1477606193781083,0,21,10,0.0,20,whole,CA,debt_consolidation,0
0.0,60000.0,2.0,20.87,0.6785914120173998,0,8,10,0.0,20,fractional,MT,debt_consolidation,0
0.0,135000.0,8.0,19.46,0.07802771476207396,0,6,10,0.0,20,whole,OH,debt_consolidation,0
0.0,56000.0,10.0,15.71,0.7310324084517633,0,12,10,0.0,20,fractional,FL,other,0
0.0,75000.0,3.0,23.49,0.29451502061294765,0,11,10,0.0,20,fractional,GA,major_purchase,0
0.0,68000.0,10.0,11.56,0.6515389559380133,0,12,10,0.0,20,whole,FL,debt_consolidation,0
0.0,72376.0,4.0,26.94,0.6158495433207852,0,12,10,0.0,20,whole,OH,home_improvement,0
0.0,134030.0,5.0,15.21,0.026468285043069695,0,12,10,0.0,20,whole,UT,debt_consolidation,0
0.0,70000.0,7.0,17.35,0.6319837558454344,0,6,10,0.0,20,whole,TN,other,0
0.0,50000.0,10.0,7.08,0.0706706340123598,0,18,10,0.0,20,whole,CA,credit_card,0
0.0,110000.0,10.0,12.73,0.3818472378983344,0,18,10,0.0,20,whole,PA,debt_consolidation,0
0.0,100000.0,10.0,13.64,0.32231628058594625,1,19,10,0.0,20,whole,NC,other,0
0.0,100000.0,10.0,10.3,0.03510656660509428,0,25,10,0.0,20,whole,CA,debt_consolidation,0
0.0,140000.0,10.0,11.63,0.19658987728051372,0,19,10,0.0,20,whole,TX,home_improvement,0
0.0,94000.0,10.0,10.76,0.06741029641185647,1,16,10,0.0,20,whole,IL,home_improvement,0
0.0,90000.0,2.0,12.13,0.10202113307980148,0,11,10,0.0,20,whole,WI,home_improvement,0
0.0,76000.0,1.0,17.12,0.46586454142164446,0,13,10,0.0,20,whole,AL,credit_card,0
0.0,75000.0,0.0,15.8,0.12770128402882747,0,7,10,0.0,20,whole,OH,debt_consolidation,0
0.0,155000.0,1.0,0.21,0.004696574508781082,0,13,10,0.0,20,whole,CA,other,0
0.0,90000.0,5.0,16.61,0.1252412513170147,0,15,10,0.0,20,whole,NY,home_improvement,0
0.0,60000.0,6.0,26.54,0.19927362281731215,0,30,10,0.0,20,whole,WV,credit_card,0
0.0,105000.0,5.0,4.53,0.24721698113207546,0,9,10,0.0,20,whole,CA,other,0
0.0,57600.0,2.0,33.98,0.7418989388842285,0,13,10,0.0,20,whole,IL,credit_card,0
0.0,183000.0,5.0,11.52,0.1144662331333703,0,14,10,0.0,20,fractional,TX,small_business,0
0.0,35500.0,2.0,17.07,0.9219185382565664,0,10,10,0.0,20,whole,CO,debt_consolidation,0
0.0,31200.0,10.0,36.5,0.7276094156191019,0,30,10,0.0,20,whole,NY,credit_card,0
0.0,84000.0,10.0,11.87,0.20363483214242376,0,14,10,0.0,20,whole,NC,home_improvement,0
0.0,67000.0,10.0,29.87,0.14744549930142606,1,23,10,0.0,20,whole,CA,debt_consolidation,0
0.0,37000.0,6.0,38.37,0.1481862321574163,0,12,10,0.0,20,whole,PA,credit_card,0
0.0,26271.0,1.0,9.91,0.42216227727692196,0,5,10,0.0,20,whole,CA,other,0
0.0,70000.0,10.0,25.9,0.20256149252069633,1,21,10,0.0,20,whole,RI,debt_consolidation,0
0.0,60000.0,6.0,20.78,0.3886712992208886,0,6,10,0.0,20,whole,CA,debt_consolidation,0
0.0,80000.0,3.0,14.81,0.29040775690416415,0,11,10,0.0,20,whole,MN,house,0
0.0,45000.0,10.0,21.65,0.06961188485220147,0,14,10,0.0,20,whole,TX,debt_consolidation,0
0.0,35000.0,10.0,33.64,0.15184967127857915,0,11,10,0.0,20,whole,GA,home_improvement,0
0.0,55000.0,3.0,16.56,0.5015617715617715,0,7,10,0.0,20,whole,PA,debt_consolidation,0
0.0,55000.0,4.0,35.41,0.7245947133045839,0,32,10,0.0,20,fractional,TX,major_purchase,0
0.0,72828.0,10.0,35.11,0.24516882075588842,0,15,10,0.0,20,fractional,TN,debt_consolidation,0
0.0,53574.0,3.0,10.02,0.46847972972972973,0,10,10,0.0,20,whole,MA,credit_card,0
0.0,67600.0,10.0,11.84,0.16922923918448532,0,22,10,0.0,20,whole,OH,debt_consolidation,0
0.0,56000.0,1.0,28.78,0.6112359550561798,0,19,10,0.0,20,whole,KS,debt_consolidation,0
0.0,60000.0,10.0,31.72,0.6769394514650633,0,17,10,0.0,20,whole,NV,debt_consolidation,0
0.0,64874.0,10.0,37.51,0.5665786351284112,0,26,10,0.0,20,whole,ID,debt_consolidation,0
0.0,45000.0,3.0,21.28,0.4251411491198937,0,30,10,0.0,20,fractional,FL,house,0
0.0,148000.0,10.0,22.27,0.33395654403697717,0,26,10,0.0,20,whole,PA,debt_consolidation,0
0.0,126000.0,10.0,17.88,0.8472150887405124,0,22,10,0.0,20,fractional,TN,credit_card,0
0.0,72000.0,10.0,9.35,0.5681115114459366,0,36,10,0.0,20,fractional,IL,credit_card,0
0.0,54996.0,4.0,4.12,0.13018469656992085,3,49,10,0.0,20,fractional,KY,debt_consolidation,0
0.0,104000.0,6.0,23.24,0.21045306166373712,0,32,10,0.0,20,whole,CA,home_improvement,0
0.0,78000.0,10.0,15.45,0.5283753517486935,1,21,10,0.0,20,whole,WA,debt_consolidation,0
0.0,225000.0,0.0,8.28,1.661278289509938,0,30,10,0.0,20,whole,ID,debt_consolidation,0
0.0,198000.0,3.0,7.26,0.1276477410690668,0,19,10,0.0,20,whole,IL,small_business,0
0.0,142000.0,3.0,11.27,0.2665105212677452,0,20,10,0.0,20,whole,FL,debt_consolidation,0
0.0,85000.0,8.0,22.03,0.4474139955383351,0,19,10,0.0,20,whole,FL,credit_card,0
0.0,47840.0,10.0,21.83,0.4579427359490986,0,17,10,0.0,20,whole,MI,other,0
0.0,35000.0,0.0,6.17,0.2389156626506024,2,16,10,0.0,20,whole,PA,credit_card,0
0.0,130000.0,7.0,5.52,0.2437220447284345,0,11,10,0.0,20,whole,FL,debt_consolidation,0
0.0,120000.0,10.0,7.74,0.07093075654694236,0,16,10,0.0,20,whole,TX,credit_card,0
0.0,70000.0,1.0,13.72,0.15656963021243114,1,16,10,0.0,20,whole,TN,major_purchase,0
0.0,52000.0,10.0,21.75,0.5999098489970701,1,34,10,0.0,20,whole,NY,credit_card,0
0.0,411520.0,2.0,16.66,0.18086613319356398,1,18,10,0.0,20,fractional,ID,home_improvement,0
0.0,81000.0,6.0,31.94,0.3321721030865719,0,15,10,0.0,20,whole,KY,credit_card,0
0.0,93500.0,10.0,5.9,0.0599263431542461,0,18,10,0.0,20,whole,IL,debt_consolidation,0
0.0,96000.0,7.0,25.52,0.23118251337424925,0,31,10,0.0,20,whole,TN,debt_consolidation,0
0.0,120000.0,10.0,17.68,0.48732835160847726,1,10,10,0.0,20,whole,AL,debt_consolidation,0
0.0,105000.0,10.0,17.5,0.15206946438215485,0,13,10,0.0,20,whole,VA,other,0
0.0,45000.0,5.0,4.85,0.05834837582321571,2,26,10,0.0,20,whole,IN,debt_consolidation,0
0.0,100000.0,10.0,16.4,0.17674240619201306,1,13,10,0.0,20,whole,CA,credit_card,0
0.0,75000.0,8.0,9.95,0.1568959731543624,0,15,10,0.0,20,whole,CA,debt_consolidation,0
0.0,83000.0,10.0,32.49,0.33757899616914333,0,19,10,0.0,20,whole,WA,other,0
0.0,40000.0,1.0,27.69,0.660517835315035,0,8,10,0.0,20,whole,CA,debt_consolidation,0
0.0,90000.0,1.0,32.23,0.6750568181818182,0,14,10,0.0,20,whole,NY,debt_consolidation,0
0.0,63895.0,2.0,24.58,0.7904903417533432,0,5,10,0.0,20,whole,CA,debt_consolidation,0
0.0,61368.0,1.0,37.52,0.6297310520589159,0,21,10,0.0,20,whole,AZ,debt_consolidation,0
0.0,92000.0,7.0,19.73,0.06901535507814677,0,14,10,0.0,20,whole,FL,credit_card,0
0.0,60000.0,1.0,7.32,0.6435840707964602,0,10,10,0.0,20,whole,NY,debt_consolidation,0
0.0,120000.0,6.0,7.02,0.2693192713326942,0,7,10,0.0,20,whole,OH,other,0
0.0,50000.0,10.0,5.09,0.08085736541605677,0,24,10,0.0,20,whole,MI,debt_consolidation,0
0.0,38000.0,10.0,9.32,0.16472037447647203,0,12,10,0.0,20,fractional,PA,other,0
0.0,38000.0,6.0,19.11,0.6404793367485473,0,14,10,0.0,20,fractional,OH,debt_consolidation,0
0.0,50000.0,10.0,18.27,0.6089093357271095,0,28,10,0.0,20,fractional,CA,debt_consolidation,0
0.0,38450.0,0.0,24.81,0.16672402173757186,0,13,10,0.0,20,whole,NC,debt_consolidation,0
0.0,31360.0,3.0,7.23,0.2908968609865471,0,5,10,0.0,20,fractional,NC,debt_consolidation,0
0.0,43000.0,10.0,20.63,0.5772703950743971,0,9,10,0.0,20,whole,IL,credit_card,0
0.0,48000.0,6.0,19.78,0.1493608348627769,0,18,10,0.0,20,whole,NV,debt_consolidation,0
0.0,40000.0,1.0,20.21,0.49848300110584964,0,8,10,0.0,20,whole,NY,debt_consolidation,0
0.0,65000.0,10.0,15.07,0.6663184998056743,0,16,10,0.0,20,whole,OH,other,0
0.0,90000.0,6.0,22.6,0.06683333333333333,0,28,10,0.0,20,whole,KS,debt_consolidation,0
0.0,112000.0,6.0,15.34,1.1674269639429016,0,15,10,0.0,20,whole,SC,debt_consolidation,0
0.0,32000.0,1.0,13.2,0.013726096365322616,0,11,10,0.0,20,whole,TX,debt_consolidation,0
0.0,92200.0,4.0,4.25,0.18393713813068652,0,6,10,0.0,20,whole,GA,credit_card,0
0.0,49000.0,8.0,25.84,0.7962296798870725,0,7,10,0.0,20,whole,KS,debt_consolidation,0
0.0,24480.0,4.0,26.03,0.10689075630252101,0,28,10,0.0,20,whole,NC,debt_consolidation,0
0.0,37020.0,6.0,10.24,0.24224274406332455,0,12,10,0.0,20,whole,AZ,car,0
0.0,42000.0,2.0,17.34,0.13676147468346747,0,13,10,0.0,20,whole,ME,credit_card,0
0.0,103000.0,5.0,18.16,0.19852470775255412,0,19,10,0.0,20,whole,NJ,other,0
0.0,54000.0,6.0,27.91,0.6381267896384099,0,6,10,0.0,20,whole,MI,debt_consolidation,0
0.0,42000.0,2.0,18.71,0.823031747177895,0,10,10,0.0,20,whole,FL,credit_card,0
0.0,80000.0,6.0,26.58,0.10693692024285761,0,25,10,0.0,20,whole,NY,debt_consolidation,0
0.0,44211.0,10.0,11.94,0.10379962653243485,0,16,10,0.0,20,whole,CA,debt_consolidation,0
0.0,64000.0,10.0,8.15,0.6645588235294118,0,12,10,0.0,20,whole,CA,debt_consolidation,0
0.0,52000.0,10.0,21.76,0.43251486490649743,1,19,10,0.0,20,whole,CT,debt_consolidation,0
0.0,50000.0,6.0,3.52,0.04905860636825104,0,10,10,0.0,20,whole,CA,credit_card,0
0.0,42000.0,3.0,16.03,0.06823957302878264,2,14,10,0.0,20,whole,AR,debt_consolidation,0
0.0,135000.0,3.0,23.66,0.43434906577040094,0,26,10,0.0,20,fractional,PA,debt_consolidation,0
0.0,80000.0,0.0,14.15,0.3325221238938053,0,14,10,0.0,20,whole,NJ,credit_card,0
0.0,110000.0,1.0,16.39,0.1631683514991074,0,22,10,0.0,20,whole,PA,home_improvement,0
0.0,30000.0,5.0,5.0,0.21438888888888888,0,16,10,0.0,20,whole,CA,debt_consolidation,0
0.0,64000.0,10.0,21.64,0.4978850406888111,0,7,10,0.0,20,whole,CO,other,0
0.0,48000.0,10.0,15.25,0.7590560357385646,0,12,10,0.0,20,whole,NY,other,1
0.0,78000.0,8.0,33.18,0.34364443316324433,0,15,10,0.0,20,fractional,WV,credit_card,0
0.0,118000.0,10.0,13.4,0.04784034357854118,1,13,10,0.0,20,fractional,MN,credit_card,0
0.0,101000.0,10.0,10.24,0.31312822472768964,0,20,10,0.0,20,whole,NJ,credit_card,0
0.0,50000.0,10.0,17.57,0.5818117667813355,0,13,10,0.0,20,whole,FL,credit_card,0
0.0,85000.0,3.0,29.68,0.6513176854846456,0,12,10,0.0,20,whole,CA,debt_consolidation,0
0.0,125000.0,10.0,16.44,0.5131165138132991,0,18,10,0.0,20,whole,CA,debt_consolidation,0
0.0,50000.0,1.0,18.07,0.4991212005752142,0,6,10,0.0,20,fractional,AZ,debt_consolidation,0
0.0,170000.0,6.0,39.79,0.26152860284023954,2,34,10,0.0,20,whole,AL,debt_consolidation,0
0.0,44000.0,6.0,7.23,0.5241692789968652,0,18,10,0.0,20,whole,NC,debt_consolidation,0
0.0,110000.0,10.0,25.14,0.2610145655449523,0,11,10,0.0,20,whole,AZ,debt_consolidation,0
0.0,67700.0,10.0,27.48,0.8697794137997841,1,21,10,0.0,20,whole,MO,other,0
0.0,32000.0,2.0,38.75,0.44195003719613163,0,10,10,0.0,20,whole,FL,credit_card,0
0.0,143800.0,9.0,25.82,0.26832528842366726,0,13,10,0.0,20,fractional,MD,major_purchase,0
0.0,35000.0,0.0,11.83,0.056027241770715094,0,12,10,0.0,20,whole,CA,debt_consolidation,0
0.0,55000.0,0.0,13.46,0.04691970825079502,0,16,10,0.0,20,whole,NY,credit_card,0
0.0,75000.0,3.0,10.1,0.6755906366126888,0,16,10,0.0,20,whole,CA,debt_consolidation,0
0.0,110000.0,5.0,18.11,0.6202213707960834,2,29,10,0.0,20,whole,NJ,credit_card,0
0.0,25000.0,6.0,22.47,0.0773621103117506,0,18,10,0.0,20,whole,CA,other,0
0.0,200000.0,1.0,11.04,0.5854236649609142,0,8,10,0.0,20,whole,IL,major_purchase,0
0.0,160000.0,10.0,23.78,0.35865851035867047,0,12,10,0.0,20,fractional,PA,debt_consolidation,0
0.0,90000.0,4.0,9.84,0.39788762691447255,1,31,10,0.0,20,whole,MA,debt_consolidation,0
0.0,75894.0,9.0,28.24,0.7961373695970853,0,8,10,0.0,20,fractional,FL,debt_consolidation,0
0.0,30000.0,6.0,32.52,0.1143172544854955,0,19,10,0.0,20,whole,FL,other,0
0.0,150000.0,10.0,16.66,0.5162678715720387,3,21,10,0.0,20,fractional,CA,debt_consolidation,0
0.0,25236.0,6.0,27.1,0.4999651705482156,0,20,10,0.0,20,whole,FL,debt_consolidation,0
0.0,105000.0,10.0,10.7,0.08707160800861298,0,24,10,0.0,20,whole,TX,home_improvement,0
0.0,60000.0,2.0,21.06,0.754420305094068,0,4,10,0.0,20,whole,NY,credit_card,0
0.0,90000.0,1.0,10.75,0.5379546407980368,0,11,10,0.0,20,whole,MI,debt_consolidation,0
0.0,115000.0,5.0,3.41,0.07703653585926928,0,8,10,0.0,20,whole,NY,debt_consolidation,0
0.0,47106.0,6.0,25.89,0.267442799461642,0,5,10,0.0,20,whole,FL,debt_consolidation,0
0.0,75000.0,7.0,23.52,0.1744161236446932,0,12,10,0.0,20,whole,NJ,house,0
0.0,58000.0,3.0,12.91,0.4953048817191356,0,13,10,0.0,20,whole,CA,credit_card,0
0.0,105000.0,1.0,14.9,0.2824076716707575,1,14,10,0.0,20,whole,CT,debt_consolidation,0
0.0,167000.0,10.0,32.25,0.265788686596009,0,17,10,0.0,20,whole,FL,debt_consolidation,0
0.0,36000.0,6.0,10.67,0.09927304964539008,0,16,10,0.0,20,whole,WV,car,0
0.0,108000.0,2.0,23.08,0.6561266072232291,0,13,10,0.0,20,whole,TN,debt_consolidation,0
0.0,105000.0,4.0,17.44,0.23896109137875363,0,14,10,0.0,20,whole,RI,credit_card,0
0.0,119016.0,5.0,25.36,0.500509243541866,0,12,10,0.0,20,fractional,CA,home_improvement,0
0.0,80000.0,4.0,14.82,0.15903351382348724,0,10,10,0.0,20,whole,TX,home_improvement,0
0.0,99270.0,10.0,16.91,0.08081871862174862,0,16,10,0.0,20,whole,CA,debt_consolidation,0
0.0,47000.0,1.0,4.96,0.3195454545454545,0,21,10,0.0,20,whole,NY,debt_consolidation,0
0.0,90000.0,10.0,16.11,0.0866253581104924,0,14,10,0.0,20,whole,IL,debt_consolidation,0
0.0,80000.0,4.0,19.46,0.8503754627181386,0,12,10,0.0,20,whole,CO,vacation,0
0.0,64660.0,2.0,25.32,0.5510828955869547,0,16,10,0.0,20,whole,CO,debt_consolidation,0
0.0,92000.0,5.0,22.12,1.1180856939951076,0,19,10,0.0,20,whole,FL,credit_card,0
0.0,82000.0,3.0,7.84,0.15001126210676477,0,11,10,0.0,20,whole,FL,debt_consolidation,0
0.0,121000.0,6.0,13.15,0.1575395318947272,0,34,10,0.0,20,whole,WA,home_improvement,0
0.0,135000.0,4.0,5.07,0.35141463414634144,0,27,10,0.0,20,whole,FL,credit_card,0
0.0,89000.0,10.0,7.5,0.4955339805825243,0,19,10,0.0,20,whole,NC,credit_card,0
0.0,50000.0,1.0,3.29,0.3984297520661157,0,12,10,0.0,20,whole,GA,home_improvement,0
0.0,88000.0,9.0,18.34,0.1946844612949908,0,17,10,0.0,20,fractional,IN,car,0
0.0,245000.0,10.0,19.57,0.6875863543391759,0,27,10,0.0,20,whole,IL,debt_consolidation,0
0.0,34771.0,5.0,30.24,0.4010171173406103,0,8,10,0.0,20,whole,PA,debt_consolidation,0
0.0,125000.0,10.0,13.38,0.9718681318681318,0,20,10,0.0,20,whole,NY,debt_consolidation,0
0.0,125000.0,0.0,14.52,0.17007150153217568,0,13,10,0.0,20,whole,NE,major_purchase,0
0.0,46280.0,10.0,27.02,0.2873245582139481,0,12,10,0.0,20,whole,IL,credit_card,0
0.0,100000.0,3.0,13.33,0.5372260549739929,1,25,10,0.0,20,whole,CA,other,0
0.0,13000.0,5.0,35.8,0.39978927903326383,0,7,10,0.0,20,fractional,FL,moving,0
0.0,155000.0,7.0,22.36,0.19087177121771218,0,22,10,0.0,20,whole,KY,debt_consolidation,0
0.0,163000.0,7.0,21.13,0.19394578354936964,0,24,10,0.0,20,whole,CA,debt_consolidation,0
0.0,75000.0,8.0,16.82,0.44185936090404065,3,6,10,0.0,20,fractional,CA,debt_consolidation,0
0.0,75000.0,3.0,7.94,0.28285962559527067,0,11,10,0.0,20,whole,NC,debt_consolidation,0
0.0,165000.0,10.0,14.1,0.11556834812576716,0,25,10,0.0,20,whole,NJ,home_improvement,0
0.0,169000.0,3.0,11.21,0.14603054155091402,1,14,10,0.0,20,whole,VA,home_improvement,0
0.0,30000.0,10.0,22.56,0.8598095238095238,0,12,10,0.0,20,whole,OR,other,0
0.0,60000.0,5.0,11.78,0.6059888053294873,0,21,10,0.0,20,fractional,OH,credit_card,0
0.0,85451.0,7.0,16.14,0.9633468310660176,0,15,10,0.0,20,whole,CA,credit_card,0
0.0,100680.0,0.0,7.81,0.025449598303219276,0,18,10,0.0,20,fractional,CT,debt_consolidation,0
0.0,75000.0,7.0,12.43,0.11353586294486831,0,12,10,0.0,20,whole,MO,debt_consolidation,0
0.0,54000.0,6.0,9.93,0.1384424752177831,0,22,10,0.0,20,whole,MA,debt_consolidation,0
0.0,110000.0,1.0,12.58,0.3597066944280994,2,14,10,0.0,20,whole,NY,moving,0
0.0,37440.0,10.0,23.46,0.11189026771291048,0,32,10,0.0,20,fractional,ID,debt_consolidation,0
0.0,90000.0,1.0,5.81,0.719204431791952,1,13,10,0.0,20,fractional,CA,debt_consolidation,0
0.0,80000.0,9.0,20.93,0.25452340471993884,0,13,10,0.0,20,whole,IL,debt_consolidation,0
0.0,51632.0,10.0,34.38,1.2481860192794263,0,23,10,0.0,20,whole,CA,credit_card,0
0.0,111000.0,3.0,20.51,0.4091135673315299,1,41,10,0.0,20,whole,OH,debt_consolidation,0
0.0,61000.0,5.0,30.73,0.9455071262624704,0,18,10,0.0,20,fractional,CT,debt_consolidation,0
0.0,111000.0,10.0,16.28,0.100022761627398,0,13,10,0.0,20,whole,IN,debt_consolidation,0
0.0,60000.0,10.0,21.66,0.546358348074568,0,24,10,0.0,20,whole,PA,debt_consolidation,0
0.0,72000.0,5.0,5.7,0.0869220430107527,0,20,10,0.0,20,whole,CT,debt_consolidation,0
0.0,95000.0,10.0,17.69,0.5570949822658043,0,11,10,0.0,20,whole,TX,car,0
0.0,68000.0,3.0,16.77,0.8360612507598241,0,20,10,0.0,20,whole,AL,debt_consolidation,0
0.0,180000.0,4.0,11.68,0.12494103497571181,0,15,10,0.0,20,whole,SC,debt_consolidation,0
0.0,98000.0,0.0,21.19,0.8415366377856379,0,3,10,0.0,20,fractional,TX,small_business,0
0.0,72000.0,7.0,5.03,0.06125394321766561,0,16,10,0.0,20,whole,CA,home_improvement,0
0.0,135000.0,1.0,30.71,0.463214941967297,1,29,10,0.0,20,whole,MO,credit_card,0
0.0,155000.0,0.0,15.88,0.25822523056562674,3,13,10,0.0,20,whole,IL,debt_consolidation,0
0.0,52680.0,10.0,14.33,0.2762962962962963,0,5,10,0.0,20,whole,TX,debt_consolidation,0
0.0,42000.0,5.0,14.89,0.6819775345209987,0,16,10,0.0,20,fractional,WA,credit_card,0
0.0,135000.0,3.0,20.24,0.526523764378226,0,17,10,0.0,20,whole,AZ,medical,0
0.0,55412.0,6.0,31.03,0.5662933404868888,0,13,10,0.0,20,fractional,NY,debt_consolidation,0
0.0,92000.0,10.0,18.22,0.20162168703860583,0,21,10,0.0,20,whole,IL,debt_consolidation,0
0.0,75000.0,4.0,20.14,0.1875723364589614,0,12,10,0.0,20,fractional,CA,debt_consolidation,0
0.0,35000.0,7.0,27.54,0.5474903474903475,0,16,10,0.0,20,whole,WA,debt_consolidation,0
0.0,70000.0,0.0,10.99,0.14214370515666133,0,4,10,0.0,20,whole,KS,credit_card,0
0.0,85000.0,6.0,17.97,0.24564337558952404,0,27,10,0.0,20,whole,MS,credit_card,0
0.0,55000.0,6.0,13.41,0.6637474865065086,0,11,10,0.0,20,whole,TX,credit_card,0
0.0,155000.0,10.0,2.01,0.04177594123048668,0,18,10,0.0,20,whole,SC,house,0
0.0,70000.0,0.0,9.73,0.06384014138318173,0,10,10,0.0,20,whole,MA,debt_consolidation,0
0.0,52000.0,2.0,9.55,0.4169530975127879,0,6,10,0.0,20,whole,NY,debt_consolidation,0
0.0,44000.0,10.0,38.24,0.43101285298364383,3,10,10,0.0,20,whole,NV,other,0
0.0,200000.0,2.0,8.1,0.035788539462277696,1,23,10,0.0,20,whole,TX,debt_consolidation,0
0.0,38000.0,10.0,28.54,0.08386598964555954,0,15,10,0.0,20,whole,MA,debt_consolidation,0
0.0,105936.0,10.0,32.51,0.4013971328052725,0,16,10,0.0,20,whole,GA,debt_consolidation,0
0.0,90000.0,7.0,5.06,0.6400688863375431,0,7,10,0.0,20,whole,NY,credit_card,0
0.0,88265.0,6.0,11.91,0.4955555555555556,0,5,10,0.0,20,whole,TX,credit_card,0
0.0,70000.0,10.0,16.49,0.31462577646496676,1,19,10,0.0,20,whole,NY,other,0
0.0,36000.0,3.0,21.43,0.6099748833871547,0,14,10,0.0,20,fractional,MT,car,0
0.0,65000.0,6.0,16.05,0.9236109017456058,0,20,10,0.0,20,whole,TN,other,0
0.0,45000.0,3.0,10.85,0.6786623962877967,0,11,10,0.0,20,fractional,TX,credit_card,0
0.0,99000.0,0.0,21.07,0.7798406411922167,0,12,10,0.0,20,fractional,FL,credit_card,0
0.0,70000.0,10.0,21.72,0.207801816332971,0,16,10,0.0,20,fractional,MD,credit_card,0
0.0,147000.0,8.0,16.47,0.3187168464789913,1,10,10,0.0,20,whole,OH,debt_consolidation,0
0.0,60000.0,10.0,14.08,0.6592926045016078,0,12,10,0.0,20,whole,NV,debt_consolidation,0
0.0,87000.0,5.0,3.43,0.016141937846249822,0,8,10,0.0,20,whole,CA,debt_consolidation,0
0.0,77000.0,6.0,13.73,0.2856045475495468,0,12,10,0.0,20,fractional,CA,debt_consolidation,0
0.0,102000.0,9.0,4.1,0.037253456221198154,1,14,10,0.0,20,whole,TX,home_improvement,0
0.0,97000.0,4.0,18.61,0.2168570352217428,0,6,10,0.0,20,whole,IN,credit_card,0
0.0,48000.0,6.0,22.33,0.43804890219560877,0,13,10,0.0,20,whole,CA,debt_consolidation,0
0.0,165000.0,10.0,22.35,0.400522397389077,0,23,10,0.0,20,whole,VA,credit_card,0
0.0,48000.0,10.0,14.7,0.5770220588235294,0,20,10,0.0,20,whole,MD,home_improvement,0
0.0,84000.0,10.0,25.97,0.21611662258647907,0,24,10,0.0,20,whole,PA,credit_card,0
0.0,46000.0,6.0,18.18,0.32561946902654865,1,13,10,0.0,20,fractional,MA,debt_consolidation,0
0.0,72000.0,5.0,27.52,0.20632768475488664,1,12,10,0.0,20,whole,FL,credit_card,0
0.0,90000.0,3.0,14.62,0.7681549815498155,0,23,10,0.0,20,whole,CA,debt_consolidation,0
0.0,25400.0,6.0,11.29,0.7030630630630631,0,29,10,0.0,20,whole,AZ,credit_card,0
0.0,55000.0,1.0,26.73,0.2941520336353621,0,13,10,0.0,20,whole,FL,credit_card,0
0.0,53953.0,7.0,21.08,0.7925799565432852,0,12,10,0.0,20,fractional,CA,car,0
0.0,32000.0,8.0,5.85,1.0192241968557758,0,14,10,0.0,20,whole,TX,other,0
0.0,59000.0,10.0,29.84,0.5216983545059255,0,15,10,0.0,20,whole,MN,home_improvement,0
0.0,212000.0,10.0,7.83,0.6209221629294709,0,15,10,0.0,20,whole,MA,debt_consolidation,0
0.0,48000.0,10.0,32.18,0.7350946643717728,0,12,10,0.0,20,fractional,MD,credit_card,0
0.0,129000.0,2.0,16.45,0.1797900177954659,1,15,10,0.0,20,whole,WA,debt_consolidation,0
0.0,82000.0,6.0,6.2,0.7637537137588362,0,36,10,0.0,20,whole,CT,debt_consolidation,0
0.0,90000.0,10.0,24.89,0.2535358096174022,0,25,10,0.0,20,whole,NE,credit_card,0
0.0,120000.0,2.0,7.73,0.676739719837325,0,23,10,0.0,20,whole,AZ,home_improvement,0
0.0,155000.0,10.0,15.74,0.311447905338204,0,12,10,0.0,20,whole,TX,debt_consolidation,0
0.0,88000.0,4.0,11.24,0.6283091742115057,0,15,10,0.0,20,whole,TX,other,0
0.0,50000.0,1.0,0.6,0.2149122807017544,0,13,10,0.0,20,whole,NM,major_purchase,0
0.0,62000.0,2.0,5.65,0.32978494623655913,0,6,10,0.0,20,whole,CA,credit_card,0
0.0,116500.0,6.0,3.27,0.2980893300248139,0,20,10,0.0,20,whole,CA,other,0
0.0,53774.0,10.0,29.23,0.670267629770809,0,13,10,0.0,20,whole,MD,other,0
0.0,19200.0,6.0,10.56,0.42435374149659866,0,16,10,0.0,20,whole,SC,debt_consolidation,0
0.0,50000.0,3.0,13.79,0.07901411257450316,0,5,10,0.0,20,fractional,TX,debt_consolidation,0
0.0,110000.0,10.0,18.47,0.17978407557354925,0,29,10,0.0,20,fractional,VA,debt_consolidation,0
0.0,34000.0,0.0,7.52,0.13579249026379603,0,4,10,0.0,20,fractional,NC,other,0
0.0,169000.0,10.0,19.07,0.40578703361563967,0,16,10,0.0,20,fractional,WI,major_purchase,0
0.0,55400.0,6.0,29.72,0.7148774245689655,0,22,10,0.0,20,fractional,NE,debt_consolidation,0
0.0,43000.0,1.0,26.79,0.5569294835022415,0,12,10,0.0,20,whole,WI,other,0
0.0,64000.0,6.0,7.01,0.15812740053627075,0,17,10,0.0,20,whole,CA,car,0
0.0,75000.0,10.0,30.62,0.40555733761026463,0,22,10,0.0,20,whole,SC,debt_consolidation,0
0.0,363000.0,10.0,11.9,0.11198255669075505,0,37,10,0.0,20,whole,MD,renewable_energy,0
0.0,68000.0,10.0,16.11,0.7911515669100263,0,14,10,0.0,20,whole,FL,other,0
0.0,62000.0,6.0,6.7,0.3717142857142857,0,12,10,0.0,20,whole,NV,debt_consolidation,0
0.0,52000.0,3.0,9.23,1.0510849909584086,0,11,10,0.0,20,whole,GA,other,0
0.0,100000.0,6.0,13.81,0.10994411519657932,0,5,10,0.0,20,whole,CA,other,0
0.0,128170.0,2.0,26.94,0.08085137486523418,0,18,10,0.0,20,whole,MD,debt_consolidation,0
0.0,80000.0,4.0,16.2,0.09706446681236597,0,13,10,0.0,20,whole,WI,credit_card,0
0.0,37260.0,0.0,24.47,0.922396208921397,2,14,10,0.0,20,fractional,NJ,other,0
0.0,128000.0,10.0,12.5,0.5607407407407408,0,18,10,0.0,20,whole,WA,credit_card,0
0.0,40000.0,10.0,28.98,0.14600086835051157,0,19,10,0.0,20,whole,PA,debt_consolidation,0
0.0,65000.0,10.0,17.36,0.48771260630315155,0,14,10,0.0,20,whole,MD,debt_consolidation,0
0.0,39804.0,6.0,16.73,0.10455438137099037,0,16,10,0.0,20,whole,CO,credit_card,0
0.0,33000.0,1.0,34.63,0.5591686781740067,0,8,10,0.0,20,fractional,CA,medical,0
0.0,102000.0,10.0,32.66,0.27350406067354177,0,20,10,0.0,20,whole,LA,credit_card,0
0.0,430000.0,2.0,5.62,0.5167414072944879,0,17,10,0.0,20,whole,GA,home_improvement,0
0.0,115942.0,10.0,21.57,0.3296333636609536,0,32,10,0.0,20,whole,NC,debt_consolidation,0
0.0,60000.0,9.0,22.5,0.7950351135064511,0,7,10,0.0,20,fractional,NV,debt_consolidation,0
0.0,81526.0,10.0,9.23,0.16813628434525957,1,18,10,0.0,20,whole,FL,debt_consolidation,0
0.0,40000.0,10.0,37.32,0.2377821146614624,0,21,10,0.0,20,whole,OH,debt_consolidation,0
0.0,377000.0,2.0,9.32,0.03488736832890782,0,25,10,0.0,20,whole,CO,major_purchase,0
0.0,29000.0,3.0,33.77,0.5507595271913142,0,5,10,0.0,20,whole,TX,debt_consolidation,0
0.0,36000.0,6.0,18.87,0.14160503971514654,0,34,10,0.0,20,whole,TX,debt_consolidation,0
0.0,47000.0,10.0,7.02,0.13746835443037975,0,24,10,0.0,20,whole,FL,debt_consolidation,0
0.0,122000.0,1.0,24.8,0.7540340354182692,0,33,10,0.0,20,whole,CA,debt_consolidation,0
0.0,74300.0,3.0,5.85,0.2568576947842885,0,21,10,0.0,20,whole,MA,debt_consolidation,0
0.0,94000.0,10.0,25.94,0.2542519373599168,0,14,10,0.0,20,whole,MI,debt_consolidation,0
0.0,55000.0,10.0,17.7,0.41369267681721467,0,12,10,0.0,20,whole,FL,credit_card,0
0.0,125000.0,3.0,11.29,0.5409838787335425,0,6,10,0.0,20,whole,AK,debt_consolidation,0
0.0,36886.32,6.0,22.81,0.21303922854111784,0,14,10,0.0,20,whole,CO,debt_consolidation,0
0.0,55000.0,10.0,28.5,0.6709856668051516,0,13,10,0.0,20,whole,NY,other,0
0.0,100000.0,9.0,5.47,0.7711111111111111,0,6,10,0.0,20,whole,NY,debt_consolidation,0
0.0,98000.0,8.0,8.94,0.7934692937858527,0,15,10,0.0,20,whole,NJ,credit_card,0
0.0,70000.0,10.0,13.49,0.045675252597125376,0,12,10,0.0,20,whole,MA,home_improvement,0
0.0,115000.0,10.0,30.69,0.7138395699362212,0,13,10,0.0,20,whole,CA,vacation,0
0.0,70000.0,8.0,10.17,0.16015523409370683,0,13,10,0.0,20,whole,MD,other,0
0.0,80000.0,10.0,10.94,0.6495583525427878,1,18,10,0.0,20,whole,NY,vacation,0
0.0,87000.0,1.0,26.7,0.26254330080536764,2,14,10,0.0,20,whole,MS,credit_card,0
0.0,46000.0,0.0,12.99,1.1991379310344827,0,6,10,0.0,20,whole,IL,debt_consolidation,0
0.0,126000.0,2.0,22.71,0.2778611708385736,0,26,10,0.0,20,whole,MN,debt_consolidation,0
0.0,71000.0,4.0,21.53,0.9001329809065686,0,6,10,0.0,20,whole,OH,debt_consolidation,0
0.0,80000.0,8.0,21.36,0.8886138613861386,1,15,10,0.0,20,whole,TN,debt_consolidation,0
0.0,75000.0,5.0,25.36,0.7014824727936676,1,14,10,0.0,20,fractional,ND,credit_card,0
0.0,70000.0,2.0,2.09,0.013598658127477889,0,26,10,0.0,20,whole,CO,debt_consolidation,0
0.0,48000.0,3.0,20.5,0.7812863231305696,1,17,10,0.0,20,whole,CA,debt_consolidation,0
0.0,110000.0,10.0,18.58,0.12338972931228057,1,14,10,0.0,20,whole,FL,debt_consolidation,0
0.0,53000.0,2.0,28.77,0.6205986020670291,0,18,10,0.0,20,whole,TX,debt_consolidation,0
0.0,34000.0,7.0,14.93,0.5692240681973741,0,5,10,0.0,20,whole,TX,debt_consolidation,0
0.0,90000.0,10.0,14.07,0.16818591797961965,0,21,10,0.0,20,whole,MI,debt_consolidation,0
0.0,130000.0,10.0,24.17,0.3592349383442777,0,22,10,0.0,20,whole,SC,credit_card,0
0.0,118000.0,10.0,33.85,0.23397405195993912,0,28,10,0.0,20,whole,WI,debt_consolidation,0
0.0,170000.0,2.0,20.19,0.17861701852761053,0,15,10,0.0,20,whole,TX,debt_consolidation,0
0.0,67000.0,2.0,9.76,1.2491088659325689,0,12,10,0.0,20,whole,HI,credit_card,0
0.0,165000.0,10.0,16.92,0.1260889730122717,0,18,10,0.0,20,whole,FL,debt_consolidation,0
0.0,63000.0,0.0,16.36,0.051989424082183065,0,7,10,0.0,20,whole,MA,debt_consolidation,0
0.0,52000.0,0.0,6.71,0.28462941847206386,0,20,10,0.0,20,whole,GA,debt_consolidation,0
0.0,39600.0,3.0,14.64,0.9042405063291139,0,18,10,0.0,20,whole,IL,credit_card,0
0.0,65000.0,10.0,7.22,0.5585148514851486,0,11,10,0.0,20,whole,CA,debt_consolidation,0
0.0,84000.0,5.0,21.76,1.0911398268690709,1,15,10,0.0,20,whole,NY,credit_card,0
0.0,128000.0,10.0,20.24,0.2144938855205015,0,14,10,0.0,20,whole,TX,debt_consolidation,0
0.0,75000.0,8.0,25.36,0.9390596135237369,0,23,10,0.0,20,fractional,AR,debt_consolidation,0
0.0,45000.0,10.0,18.43,0.9572336736659603,0,9,10,0.0,20,whole,TN,debt_consolidation,0
0.0,95000.0,3.0,21.65,0.322559156396828,0,15,10,0.0,20,fractional,KY,car,0
0.0,48000.0,10.0,12.78,0.48792046088087715,0,18,10,0.0,20,fractional,WA,other,0
0.0,100000.0,8.0,4.55,0.16183752417794972,0,6,10,0.0,20,whole,CA,debt_consolidation,0
0.0,108000.0,10.0,27.96,0.09565940948140411,0,14,10,0.0,20,whole,GA,major_purchase,0
0.0,33000.0,10.0,19.71,0.37362324730745783,0,29,10,0.0,20,whole,FL,debt_consolidation,0
0.0,62200.0,7.0,19.58,0.18001471309465425,0,19,10,0.0,20,whole,NC,debt_consolidation,0
0.0,285000.0,10.0,20.99,0.27709653003406987,0,17,10,0.0,20,whole,RI,debt_consolidation,0
0.0,45000.0,10.0,14.37,0.6938031877380225,4,15,10,0.0,20,whole,TX,debt_consolidation,0
0.0,70000.0,3.0,22.48,0.523834225948462,0,12,10,0.0,20,whole,OH,credit_card,0
0.0,128000.0,10.0,21.82,0.3050573023127627,1,18,10,0.0,20,whole,TX,debt_consolidation,0
0.0,70000.0,10.0,16.97,0.3772571665036491,0,12,10,0.0,20,fractional,IN,credit_card,0
0.0,40825.0,4.0,6.7,0.028802338577938267,0,8,10,0.0,20,whole,CA,debt_consolidation,0
0.0,70000.0,10.0,9.55,0.6424802110817942,0,17,10,0.0,20,fractional,NY,credit_card,0
0.0,42000.0,6.0,30.49,0.2933615788202753,0,21,10,0.0,20,whole,GA,other,0
0.0,45000.0,6.0,34.53,0.6358693152020903,0,12,10,0.0,20,fractional,MO,debt_consolidation,0
0.0,100000.0,5.0,16.28,0.09555527256951564,0,6,10,0.0,20,fractional,CA,debt_consolidation,0
0.0,30000.0,1.0,7.4,1.1771927102191417,0,18,10,0.0,20,fractional,CO,debt_consolidation,0
0.0,40000.0,2.0,14.64,0.7420771648176896,0,11,10,0.0,20,whole,CA,home_improvement,0
0.0,50000.0,0.0,16.11,0.38728155339805825,0,4,10,0.0,20,whole,FL,credit_card,0
0.0,75000.0,10.0,18.8,0.8118635381152929,0,21,10,0.0,20,whole,NY,credit_card,0
0.0,200000.0,2.0,7.11,0.4496477582766625,0,34,10,0.0,20,whole,NY,debt_consolidation,0
0.0,150000.0,4.0,13.25,0.1780975886514668,1,16,10,0.0,20,fractional,CA,debt_consolidation,0
0.0,100000.0,10.0,25.69,0.15155117443996538,0,22,10,0.0,20,whole,CO,debt_consolidation,0
0.0,38000.0,10.0,17.85,0.6788035628310063,0,11,10,0.0,20,whole,NJ,debt_consolidation,0
0.0,35000.0,0.0,26.89,0.7087136090573013,0,5,10,0.0,20,whole,AZ,debt_consolidation,0
0.0,36331.0,6.0,17.01,0.4369577703213325,0,16,10,0.0,20,fractional,MD,debt_consolidation,0
0.0,55000.0,4.0,12.57,0.06062371738493111,1,33,10,0.0,20,whole,MS,debt_consolidation,0
0.0,93600.0,1.0,26.54,0.2616592580757445,0,29,10,0.0,20,whole,CO,debt_consolidation,0
0.0,90000.0,6.0,26.31,0.3075921573230956,0,20,10,0.0,20,whole,PA,debt_consolidation,0
0.0,88000.0,2.0,11.71,0.46467625899280574,0,20,10,0.0,20,whole,VA,credit_card,0
0.0,59000.0,10.0,30.89,0.46775275958623563,0,31,10,0.0,20,whole,PA,credit_card,0
0.0,110500.0,2.0,18.89,0.19000289303557322,1,12,10,0.0,20,fractional,TX,debt_consolidation,0
0.0,111000.0,6.0,20.77,0.37029986962190353,0,22,10,0.0,20,whole,WI,debt_consolidation,0
0.0,300000.0,0.0,15.5,0.4496934436330212,1,9,10,0.0,20,whole,FL,home_improvement,0
0.0,60000.0,7.0,26.0,0.6071477646059485,0,21,10,0.0,20,whole,IL,other,0
0.0,39000.0,0.0,1.29,0.01596541394335512,0,12,10,0.0,20,fractional,AL,debt_consolidation,0
0.0,19700.0,6.0,28.21,0.665359778597786,0,32,10,0.0,20,fractional,NY,other,0
0.0,120000.0,0.0,18.7,1.0593958165807944,0,10,10,0.0,20,fractional,VA,credit_card,0
0.0,100000.0,10.0,29.22,0.8388689139216506,0,13,10,0.0,20,fractional,IL,debt_consolidation,0
0.0,70000.0,2.0,27.12,0.5841695414246064,0,7,10,0.0,20,whole,NV,major_purchase,0
0.0,34500.0,10.0,17.6,0.20180442374854482,0,34,10,0.0,20,whole,OK,debt_consolidation,0
0.0,73000.0,5.0,17.75,0.6212264940572513,0,12,10,0.0,20,whole,NJ,debt_consolidation,0
0.0,42000.0,4.0,11.82,0.0649453745697312,0,7,10,0.0,20,whole,MN,debt_consolidation,0
0.0,170000.0,10.0,4.21,0.06750148089983607,1,15,10,0.0,20,whole,FL,house,0
0.0,172000.0,10.0,15.59,0.7681317446043165,0,16,10,0.0,20,whole,MD,debt_consolidation,0
0.0,83000.0,4.0,12.84,0.6730837245193235,0,16,10,0.0,20,whole,GA,other,0
0.0,90000.0,10.0,16.25,0.6415293703283372,0,19,10,0.0,20,whole,MI,debt_consolidation,0
0.0,55000.0,10.0,17.3,0.676245160955078,0,20,10,0.0,20,whole,MS,debt_consolidation,0
0.0,88000.0,10.0,16.55,0.2683029076994321,0,11,10,0.0,20,whole,NV,home_improvement,0
0.0,51000.0,10.0,34.19,0.5595939840092721,0,20,10,0.0,20,fractional,TX,debt_consolidation,0
0.0,68640.0,2.0,22.8,0.8730969436874827,0,14,10,0.0,20,whole,AZ,debt_consolidation,0
0.0,67000.0,10.0,8.8,0.16666666666666666,0,24,10,0.0,20,whole,CA,credit_card,0
0.0,48000.0,10.0,26.4,0.7009258174147428,0,6,10,0.0,20,fractional,NC,credit_card,0
0.0,30000.0,10.0,32.58,0.3713794913394093,0,15,10,0.0,20,fractional,TX,house,0
0.0,75000.0,9.0,30.69,0.6681094435420334,0,14,10,0.0,20,whole,MS,credit_card,0
0.0,45000.0,2.0,9.15,0.3044188637207575,0,6,10,0.0,20,whole,PA,debt_consolidation,0
0.0,120000.0,5.0,12.99,0.35209501327825315,0,9,10,0.0,20,fractional,MI,credit_card,0
0.0,75000.0,10.0,2.94,0.0003301360695962525,0,28,10,0.0,20,whole,NY,home_improvement,0
0.0,83740.0,6.0,23.99,0.15920712800361136,0,24,10,0.0,20,whole,NY,debt_consolidation,0
0.0,80000.0,10.0,23.41,0.3601869528010006,0,15,10,0.0,20,whole,DC,other,0
0.0,90000.0,1.0,5.01,0.843681519357195,0,22,10,0.0,20,whole,NJ,debt_consolidation,0
0.0,78000.0,2.0,18.12,0.17883100138484312,0,28,10,0.0,20,fractional,GA,debt_consolidation,0
0.0,600000.0,10.0,5.26,0.27014200864726684,0,30,10,0.0,20,fractional,NJ,home_improvement,0
0.0,40000.0,6.0,18.03,0.44769766285430135,0,11,10,0.0,20,fractional,CA,debt_consolidation,0
0.0,119500.0,7.0,20.33,0.6649877438635372,0,7,10,0.0,20,whole,CA,credit_card,0
0.0,42000.0,2.0,26.83,0.3049202015551131,0,20,10,0.0,20,whole,IN,medical,0
0.0,120000.0,6.0,31.71,0.48686724096205636,1,35,10,0.0,20,whole,NC,credit_card,0
0.0,100000.0,9.0,21.72,0.44941313053851395,0,14,10,0.0,20,whole,IN,debt_consolidation,0
0.0,70000.0,0.0,14.63,0.9542351207247822,0,8,10,0.0,20,fractional,CA,debt_consolidation,0
0.0,198000.0,6.0,6.52,0.06353675777568332,0,23,10,0.0,20,whole,CA,other,0
0.0,36240.0,1.0,22.75,0.7009267812974939,0,9,10,0.0,20,fractional,NY,debt_consolidation,0
0.0,24000.0,6.0,8.2,0.009011487226509768,0,12,10,0.0,20,fractional,CO,debt_consolidation,0
0.0,74000.0,4.0,23.81,0.20645534059891216,0,16,10,0.0,20,whole,TX,debt_consolidation,1
0.0,120000.0,3.0,8.92,0.1439716569767442,0,15,10,0.0,20,whole,AZ,home_improvement,0
0.0,132500.0,10.0,8.45,0.16744135534317983,0,29,10,0.0,20,whole,SC,small_business,0
0.0,35000.0,2.0,21.47,0.45787417131316677,0,18,10,0.0,20,whole,CA,credit_card,0
0.0,58000.0,0.0,17.76,0.10248045670638314,2,12,10,0.0,20,whole,FL,credit_card,0
0.0,144000.0,5.0,17.72,0.6815316107943241,0,39,10,0.0,20,whole,OR,other,0
0.0,64000.0,10.0,16.33,0.34286135258582584,0,20,10,0.0,20,whole,MI,debt_consolidation,0
0.0,46000.0,2.0,4.51,0.9755398749763212,0,7,10,0.0,20,whole,CA,moving,0
0.0,80000.0,10.0,16.6,0.1915276027983334,0,20,10,0.0,20,whole,FL,debt_consolidation,0
0.0,149000.0,10.0,17.26,0.09509436862035255,0,17,10,0.0,20,whole,TX,debt_consolidation,0
0.0,59000.0,3.0,24.93,0.34577582491511705,0,13,10,0.0,20,whole,NJ,debt_consolidation,0
0.0,120000.0,10.0,15.35,0.15778046501401638,0,12,10,0.0,20,fractional,VA,debt_consolidation,0
0.0,75000.0,10.0,23.48,0.2539306270515881,0,19,10,0.0,20,whole,TX,debt_consolidation,0
0.0,250000.0,4.0,13.95,0.8164627232353775,5,18,10,0.0,20,whole,MS,debt_consolidation,0
0.0,175000.0,10.0,4.98,0.042359428877825886,1,35,10,0.0,20,whole,SC,home_improvement,0
0.0,280000.0,2.0,9.36,0.2175197177022378,0,14,10,0.0,20,whole,SC,credit_card,0
0.0,80000.0,2.0,19.26,0.1511762723039824,0,5,10,0.0,20,whole,GA,credit_card,0
0.0,52000.0,3.0,2.86,0.20158878504672897,1,13,10,0.0,20,whole,NY,major_purchase,0
0.0,24000.0,1.0,15.5,0.7535201640464798,0,11,10,0.0,20,whole,WA,credit_card,0
0.0,18000.0,2.0,25.33,0.18906166219839143,0,18,10,0.0,20,whole,PA,debt_consolidation,0
0.0,138900.0,4.0,7.74,0.6802291204730229,0,22,10,0.0,20,whole,OH,debt_consolidation,0
0.0,81257.8,10.0,32.98,0.7349576693056118,0,16,10,0.0,20,whole,NY,other,0
0.0,152000.0,5.0,9.79,0.6283288770053476,0,24,10,0.0,20,fractional,NY,other,0
0.0,75000.0,10.0,12.49,0.5831541218637993,0,17,10,0.0,20,whole,CA,debt_consolidation,0
0.0,34113.0,5.0,14.07,0.6450877192982456,0,11,10,0.0,20,whole,MA,debt_consolidation,0
0.0,125000.0,5.0,22.6,0.21589436413745217,0,18,10,0.0,20,whole,CT,debt_consolidation,0
0.0,120000.0,7.0,23.82,0.730731291326456,0,32,10,0.0,20,whole,OR,small_business,0
0.0,204000.0,9.0,15.2,0.17841411927089676,1,21,10,0.0,20,whole,AZ,debt_consolidation,0
0.0,90000.0,10.0,9.67,0.14426332483148743,0,14,10,0.0,20,whole,NJ,credit_card,0
0.0,70200.0,1.0,22.77,0.23998711190269487,0,21,10,0.0,20,whole,TX,debt_consolidation,1
0.0,105000.0,6.0,28.35,0.6819473355125171,0,30,10,0.0,20,whole,FL,debt_consolidation,0
0.0,130000.0,3.0,28.15,0.4979383761901192,2,14,10,0.0,20,whole,PA,home_improvement,0
0.0,116000.0,5.0,20.34,0.11772293155171665,0,15,10,0.0,20,whole,IL,debt_consolidation,0
0.0,40800.0,6.0,27.47,0.6219594594594594,0,24,10,0.0,20,whole,PA,debt_consolidation,0
0.0,105000.0,10.0,12.41,0.49655798342352214,0,18,10,0.0,20,whole,CA,debt_consolidation,0
0.0,70000.0,10.0,5.81,0.31045868152274836,1,33,10,0.0,20,fractional,WA,debt_consolidation,0
0.0,39000.0,3.0,13.72,0.4425,0,7,10,0.0,20,whole,MO,credit_card,0
0.0,88000.0,0.0,18.32,0.10076692114073779,0,24,10,0.0,20,whole,CA,credit_card,0
0.0,55000.0,0.0,7.88,0.6448154513462641,2,13,10,0.0,20,whole,CA,debt_consolidation,0
0.0,90000.0,6.0,19.45,0.10238118331716779,0,31,10,0.0,20,whole,CA,credit_card,0
0.0,14928.0,6.0,11.58,0.00614796986186689,0,20,10,0.0,20,whole,TN,debt_consolidation,0
0.0,86000.0,10.0,15.94,0.044489015221953615,0,23,10,0.0,20,fractional,IN,debt_consolidation,0
0.0,131000.0,9.0,21.4,0.2215984082895022,0,11,10,0.0,20,whole,NC,home_improvement,0
0.0,164200.0,10.0,12.91,0.11931689818498284,1,11,10,0.0,20,whole,MD,debt_consolidation,0
0.0,114000.0,3.0,27.5,0.3229776481480192,0,16,10,0.0,20,whole,GA,debt_consolidation,0
0.0,93844.0,1.0,24.54,0.6296346713942004,0,14,10,0.0,20,whole,NV,home_improvement,0
0.0,166000.0,10.0,27.31,0.9315669824086603,0,15,10,0.0,20,whole,GA,home_improvement,0
0.0,150000.0,0.0,9.02,0.2141240190927294,0,16,10,0.0,20,whole,PA,moving,0
0.0,70000.0,10.0,23.4,0.19140121251649053,1,14,10,0.0,20,whole,AZ,credit_card,0
0.0,24000.0,3.0,21.15,0.4486852889706045,0,4,10,0.0,20,whole,VA,other,0
0.0,200000.0,8.0,11.27,0.6365594706877982,1,15,10,0.0,20,whole,CA,major_purchase,0
0.0,50000.0,1.0,6.02,0.5694949494949495,0,12,10,0.0,20,whole,NY,credit_card,0
0.0,69000.0,10.0,18.87,0.0685176184690158,0,24,10,0.0,20,whole,PA,credit_card,0
0.0,885000.0,6.0,2.22,0.6781805947419991,0,12,10,0.0,20,whole,AZ,other,0
0.0,72000.0,10.0,3.99,0.01814763621601245,0,16,10,0.0,20,whole,MN,other,0
0.0,35000.0,10.0,32.0,0.3666867469879518,0,14,10,0.0,20,whole,IL,debt_consolidation,0
0.0,72000.0,10.0,9.13,0.5650427350427351,0,8,10,0.0,20,whole,CA,other,0
0.0,151000.0,5.0,32.34,0.26999021015329083,0,17,10,0.0,20,whole,VA,credit_card,0
0.0,93707.0,10.0,14.11,0.05259911400213088,4,15,10,0.0,20,fractional,FL,credit_card,0
0.0,64000.0,2.0,28.91,0.22962244334870144,0,14,10,0.0,20,whole,IN,debt_consolidation,0
0.0,100256.0,2.0,10.55,0.08651351029639329,0,25,10,0.0,20,whole,LA,medical,0
0.0,47800.0,4.0,19.46,0.5894634562517774,0,13,10,0.0,20,whole,CA,credit_card,0
0.0,62000.0,2.0,16.22,0.21973040060677101,2,20,10,0.0,20,whole,NC,debt_consolidation,0
0.0,90000.0,6.0,31.77,0.6410396312525931,0,47,10,0.0,20,fractional,NY,other,0
0.0,140000.0,10.0,8.24,0.34175627397709923,0,13,10,0.0,20,whole,AK,home_improvement,0
0.0,74000.0,10.0,22.75,0.7469365258408531,0,22,10,0.0,20,whole,PA,credit_card,0
0.0,60000.0,8.0,22.8,0.38945970695970694,0,18,10,0.0,20,whole,MA,debt_consolidation,0
0.0,110000.0,5.0,31.88,0.4280136666537811,0,31,10,0.0,20,fractional,AL,debt_consolidation,0
0.0,60000.0,1.0,24.56,0.6775853658536586,0,13,10,0.0,20,whole,WA,debt_consolidation,0
0.0,80000.0,3.0,4.68,0.012678601754523818,0,4,10,0.0,20,whole,OR,major_purchase,0
0.0,42000.0,8.0,26.69,0.40200182322189354,0,16,10,0.0,20,whole,NC,debt_consolidation,0
0.0,33600.0,10.0,28.04,0.186651918107353,0,13,10,0.0,20,fractional,VA,credit_card,0
0.0,60000.0,5.0,1.2,0.20105555555555554,0,6,10,0.0,20,whole,NC,credit_card,1
0.0,80000.0,3.0,19.2,0.8947348208456546,0,8,10,0.0,20,whole,AZ,credit_card,0
0.0,95000.0,6.0,36.51,0.19802816901408452,0,12,10,0.0,20,whole,PA,debt_consolidation,0
0.0,64760.0,2.0,29.13,0.7036488316965798,0,21,10,0.0,20,fractional,OH,debt_consolidation,0
0.0,56000.0,7.0,17.27,0.10259075836112755,0,12,10,0.0,20,whole,CA,debt_consolidation,0
0.0,125000.0,2.0,17.52,0.6350156829198745,0,11,10,0.0,20,whole,PA,debt_consolidation,0
0.0,53000.0,2.0,30.62,0.6324315058709253,0,12,10,0.0,20,fractional,ME,debt_consolidation,0
0.0,60000.0,10.0,6.86,0.1165851407475773,0,10,10,0.0,20,whole,CA,other,0
0.0,50000.0,10.0,15.1,0.481165530475803,0,5,10,0.0,20,whole,KY,debt_consolidation,0
0.0,620000.0,10.0,12.24,0.15641071735101988,0,29,10,0.0,20,whole,CA,major_purchase,0
0.0,100000.0,10.0,12.38,0.58999154512788,0,14,10,0.0,20,whole,MO,credit_card,0
0.0,146000.0,7.0,23.17,0.14931174659955138,0,23,10,0.0,20,whole,NY,credit_card,0
0.0,150000.0,5.0,7.98,0.5122465326082374,0,22,10,0.0,20,whole,MD,debt_consolidation,0
0.0,155000.0,2.0,12.25,0.10877462485825048,0,12,10,0.0,20,whole,MO,other,0
0.0,47000.0,10.0,22.01,0.8080378024915279,0,14,10,0.0,20,whole,IL,medical,0
0.0,134000.0,5.0,26.24,0.38481866200009635,0,19,10,0.0,20,whole,OH,credit_card,0
0.0,65000.0,0.0,21.92,0.5850655107871146,0,21,10,0.0,20,whole,CA,debt_consolidation,0
0.0,120000.0,10.0,18.37,0.08492421841994086,0,15,10,0.0,20,whole,FL,debt_consolidation,0
0.0,29000.0,6.0,10.84,0.6834453781512605,0,31,10,0.0,20,whole,WA,credit_card,0
0.0,49000.0,10.0,22.61,0.13722455738122533,0,15,10,0.0,20,whole,FL,debt_consolidation,0
0.0,55000.0,0.0,22.17,0.6194809160305343,0,9,10,0.0,20,whole,RI,credit_card,0
0.0,240000.0,10.0,17.48,0.15480408300513335,1,14,10,0.0,20,whole,MI,major_purchase,0
0.0,80000.0,4.0,15.51,0.1631764433364954,0,9,10,0.0,20,whole,OH,debt_consolidation,0
0.0,75000.0,10.0,14.29,0.7920345713618313,1,22,10,0.0,20,whole,MN,debt_consolidation,0
0.0,55000.0,10.0,10.78,0.49943728546508354,0,14,10,0.0,20,whole,NY,credit_card,0
0.0,35000.0,4.0,8.98,0.07512467755803955,0,13,10,0.0,20,whole,GA,other,0
0.0,55000.0,1.0,6.13,0.3492063492063492,0,14,10,0.0,20,whole,IL,debt_consolidation,0
0.0,95543.0,10.0,8.16,0.05667848751770928,0,13,10,0.0,20,whole,NY,home_improvement,0
0.0,50000.0,3.0,13.58,0.3860102095117961,1,15,10,0.0,20,whole,CA,credit_card,0
0.0,54500.0,4.0,27.35,0.7565449442510314,0,23,10,0.0,20,whole,IL,debt_consolidation,0
0.0,55000.0,1.0,10.87,0.4873751895028491,0,13,10,0.0,20,whole,MO,debt_consolidation,0
0.0,60000.0,10.0,19.56,0.8633306962025317,0,12,10,0.0,20,fractional,CA,credit_card,0
0.0,48000.0,3.0,26.11,0.5472414822678565,0,4,10,0.0,20,fractional,FL,car,1
0.0,151000.0,10.0,18.54,0.17383584842568522,1,15,10,0.0,20,whole,GA,home_improvement,0
0.0,40000.0,0.0,16.47,0.4041426343091377,0,12,10,0.0,20,whole,CA,credit_card,0
0.0,120000.0,10.0,7.5,0.5548937286801364,1,18,10,0.0,20,whole,NY,credit_card,0
0.0,75000.0,2.0,18.42,0.3522739062770188,0,11,10,0.0,20,whole,NV,home_improvement,0
0.0,57000.0,6.0,29.55,0.9926223568934853,0,25,10,0.0,20,whole,MI,home_improvement,0
0.0,127000.0,5.0,5.61,0.5717314487632509,0,13,10,0.0,20,fractional,NY,debt_consolidation,0
0.0,270000.0,3.0,14.79,0.418173117186098,0,17,10,0.0,20,whole,MS,small_business,0
0.0,138000.0,10.0,25.07,0.13165552141695283,0,23,10,0.0,20,fractional,WA,home_improvement,0
0.0,90000.0,5.0,26.8,0.5427354278458199,0,6,10,0.0,20,whole,WA,credit_card,0
0.0,165000.0,3.0,15.81,0.3392977236136869,0,17,10,0.0,20,whole,WA,debt_consolidation,0
0.0,100000.0,5.0,26.69,0.540452938205085,0,18,10,0.0,20,whole,CA,debt_consolidation,0
0.0,90000.0,7.0,13.19,0.6382591093117409,8,24,10,0.0,20,whole,NY,home_improvement,0
0.0,40000.0,9.0,21.18,0.6686529884032114,0,9,10,0.0,20,whole,CA,debt_consolidation,0
0.0,163000.0,7.0,13.54,0.09836374320109686,0,12,10,0.0,20,fractional,CA,home_improvement,0
0.0,75000.0,6.0,13.34,0.11507225930146327,1,34,10,0.0,20,whole,WI,credit_card,0
0.0,120000.0,8.0,5.31,0.045290564201305505,2,15,10,0.0,20,fractional,OH,debt_consolidation,0
0.0,45000.0,2.0,15.95,1.1098985177611307,0,9,10,0.0,20,whole,LA,other,0
0.0,68000.0,2.0,24.44,0.2880629813313979,0,12,10,0.0,20,whole,GA,other,0
0.0,60000.0,10.0,4.42,0.36640243902439024,0,10,10,0.0,20,whole,FL,debt_consolidation,0
0.0,15984.0,0.0,27.7,0.16576997706826602,0,5,10,0.0,20,whole,IL,debt_consolidation,0
0.0,67000.0,10.0,21.87,0.2707459095941716,0,13,10,0.0,20,whole,TX,vacation,0
0.0,30000.0,6.0,10.96,0.5287134502923977,0,28,10,0.0,20,whole,MA,credit_card,0
0.0,54000.0,2.0,20.38,0.574779909419368,0,9,10,0.0,20,whole,WA,other,0
0.0,90000.0,9.0,20.59,0.5535099419921209,0,14,10,0.0,20,whole,NY,debt_consolidation,1
0.0,25000.0,9.0,2.4,0.202,0,11,10,0.0,20,fractional,NY,moving,0
0.0,72000.0,7.0,16.17,0.6001535556431699,0,7,10,0.0,20,fractional,CA,debt_consolidation,0
0.0,67000.0,1.0,35.03,0.7370999891988492,0,17,10,0.0,20,whole,HI,credit_card,0
0.0,80000.0,9.0,9.58,0.9101903412424076,0,24,10,0.0,20,whole,GA,credit_card,0
0.0,75000.0,10.0,20.43,0.8555698541862198,1,6,10,0.0,20,whole,CA,debt_consolidation,0
0.0,130000.0,10.0,13.61,0.12667580248060575,1,17,10,0.0,20,whole,MD,credit_card,0
0.0,87040.0,10.0,13.68,0.7166825241547512,0,8,10,0.0,20,whole,PA,other,0
0.0,140000.0,0.0,19.21,0.430454099864023,0,7,10,0.0,20,whole,NJ,debt_consolidation,0
0.0,51000.0,10.0,33.6,0.17598234987071948,0,13,10,0.0,20,fractional,AZ,debt_consolidation,0
0.0,162000.0,2.0,2.75,0.43082628346274193,0,15,10,0.0,20,whole,CA,debt_consolidation,0
0.0,80000.0,6.0,6.84,0.06884836217935479,0,5,10,0.0,20,whole,TX,major_purchase,0
0.0,125000.0,9.0,15.01,0.664410978551405,0,19,10,0.0,20,whole,CA,debt_consolidation,0
0.0,75000.0,6.0,18.62,0.099982065494572,0,10,10,0.0,20,whole,LA,other,0
0.0,183000.0,10.0,18.71,0.26223325915653456,0,24,10,0.0,20,whole,FL,debt_consolidation,0
0.0,43000.0,0.0,11.06,0.083928641796002,0,11,10,0.0,20,whole,NC,credit_card,0
0.0,55000.0,1.0,14.31,0.5065129338120224,0,18,10,0.0,20,whole,TX,credit_card,0
0.0,105000.0,3.0,17.05,0.2273701766549621,0,21,10,0.0,20,fractional,TX,other,0
0.0,80000.0,2.0,13.89,0.19142005628139114,0,19,10,0.0,20,whole,FL,home_improvement,0
0.0,5235.0,4.0,19.5,0.10382513661202186,0,4,10,0.0,20,whole,CO,debt_consolidation,0
0.0,115000.0,5.0,15.4,0.31089743068178305,0,18,10,0.0,20,whole,TX,debt_consolidation,0
0.0,50000.0,0.0,11.93,0.8778484107579462,0,8,10,0.0,20,whole,VA,credit_card,0
0.0,80000.0,10.0,17.7,0.09346233274971759,0,19,10,0.0,20,whole,MA,debt_consolidation,0
0.0,60000.0,3.0,16.5,0.6680935688283672,0,6,10,0.0,20,whole,MA,other,0
0.0,130000.0,10.0,31.27,0.7590362954737114,0,14,10,0.0,20,fractional,CO,credit_card,0
0.0,125000.0,1.0,19.65,0.5404907679699176,1,37,10,0.0,20,fractional,AL,debt_consolidation,0
0.0,72672.0,10.0,17.67,0.6401172502915498,0,20,10,0.0,20,whole,OR,debt_consolidation,0
0.0,52000.0,10.0,27.21,0.0959111918776913,0,15,10,0.0,20,fractional,NY,credit_card,0
0.0,56000.0,10.0,20.47,0.19999861530366392,2,13,10,0.0,20,whole,CO,debt_consolidation,0
0.0,107000.0,2.0,13.29,0.5593267882187938,0,12,10,0.0,20,whole,NY,debt_consolidation,0
0.0,61582.0,10.0,28.97,0.6683738567923265,0,7,10,0.0,20,whole,GA,moving,1
0.0,105000.0,10.0,3.46,0.0032612548741581,0,22,10,0.0,20,whole,LA,other,0
0.0,260000.0,10.0,3.12,0.06407749695687026,0,19,10,0.0,20,whole,CA,other,0
0.0,54200.0,10.0,26.71,0.5239228324874625,0,13,10,0.0,20,whole,NY,credit_card,0
0.0,90000.0,2.0,17.41,0.3690857065609229,1,9,10,0.0,20,whole,NY,home_improvement,0
0.0,95000.0,1.0,1.12,0.15841397849462366,0,21,10,0.0,20,whole,CA,debt_consolidation,0
0.0,160200.0,2.0,9.74,0.30683775353784054,0,5,10,0.0,20,whole,MA,credit_card,0
0.0,48000.0,6.0,15.62,0.12387947487132034,0,18,10,0.0,20,whole,GA,debt_consolidation,0
0.0,54500.0,0.0,32.44,0.6802774612476712,0,17,10,0.0,20,whole,FL,other,0
0.0,82000.0,10.0,21.12,0.4202727370342532,0,25,10,0.0,20,whole,IN,credit_card,0
0.0,39000.0,1.0,33.83,0.7993410056826321,0,16,10,0.0,20,fractional,WA,credit_card,0
0.0,220000.0,3.0,5.05,0.9985391507596416,0,9,10,0.0,20,whole,IL,major_purchase,0
0.0,94000.0,5.0,22.94,0.7888727519930783,0,14,10,0.0,20,whole,OH,debt_consolidation,0
0.0,45000.0,8.0,35.68,0.36370896518029955,0,17,10,0.0,20,whole,CA,debt_consolidation,0
0.0,50000.0,1.0,12.62,0.4655814595116568,1,6,10,0.0,20,whole,CA,debt_consolidation,0
0.0,54000.0,10.0,22.67,0.44268999331401826,0,29,10,0.0,20,whole,NY,debt_consolidation,0
0.0,120000.0,10.0,13.49,0.09030707610146863,0,31,10,0.0,20,whole,CA,debt_consolidation,0
0.0,48000.0,10.0,24.55,0.6955252440998969,0,17,10,0.0,20,fractional,CA,debt_consolidation,0
0.0,190000.0,5.0,14.5,0.6384626771272086,0,15,10,0.0,20,fractional,VA,debt_consolidation,0
0.0,85000.0,10.0,24.13,0.5507634979939078,0,14,10,0.0,20,whole,CA,credit_card,0
0.0,65000.0,0.0,15.99,1.0960619956728217,0,21,10,0.0,20,whole,CA,debt_consolidation,0
0.0,119000.0,10.0,30.51,0.35068392942823656,0,7,10,0.0,20,whole,VA,debt_consolidation,0
0.0,70000.0,6.0,16.25,0.016644194756554306,0,30,10,0.0,20,whole,OH,debt_consolidation,0
0.0,175000.0,10.0,12.62,0.0664485714173842,0,13,10,0.0,20,fractional,CA,credit_card,0
0.0,101000.0,8.0,16.27,0.07014697810575105,0,10,10,0.0,20,whole,CO,credit_card,0
0.0,75000.0,3.0,3.63,0.4308045977011494,0,14,10,0.0,20,whole,CA,debt_consolidation,0
0.0,84000.0,3.0,15.29,0.27250468143705636,0,13,10,0.0,20,fractional,WA,debt_consolidation,0
0.0,95000.0,2.0,7.6,0.1763968481375358,1,15,10,0.0,20,whole,NH,major_purchase,0
0.0,90000.0,10.0,25.67,0.2033390472109135,0,17,10,0.0,20,whole,KY,credit_card,0
0.0,100000.0,6.0,20.82,0.1165734109221128,0,22,10,0.0,20,whole,NJ,debt_consolidation,0
0.0,100000.0,10.0,6.8,0.7960532618066865,0,16,10,0.0,20,whole,FL,major_purchase,0
0.0,108367.0,10.0,37.01,0.21852249832102083,2,11,10,0.0,20,whole,CA,home_improvement,0
0.0,81650.0,6.0,15.62,0.17699515963661508,0,14,10,0.0,20,whole,OK,debt_consolidation,0
0.0,78000.0,4.0,3.43,0.094375,0,30,10,0.0,20,whole,NY,home_improvement,0
0.0,98000.0,10.0,24.1,0.0863226563072638,0,13,10,0.0,20,whole,CO,debt_consolidation,0
0.0,16752.0,6.0,25.93,0.7150877192982457,0,12,10,0.0,20,fractional,FL,debt_consolidation,0
0.0,175000.0,10.0,15.87,0.19126892229958992,0,19,10,0.0,20,whole,IL,debt_consolidation,0
0.0,18348.0,6.0,24.07,1.0153007658102766,1,34,10,0.0,20,whole,CA,other,0
0.0,90000.0,2.0,19.53,0.5694552659112665,0,15,10,0.0,20,whole,NC,debt_consolidation,0
0.0,36000.0,4.0,30.61,0.41700146474157773,0,15,10,0.0,20,fractional,NY,moving,0
0.0,163000.0,2.0,23.8,0.8199493749240071,0,12,10,0.0,20,fractional,CA,vacation,0
0.0,45000.0,5.0,22.6,0.9631522777060046,0,15,10,0.0,20,whole,CA,debt_consolidation,0
0.0,60000.0,10.0,35.58,0.2883906229421836,0,19,10,0.0,20,whole,CA,debt_consolidation,0
0.0,112000.0,6.0,14.39,0.09747572815533981,1,21,10,0.0,20,whole,NM,debt_consolidation,0
0.0,24000.0,6.0,19.8,0.5807434944237918,1,36,10,0.0,20,fractional,FL,debt_consolidation,0
0.0,97000.0,10.0,1.99,0.035857487386627605,1,29,10,0.0,20,fractional,NV,credit_card,0
0.0,58734.0,10.0,23.29,0.4747283332839842,0,13,10,0.0,20,fractional,NJ,credit_card,0
0.0,102000.0,10.0,29.02,0.2888553859705588,0,11,10,0.0,20,whole,FL,home_improvement,0
0.0,173000.0,5.0,9.64,0.1339895248962341,0,14,10,0.0,20,whole,CT,debt_consolidation,0
0.0,121000.0,6.0,24.73,0.8022141876913332,0,16,10,0.0,20,whole,UT,debt_consolidation,0
0.0,32028.0,1.0,20.27,0.5481553071686697,0,11,10,0.0,20,whole,NJ,debt_consolidation,0
0.0,74000.0,2.0,9.76,1.0303510625807208,0,11,10,0.0,20,whole,NJ,small_business,0
0.0,92000.0,3.0,16.51,0.15282481139983237,0,11,10,0.0,20,whole,PA,car,0
0.0,70000.0,10.0,35.5,0.7169828655427443,0,38,10,0.0,20,whole,TN,debt_consolidation,0
0.0,183000.0,10.0,20.34,0.4830911071053027,0,22,10,0.0,20,whole,MN,credit_card,0
0.0,42000.0,4.0,8.31,0.06797816914489921,1,11,10,0.0,20,whole,AZ,debt_consolidation,0
0.0,64000.0,9.0,13.33,0.4248745623800074,0,32,10,0.0,20,whole,PA,other,0
0.0,150839.0,3.0,25.52,0.2766543776625707,0,17,10,0.0,20,fractional,GA,debt_consolidation,0
0.0,67000.0,10.0,15.57,0.07209071747510885,1,13,10,0.0,20,fractional,LA,major_purchase,0
0.0,22000.0,6.0,21.28,0.28919003115264796,0,12,10,0.0,20,whole,NY,credit_card,0
0.0,74000.0,10.0,19.22,0.054223716677149356,0,21,10,0.0,20,whole,CA,debt_consolidation,0
0.0,36000.0,6.0,29.73,0.15701161922839477,0,26,10,0.0,20,whole,NC,credit_card,0
0.0,98000.0,10.0,24.96,0.8611381722254452,0,14,10,0.0,20,fractional,GA,credit_card,0
0.0,58500.0,0.0,30.09,0.4715034325872365,0,7,10,0.0,20,fractional,NV,debt_consolidation,0
0.0,90000.0,3.0,21.09,0.07684449400700288,0,16,10,0.0,20,whole,NJ,home_improvement,0
0.0,88000.0,3.0,34.59,0.7178118580727125,0,14,10,0.0,20,whole,NC,major_purchase,0
0.0,70000.0,10.0,22.15,0.45790814426385806,2,20,10,0.0,20,fractional,NY,major_purchase,0
0.0,104000.0,0.0,26.03,0.11167106030677873,0,11,10,0.0,20,whole,NH,debt_consolidation,0
0.0,96000.0,10.0,4.43,0.47003230220190995,0,11,10,0.0,20,whole,CA,debt_consolidation,0
0.0,55000.0,6.0,34.82,0.8148689900788604,0,12,10,0.0,20,fractional,MI,credit_card,0
0.0,45000.0,0.0,20.89,0.787533039647577,0,7,10,0.0,20,whole,GA,debt_consolidation,0
0.0,61000.0,2.0,36.28,0.2534100743668099,0,15,10,0.0,20,fractional,PA,debt_consolidation,0
0.0,112000.0,10.0,13.98,0.27865728173220905,0,16,10,0.0,20,whole,CT,debt_consolidation,0
0.0,96000.0,2.0,20.98,0.6199797892305471,0,9,10,0.0,20,whole,NY,debt_consolidation,0
0.0,85000.0,0.0,8.32,0.26592819634445924,0,8,10,0.0,20,whole,NJ,credit_card,0
0.0,65000.0,3.0,14.09,0.16572369617490756,0,12,10,0.0,20,fractional,VA,debt_consolidation,0
0.0,41720.0,6.0,25.92,0.9805,0,22,10,0.0,20,fractional,WA,medical,0
0.0,44000.0,10.0,34.21,0.3777229683505563,0,16,10,0.0,20,whole,AL,home_improvement,0
0.0,124500.0,4.0,24.2,0.14564049157736428,0,22,10,0.0,20,whole,MA,debt_consolidation,0
0.0,100000.0,10.0,3.23,0.048533385935496595,0,27,10,0.0,20,whole,FL,credit_card,0
0.0,65000.0,10.0,10.34,0.08585845583502819,0,26,10,0.0,20,whole,NY,debt_consolidation,0
0.0,59000.0,10.0,5.84,0.006556346878927524,0,29,10,0.0,20,whole,CA,credit_card,0
0.0,44050.0,6.0,17.96,0.3151969981238274,0,45,10,0.0,20,fractional,CT,debt_consolidation,0
0.0,39600.0,4.0,4.55,0.99225,0,5,10,0.0,20,whole,NC,major_purchase,0
0.0,64000.0,10.0,26.5,0.15373233407367887,0,22,10,0.0,20,fractional,CA,debt_consolidation,0
0.0,90000.0,0.0,27.99,0.22291461570470208,0,21,10,0.0,20,fractional,OR,credit_card,0
0.0,42000.0,1.0,21.09,0.5061355901021065,0,6,10,0.0,20,whole,OH,credit_card,0
0.0,63000.0,3.0,19.71,0.7444308850600865,0,6,10,0.0,20,fractional,NY,credit_card,0
0.0,116000.0,10.0,28.46,0.1973387681514433,0,18,10,0.0,20,whole,PA,credit_card,0
0.0,61000.0,8.0,18.16,0.7250747659921545,0,17,10,0.0,20,whole,TN,credit_card,0
0.0,71000.0,10.0,8.76,0.07462358707863405,1,13,10,0.0,20,whole,WA,debt_consolidation,0
0.0,58000.0,6.0,13.14,0.07399273871577079,0,14,10,0.0,20,whole,AZ,debt_consolidation,0
0.0,20000.0,6.0,14.65,0.11121827411167513,0,28,10,0.0,20,fractional,PA,debt_consolidation,0
0.0,187116.0,2.0,13.85,0.734721143095378,0,9,10,0.0,20,whole,AR,debt_consolidation,0
0.0,128000.0,3.0,15.45,0.723039769685578,0,20,10,0.0,20,whole,MA,credit_card,0
0.0,63000.0,1.0,13.47,0.7150274012114219,1,16,10,0.0,20,whole,TX,credit_card,0
0.0,90000.0,4.0,15.27,0.6619352109872612,0,14,10,0.0,20,whole,AK,debt_consolidation,0
0.0,60000.0,5.0,14.0,0.430586552837425,0,7,10,0.0,20,whole,FL,debt_consolidation,0
0.0,77076.0,6.0,18.0,0.1587015329125338,0,33,10,0.0,20,whole,IN,debt_consolidation,0
0.0,42433.0,8.0,16.97,0.32516968153641684,0,10,10,0.0,20,whole,PA,debt_consolidation,0
0.0,50000.0,6.0,1.97,0.2876923076923077,0,22,10,0.0,20,whole,NY,credit_card,0
0.0,215000.0,10.0,29.11,0.12263940813438283,0,22,10,0.0,20,whole,TX,debt_consolidation,0
0.0,65000.0,1.0,36.93,0.7940452482778884,0,15,10,0.0,20,whole,FL,debt_consolidation,0
0.0,80000.0,10.0,20.84,0.5208550631988605,0,11,10,0.0,20,whole,MI,debt_consolidation,0
0.0,35000.0,2.0,26.58,0.4854627014454228,0,13,10,0.0,20,whole,CA,debt_consolidation,0
0.0,46167.0,6.0,26.73,0.6804888301705501,3,18,10,0.0,20,whole,ID,debt_consolidation,0
0.0,110000.0,10.0,15.44,0.10555962817721264,0,20,10,0.0,20,whole,VT,debt_consolidation,0
0.0,75000.0,10.0,9.89,0.3811830985915493,2,23,10,0.0,20,whole,NC,debt_consolidation,0
0.0,120000.0,10.0,7.08,0.7464903236040609,0,15,10,0.0,20,whole,ID,debt_consolidation,0
0.0,22800.0,4.0,20.68,0.7069565217391305,0,7,10,0.0,20,fractional,AK,medical,0
0.0,90000.0,3.0,9.75,0.8370468398081108,0,11,10,0.0,20,whole,IL,other,0
0.0,192000.0,10.0,7.76,0.04033772914238375,0,29,10,0.0,20,fractional,IL,debt_consolidation,0
0.0,142500.0,10.0,10.51,0.050476287230482385,0,27,10,0.0,20,whole,FL,debt_consolidation,0
0.0,80000.0,10.0,27.32,0.4525910604620704,0,15,10,0.0,20,whole,NY,credit_card,0
0.0,45000.0,6.0,16.51,0.29031083602603197,1,11,10,0.0,20,fractional,SC,home_improvement,0
0.0,20800.0,6.0,29.65,0.38035564853556486,0,19,10,0.0,20,whole,GA,debt_consolidation,0
0.0,60000.0,6.0,30.16,0.5149136577708007,0,16,10,0.0,20,whole,TX,other,0
0.0,90000.0,10.0,1.09,0.023858625162127108,2,16,10,0.0,20,whole,IL,home_improvement,0
0.0,71104.0,9.0,14.08,0.0781452400882249,0,18,10,0.0,20,whole,MO,credit_card,0
0.0,65000.0,10.0,20.85,0.08931651174397975,0,12,10,0.0,20,whole,CO,other,0
0.0,63500.0,5.0,37.35,0.4322646066087156,0,18,10,0.0,20,whole,TX,home_improvement,0
0.0,35000.0,3.0,24.31,0.5340133037694014,0,6,10,0.0,20,whole,CA,debt_consolidation,0
0.0,130000.0,9.0,27.19,0.6033918667514244,0,11,10,0.0,20,fractional,CA,credit_card,0
0.0,30800.0,3.0,18.51,0.18871303495989714,0,24,10,0.0,20,whole,NC,credit_card,0
0.0,130000.0,2.0,23.98,0.18690928113446298,0,31,10,0.0,20,whole,UT,debt_consolidation,0
0.0,75000.0,3.0,23.04,0.33688562703429553,0,12,10,0.0,20,whole,CA,debt_consolidation,0
0.0,75000.0,2.0,26.19,0.22194070542558203,0,32,10,0.0,20,whole,IL,credit_card,0
0.0,75000.0,2.0,15.18,0.43376,0,13,10,0.0,20,whole,CA,credit_card,0
0.0,65000.0,2.0,2.66,0.019722645534897897,0,45,10,0.0,20,whole,TX,home_improvement,0
0.0,65000.0,1.0,22.38,0.6323450616181461,0,11,10,0.0,20,whole,UT,debt_consolidation,0
0.0,70000.0,9.0,29.13,0.2173612272856749,0,25,10,0.0,20,fractional,MI,debt_consolidation,0
0.0,81800.0,0.0,28.63,0.2971439328743546,0,13,10,0.0,20,fractional,PA,debt_consolidation,0
0.0,83000.0,3.0,17.97,0.71188873232086,0,16,10,0.0,20,whole,MA,credit_card,0
0.0,50000.0,4.0,15.7,0.4691360913515537,0,7,10,0.0,20,whole,NY,credit_card,0
0.0,148000.0,10.0,28.44,0.8073437855032947,0,25,10,0.0,20,whole,AZ,debt_consolidation,0
0.0,132200.0,10.0,14.39,0.1387153598281418,0,30,10,0.0,20,whole,GA,debt_consolidation,0
0.0,75000.0,1.0,10.0,0.6046185411607068,0,13,10,0.0,20,whole,NY,debt_consolidation,0
0.0,40000.0,10.0,11.4,0.08720555996081907,0,20,10,0.0,20,whole,OH,major_purchase,0
0.0,60000.0,10.0,12.09,0.8330245007206094,2,11,10,0.0,20,whole,AZ,debt_consolidation,0
0.0,90000.0,10.0,7.93,0.3877877448717103,0,27,10,0.0,20,fractional,CA,major_purchase,0
0.0,52000.0,6.0,26.84,0.3497603869638565,0,12,10,0.0,20,whole,AZ,small_business,0
0.0,82000.0,1.0,19.36,0.09653997217183015,2,15,10,0.0,20,whole,MD,credit_card,0
0.0,40000.0,5.0,13.14,0.16193979933110367,0,13,10,0.0,20,whole,CA,major_purchase,0
0.0,88045.0,10.0,13.33,0.5664933600601353,0,12,10,0.0,20,fractional,PA,vacation,0
0.0,46236.0,9.0,32.75,0.8213586341947762,0,25,10,0.0,20,whole,NE,other,0
0.0,65000.0,1.0,20.97,0.1377829678015789,0,28,10,0.0,20,whole,PA,debt_consolidation,0
0.0,118500.0,2.0,3.99,0.04289762994798966,0,25,10,0.0,20,whole,CA,car,0
0.0,140000.0,5.0,23.84,0.6145978841413311,0,26,10,0.0,20,whole,NY,credit_card,0
0.0,94000.0,3.0,26.72,0.6424452315361406,0,18,10,0.0,20,whole,CA,debt_consolidation,0
0.0,83000.0,8.0,28.55,0.587600325104135,0,15,10,0.0,20,whole,OH,debt_consolidation,0
0.0,69400.0,3.0,22.87,0.7386668533165348,0,4,10,0.0,20,whole,OR,moving,0
0.0,57000.0,5.0,27.48,0.13930299405473925,0,13,10,0.0,20,whole,GA,debt_consolidation,0
0.0,33500.0,5.0,32.86,0.32195611893258524,0,35,10,0.0,20,fractional,FL,debt_consolidation,0
0.0,50000.0,10.0,16.08,0.11811207388832336,0,29,10,0.0,20,whole,FL,debt_consolidation,0
0.0,290000.0,10.0,14.08,0.5078377805650532,0,11,10,0.0,20,whole,FL,debt_consolidation,0
0.0,45000.0,2.0,20.39,0.5633809907370116,2,12,10,0.0,20,fractional,TX,major_purchase,0
0.0,50000.0,10.0,15.2,0.9551189617880317,0,22,10,0.0,20,whole,CO,credit_card,0
0.0,58756.0,10.0,29.76,0.4713386596447131,0,16,10,0.0,20,whole,CA,credit_card,0
0.0,70000.0,5.0,9.12,0.5019721115537848,0,15,10,0.0,20,fractional,TX,debt_consolidation,0
0.0,55160.04,6.0,7.7,0.19655348047538201,0,15,10,0.0,20,fractional,AL,other,0
0.0,135000.0,10.0,9.73,0.6341139972017763,0,19,10,0.0,20,whole,MI,debt_consolidation,0
0.0,33000.0,2.0,27.16,0.8375620921398655,0,17,10,0.0,20,fractional,CA,other,0
0.0,86000.0,9.0,9.42,0.06166075287821772,0,17,10,0.0,20,fractional,CA,debt_consolidation,0
0.0,120000.0,10.0,20.45,0.5980902170278614,0,27,10,0.0,20,whole,HI,debt_consolidation,0
0.0,450000.0,9.0,15.92,0.8036283451939461,1,22,10,0.0,20,whole,NY,debt_consolidation,0
0.0,125000.0,2.0,14.2,0.04544646816521972,8,23,10,0.0,20,fractional,NY,debt_consolidation,0
0.0,83000.0,0.0,1.66,0.203,0,25,10,0.0,20,whole,NC,credit_card,0
0.0,36000.0,1.0,12.35,0.5656929717949792,0,16,10,0.0,20,whole,FL,credit_card,0
0.0,50000.0,1.0,18.33,0.3843498753871341,0,15,10,0.0,20,whole,CA,moving,0
0.0,50000.0,5.0,10.15,0.14615745079662606,0,15,10,0.0,20,whole,PA,debt_consolidation,0
0.0,70500.0,0.0,32.53,0.6311008891444381,0,15,10,0.0,20,whole,IL,debt_consolidation,0
0.0,60000.0,1.0,11.88,0.4011500515900159,0,13,10,0.0,20,whole,NJ,credit_card,0
0.0,120000.0,3.0,28.03,0.34805041160715755,0,24,10,0.0,20,whole,NE,debt_consolidation,0
0.0,188500.0,10.0,7.93,0.6775278929844033,0,18,10,0.0,20,whole,MI,home_improvement,0
0.0,96000.0,2.0,26.02,0.36764321095702546,0,23,10,0.0,20,whole,TX,debt_consolidation,0
0.0,114000.0,1.0,13.07,0.7279697301603106,0,5,10,0.0,20,whole,GA,debt_consolidation,0
0.0,90000.0,3.0,20.19,0.7556923076923077,0,7,10,0.0,20,whole,FL,credit_card,0
0.0,65000.0,0.0,14.38,0.41076525336091,0,15,10,0.0,20,whole,MI,credit_card,0
0.0,100000.0,1.0,4.47,0.5175555555555555,0,3,10,0.0,20,whole,CT,credit_card,0
0.0,60000.0,4.0,12.3,0.3257299976764,0,11,10,0.0,20,whole,PA,debt_consolidation,0
0.0,180000.0,10.0,25.56,0.20124261678036096,1,23,10,0.0,20,whole,MO,credit_card,0
0.0,47476.0,1.0,19.03,0.5145582329317269,0,11,10,0.0,20,whole,NJ,debt_consolidation,0
0.0,50000.0,2.0,21.5,0.6606595748729757,0,12,10,0.0,20,fractional,TX,major_purchase,0
0.0,30000.0,10.0,29.08,0.29041783380018676,0,16,10,0.0,20,whole,PA,credit_card,0
0.0,160000.0,0.0,10.9,0.17960259862311762,0,28,10,0.0,20,fractional,WI,credit_card,0
0.0,281000.0,6.0,7.79,0.024509299408280494,0,24,10,0.0,20,whole,NJ,home_improvement,0
0.0,32000.0,6.0,18.11,0.6823301495765003,0,32,10,0.0,20,whole,KS,debt_consolidation,0
0.0,66144.0,10.0,23.47,0.4516584333098095,0,20,10,0.0,20,whole,TN,car,0
0.0,34000.0,10.0,21.64,0.3802559414990859,0,25,10,0.0,20,whole,TX,credit_card,0
0.0,90000.0,8.0,25.11,0.5052133711494008,0,27,10,0.0,20,fractional,VA,other,0
0.0,135000.0,9.0,37.51,0.15954437223483925,0,13,10,0.0,20,fractional,CT,debt_consolidation,1
0.0,23000.0,6.0,5.85,0.27703125,1,16,10,0.0,20,whole,OH,credit_card,0
0.0,115000.0,10.0,24.59,0.32818448214963175,0,18,10,0.0,20,whole,GA,debt_consolidation,0
0.0,96000.0,10.0,26.98,0.5190256571848711,0,32,10,0.0,20,whole,PA,major_purchase,0
0.0,200000.0,0.0,10.82,0.7327951960744445,0,15,10,0.0,20,whole,GA,major_purchase,0
0.0,75000.0,10.0,20.08,0.4885735294117647,0,11,10,0.0,20,whole,CA,credit_card,0
0.0,177000.0,10.0,8.82,0.1915441551345034,0,15,10,0.0,20,whole,SC,home_improvement,0
0.0,66996.0,3.0,21.35,0.531269953288302,0,18,10,0.0,20,whole,FL,debt_consolidation,0
0.0,137000.0,10.0,20.65,0.26282201522771254,1,18,10,0.0,20,whole,TX,credit_card,0
0.0,90000.0,10.0,27.96,0.3440402978410842,1,18,10,0.0,20,whole,ND,debt_consolidation,0
0.0,24000.0,2.0,35.35,0.8819887536209933,0,6,10,0.0,20,whole,NH,other,0
0.0,100000.0,3.0,7.52,0.11230175739391342,1,11,10,0.0,20,whole,TX,home_improvement,0
0.0,87000.0,8.0,9.59,0.8117644698162993,0,12,10,0.0,20,whole,CA,other,0
0.0,85000.0,9.0,23.35,0.5221724991620259,0,29,10,0.0,20,whole,KY,other,0
0.0,92000.0,10.0,20.16,0.25858071609541566,0,14,10,0.0,20,whole,OH,debt_consolidation,0
0.0,70000.0,10.0,9.12,0.48458653273450203,0,31,10,0.0,20,whole,PA,debt_consolidation,0
0.0,55000.0,2.0,3.75,0.7459830557990067,1,5,10,0.0,20,whole,CT,debt_consolidation,0
0.0,350000.0,3.0,3.26,0.5806999378753365,0,20,10,0.0,20,whole,CA,small_business,0
0.0,45000.0,8.0,39.25,0.30816301942307817,0,15,10,0.0,20,fractional,MO,credit_card,0
0.0,67800.0,10.0,16.34,0.7846162044067887,2,35,10,0.0,20,fractional,MD,debt_consolidation,0
0.0,53000.0,4.0,8.04,0.24650390625,0,13,10,0.0,20,whole,IL,debt_consolidation,0
0.0,146000.0,4.0,9.83,0.06180963117431042,1,33,10,0.0,20,fractional,FL,debt_consolidation,0
0.0,25000.0,0.0,8.21,0.5394793000426803,0,12,10,0.0,20,fractional,TN,debt_consolidation,0
0.0,63645.0,10.0,21.03,0.08523554098209589,0,22,10,0.0,20,fractional,NJ,other,0
0.0,71000.0,0.0,17.49,0.8696205460434984,0,7,10,0.0,20,fractional,CA,moving,0
0.0,90000.0,10.0,11.6,0.9541982800625202,0,21,10,0.0,20,whole,CA,credit_card,0
0.0,104000.0,10.0,32.19,0.6349105411495011,0,14,10,0.0,20,whole,VA,credit_card,0
0.0,148000.0,8.0,13.36,0.1408411749545846,0,12,10,0.0,20,whole,NV,debt_consolidation,0
0.0,88066.0,10.0,22.29,0.21186482154437225,1,23,10,0.0,20,whole,WA,debt_consolidation,0
0.0,70260.0,10.0,38.39,0.9765528589058001,0,17,10,0.0,20,whole,NY,debt_consolidation,0
0.0,109500.0,1.0,16.83,0.253167992477093,0,6,10,0.0,20,whole,PA,credit_card,0
0.0,75000.0,10.0,7.04,0.04610374839875971,0,15,10,0.0,20,whole,UT,other,0
0.0,33040.0,7.0,19.58,0.27469624933967246,0,16,10,0.0,20,whole,CT,debt_consolidation,0
0.0,190000.0,10.0,21.67,0.18429363388459147,0,21,10,0.0,20,whole,CO,debt_consolidation,0
0.0,39000.0,0.0,7.05,0.5189714007149822,0,10,10,0.0,20,whole,NV,major_purchase,0
0.0,54000.0,3.0,9.69,0.665079877360013,0,18,10,0.0,20,fractional,CA,major_purchase,0
0.0,75000.0,2.0,22.53,0.5582199850058905,0,15,10,0.0,20,whole,WV,credit_card,0
0.0,60000.0,3.0,28.6,0.6081256851396407,0,5,10,0.0,20,whole,IL,credit_card,0
0.0,35000.0,2.0,10.29,0.11570946838761509,0,25,10,0.0,20,whole,AL,debt_consolidation,0
0.0,120000.0,10.0,8.17,0.4674281788122128,0,7,10,0.0,20,whole,OR,vacation,0
0.0,25000.0,6.0,21.08,0.3461578947368421,1,14,10,0.0,20,fractional,TX,debt_consolidation,0
0.0,176000.0,6.0,29.92,0.280621804760251,0,41,10,0.0,20,whole,MO,debt_consolidation,0
0.0,23000.0,2.0,13.41,0.03254475703324808,0,19,10,0.0,20,fractional,AL,debt_consolidation,0
0.0,67000.0,9.0,7.97,0.6528,0,13,10,0.0,20,fractional,WA,credit_card,0
0.0,110000.0,10.0,31.45,0.24317812055934263,0,18,10,0.0,20,whole,MI,debt_consolidation,0
0.0,13136.0,6.0,18.92,0.6102449888641426,0,20,10,0.0,20,whole,AR,debt_consolidation,0
0.0,165000.0,3.0,23.64,0.35066510690109454,0,16,10,0.0,20,whole,CO,debt_consolidation,0
0.0,340000.0,10.0,8.27,0.26334198671674774,0,22,10,0.0,20,whole,NY,small_business,0
0.0,103500.0,4.0,31.29,0.23395485728534193,0,14,10,0.0,20,whole,IL,debt_consolidation,0
0.0,131000.0,10.0,27.95,0.19133213354390863,0,17,10,0.0,20,fractional,SC,debt_consolidation,0
0.0,200000.0,10.0,20.18,0.7808738510412165,1,35,10,0.0,20,whole,NY,debt_consolidation,0
0.0,121000.0,4.0,9.45,0.5421881175075748,2,11,10,0.0,20,whole,CA,car,0
0.0,117000.0,10.0,12.72,0.12777671123441728,0,14,10,0.0,20,fractional,OR,debt_consolidation,0
0.0,124000.0,4.0,16.17,0.17680294355675763,0,11,10,0.0,20,whole,OH,debt_consolidation,0
0.0,55000.0,9.0,25.9,0.20004495186022725,0,13,10,0.0,20,whole,FL,home_improvement,0
0.0,120000.0,5.0,6.51,0.6009896686616069,1,10,10,0.0,20,whole,IL,credit_card,0
0.0,43000.0,3.0,24.42,0.8361620148482285,0,12,10,0.0,20,whole,MN,credit_card,0
0.0,108000.0,10.0,15.16,0.11404299771072593,0,17,10,0.0,20,whole,MD,home_improvement,0
0.0,54000.0,0.0,31.82,0.7861050101529153,7,12,10,0.0,20,fractional,IL,debt_consolidation,0
0.0,175000.0,3.0,13.84,0.17056234682148128,1,12,10,0.0,20,whole,CA,debt_consolidation,0
0.0,60000.0,5.0,17.48,0.1725234847990149,0,14,10,0.0,20,whole,CO,debt_consolidation,0
0.0,115000.0,5.0,23.28,0.874416885808701,0,16,10,0.0,20,whole,TX,credit_card,0
0.0,72400.0,5.0,19.15,0.26841979552920814,0,20,10,0.0,20,whole,IL,debt_consolidation,0
0.0,50000.0,10.0,15.89,0.11151720248166949,0,12,10,0.0,20,whole,CA,debt_consolidation,0
0.0,29744.0,0.0,26.72,0.5160496210841338,0,14,10,0.0,20,whole,AZ,credit_card,0
0.0,40000.0,3.0,12.56,0.6401052631578947,0,10,10,0.0,20,fractional,NJ,debt_consolidation,0
0.0,160000.0,5.0,38.3,0.4619039314365439,0,32,10,0.0,20,whole,TX,debt_consolidation,0
0.0,70000.0,10.0,15.86,0.688921568627451,0,18,10,0.0,20,whole,NY,debt_consolidation,0
0.0,75200.0,3.0,8.87,0.2413236481033091,0,14,10,0.0,20,fractional,HI,credit_card,0
0.0,96000.0,3.0,21.75,0.21053581093270793,0,13,10,0.0,20,whole,IL,small_business,0
0.0,40000.0,6.0,3.18,0.030362175822415138,1,6,10,0.0,20,whole,CA,credit_card,0
0.0,77000.0,10.0,10.98,0.10084423734933544,0,18,10,0.0,20,whole,PA,home_improvement,0
0.0,130000.0,10.0,7.72,0.6724678268987131,1,13,10,0.0,20,whole,NC,moving,0
0.0,103000.0,2.0,20.48,0.6684130189899151,0,13,10,0.0,20,whole,IL,debt_consolidation,0
0.0,72000.0,10.0,17.18,0.21598615916955016,0,31,10,0.0,20,whole,OH,credit_card,0
0.0,68000.0,9.0,26.1,0.8048433141919606,1,17,10,0.0,20,whole,MI,debt_consolidation,0
0.0,112000.0,10.0,24.81,0.26331190030876833,0,21,10,0.0,20,fractional,VA,credit_card,0
0.0,86845.0,6.0,17.37,0.5335640646210666,0,10,10,0.0,20,whole,FL,other,0
0.0,85000.0,8.0,7.65,0.1217942018003423,0,8,10,0.0,20,whole,AZ,debt_consolidation,0
0.0,109500.0,1.0,20.1,0.34245568823826,1,16,10,0.0,20,whole,WA,house,0
0.0,40000.0,1.0,20.25,0.844728650189401,0,19,10,0.0,20,whole,FL,other,0
0.0,230000.0,10.0,4.93,0.10667491332866746,0,29,10,0.0,20,whole,NY,home_improvement,0
0.0,69000.0,5.0,18.09,0.3805779994337609,0,12,10,0.0,20,whole,OH,other,0
0.0,78368.0,10.0,13.03,0.09857183639160706,2,22,10,0.0,20,whole,MN,other,0
0.0,35000.0,10.0,4.84,0.25478048780487805,0,23,10,0.0,20,whole,NC,car,0
0.0,42000.0,2.0,26.69,0.6021810971579643,0,7,10,0.0,20,whole,NY,debt_consolidation,0
0.0,74000.0,10.0,22.65,0.1407091915946433,0,15,10,0.0,20,whole,OH,debt_consolidation,0
0.0,30000.0,4.0,34.72,0.3343459023971472,0,6,10,0.0,20,whole,NJ,other,0
0.0,127000.0,10.0,8.75,0.021583973911017938,2,18,10,0.0,20,whole,CA,credit_card,0
0.0,68000.0,10.0,18.99,0.7880136208853575,0,47,10,0.0,20,whole,CA,small_business,0
0.0,63000.0,10.0,5.31,0.3527423783707667,0,16,10,0.0,20,fractional,TX,credit_card,0
0.0,60000.0,4.0,7.46,0.6656,0,6,10,0.0,20,whole,CO,small_business,0
0.0,65000.0,10.0,26.4,0.12162155077045682,0,21,10,0.0,20,whole,GA,other,0
0.0,122500.0,4.0,21.13,0.24941339579666005,0,15,10,0.0,20,whole,CO,credit_card,0
0.0,70000.0,10.0,5.25,0.3065241379310345,0,9,10,0.0,20,whole,CT,debt_consolidation,0
0.0,80000.0,0.0,15.81,0.4521220385205386,0,12,10,0.0,20,whole,MI,medical,0
0.0,62000.0,3.0,6.02,0.42106529209621996,1,10,10,0.0,20,whole,CT,credit_card,0
0.0,84000.0,10.0,15.13,0.10734857741316112,0,18,10,0.0,20,whole,FL,debt_consolidation,0
0.0,167000.0,1.0,18.05,0.10407796610169491,0,12,10,0.0,20,whole,OH,credit_card,0
0.0,342000.0,10.0,2.98,0.06271794871794872,0,18,10,0.0,20,whole,CA,credit_card,0
0.0,70000.0,4.0,15.74,0.11280206603947611,0,16,10,0.0,20,whole,ID,credit_card,0
0.0,30000.0,0.0,28.68,0.8960078748769551,0,4,10,0.0,20,fractional,IN,credit_card,0
0.0,54000.0,10.0,25.0,0.11153609154929578,0,14,10,0.0,20,whole,IN,debt_consolidation,0
0.0,60000.0,6.0,24.58,0.463402513884829,2,17,10,0.0,20,fractional,NV,debt_consolidation,0
0.0,21600.0,10.0,34.28,0.43926805647586525,0,6,10,0.0,20,whole,AL,debt_consolidation,1
0.0,37000.0,6.0,4.44,0.007715637510615068,0,19,10,0.0,20,whole,DE,medical,0
0.0,120000.0,6.0,4.32,0.06912653603454003,0,40,10,0.0,20,whole,FL,major_purchase,0
0.0,125000.0,3.0,7.83,0.5098062849763237,0,18,10,0.0,20,whole,RI,other,0
0.0,220000.0,10.0,11.4,0.1859742653857205,0,24,10,0.0,20,whole,TN,debt_consolidation,0
0.0,98000.0,10.0,31.94,0.12323656492390983,0,27,10,0.0,20,whole,AR,debt_consolidation,0
0.0,80000.0,10.0,25.02,0.8362387618343547,0,21,10,0.0,20,whole,SC,debt_consolidation,0
0.0,56000.0,6.0,24.86,1.1677635328489924,1,18,10,0.0,20,whole,FL,debt_consolidation,0
0.0,72000.0,10.0,4.53,0.024612225727979962,1,18,10,0.0,20,whole,NM,debt_consolidation,0
0.0,50000.0,3.0,1.94,0.2694495412844037,0,20,10,0.0,20,whole,NJ,major_purchase,0
0.0,58000.0,10.0,29.26,0.12478509769383433,4,22,10,0.0,20,fractional,MI,other,0
0.0,123973.0,10.0,6.16,0.067676418337516,0,11,10,0.0,20,whole,NV,debt_consolidation,0
0.0,100000.0,7.0,9.52,0.0743493111737693,1,13,10,0.0,20,whole,TN,debt_consolidation,0
0.0,112000.0,10.0,34.31,0.7007396802672393,0,19,10,0.0,20,fractional,NY,small_business,0
0.0,60000.0,0.0,13.38,0.07059838372832107,1,14,10,0.0,20,whole,TX,debt_consolidation,0
0.0,72000.0,10.0,13.85,0.13524762381190594,0,10,10,0.0,20,whole,NY,debt_consolidation,0
0.0,106000.0,6.0,23.54,0.40769878290368927,0,51,10,0.0,20,whole,CO,debt_consolidation,0
0.0,73000.0,1.0,11.7,0.8668041237113402,0,10,10,0.0,20,fractional,SC,credit_card,0
0.0,93000.0,7.0,24.75,0.09276221016898198,0,24,10,0.0,20,whole,MN,medical,0
0.0,42000.0,3.0,26.09,0.8474089899878514,0,8,10,0.0,20,fractional,NE,debt_consolidation,0
0.0,65000.0,3.0,8.02,0.2857903612319162,0,7,10,0.0,20,whole,MI,debt_consolidation,0
0.0,58000.0,10.0,25.74,0.262946134899873,0,16,10,0.0,20,whole,IL,debt_consolidation,0
0.0,72000.0,5.0,22.17,0.5059162465274205,0,16,10,0.0,20,whole,SD,debt_consolidation,0
0.0,60000.0,1.0,9.8,0.7536633465638184,0,5,10,0.0,20,whole,CA,car,0
0.0,184000.0,10.0,22.96,0.9316686819830713,0,24,10,0.0,20,whole,MN,debt_consolidation,0
0.0,65000.0,7.0,31.06,0.1490976302462921,0,12,10,0.0,20,fractional,GA,debt_consolidation,0
0.0,96000.0,10.0,20.94,0.19274593116426775,0,18,10,0.0,20,whole,NJ,credit_card,0
0.0,205000.0,10.0,13.59,0.16169558100006942,0,19,10,0.0,20,whole,GA,debt_consolidation,0
0.0,92879.0,7.0,10.92,0.17754720543304553,0,16,10,0.0,20,whole,CO,debt_consolidation,0
0.0,75000.0,4.0,20.9,0.4778588421887391,0,6,10,0.0,20,whole,FL,credit_card,0
0.0,52000.0,2.0,12.81,0.1334495714292252,0,12,10,0.0,20,whole,AZ,other,0
0.0,67000.0,7.0,37.5,0.40078408275202004,0,17,10,0.0,20,fractional,TN,debt_consolidation,0
0.0,100000.0,10.0,21.8,0.1574719519880738,0,41,10,0.0,20,whole,NY,debt_consolidation,0
0.0,50000.0,2.0,12.87,0.29426772975241294,0,11,10,0.0,20,fractional,CA,other,0
0.0,120000.0,7.0,22.52,0.35763066969330953,0,12,10,0.0,20,fractional,MI,other,0
0.0,157000.0,4.0,12.64,0.5660289903927187,0,12,10,0.0,20,whole,TX,debt_consolidation,0
0.0,54000.0,10.0,17.27,0.07282358159251369,0,18,10,0.0,20,fractional,GA,debt_consolidation,0
0.0,70000.0,4.0,31.92,0.23257706632135952,0,9,10,0.0,20,fractional,TX,debt_consolidation,0
0.0,10000.0,0.0,0.0,0.0,0,14,10,0.0,20,whole,TX,other,0
0.0,100000.0,10.0,12.6,0.1458419761185774,0,15,10,0.0,20,whole,TX,debt_consolidation,0
0.0,54000.0,5.0,23.16,0.12524062808121322,0,36,10,0.0,20,whole,NJ,debt_consolidation,0
0.0,61880.0,10.0,17.24,0.21266729897776374,3,14,10,0.0,20,whole,TX,debt_consolidation,0
0.0,89017.48,3.0,13.88,0.2916885159937074,0,21,10,0.0,20,whole,FL,debt_consolidation,0
0.0,112000.0,5.0,26.23,0.7785366422676504,0,12,10,0.0,20,whole,PA,debt_consolidation,0
0.0,70000.0,2.0,13.27,0.15343234323432342,0,14,10,0.0,20,whole,NV,debt_consolidation,0
0.0,65488.0,2.0,18.46,0.8746946952441066,0,11,10,0.0,20,whole,OH,debt_consolidation,0
0.0,47500.0,2.0,32.88,0.6171119954519614,0,20,10,0.0,20,whole,MA,debt_consolidation,0
0.0,105000.0,3.0,28.8,0.1767769621286249,0,27,10,0.0,20,whole,AZ,credit_card,0
0.0,120000.0,10.0,15.09,0.639830788551788,0,24,10,0.0,20,whole,CA,debt_consolidation,0
0.0,42000.0,6.0,33.99,0.290342609581348,0,19,10,0.0,20,fractional,VA,debt_consolidation,0
0.0,39000.0,10.0,10.98,0.19725397707641695,0,17,10,0.0,20,whole,TX,debt_consolidation,0
0.0,82000.0,10.0,12.03,0.4334019274959701,1,38,10,0.0,20,whole,TX,debt_consolidation,0
0.0,55000.0,5.0,19.16,0.7236722474775474,0,14,10,0.0,20,whole,OH,debt_consolidation,0
0.0,100000.0,2.0,20.29,0.09715409489652098,0,13,10,0.0,20,fractional,PA,debt_consolidation,0
0.0,86000.0,10.0,27.41,0.10085928490788187,0,16,10,0.0,20,whole,TX,debt_consolidation,0
0.0,85000.0,10.0,8.54,0.5028965022992853,0,12,10,0.0,20,whole,OH,house,0
0.0,185000.0,0.0,7.68,0.691018097035639,0,24,10,0.0,20,fractional,MN,major_purchase,0
0.0,75000.0,10.0,13.5,0.5451547284137632,0,11,10,0.0,20,whole,WV,debt_consolidation,0
0.0,115000.0,2.0,10.49,0.05494896409616194,0,13,10,0.0,20,whole,VA,credit_card,0
0.0,47000.0,6.0,16.11,0.6893558886165468,0,18,10,0.0,20,whole,AL,home_improvement,0
0.0,82000.0,4.0,17.52,0.09803962442265257,0,18,10,0.0,20,whole,FL,debt_consolidation,0
0.0,75000.0,6.0,12.78,0.6664803019109043,0,4,10,0.0,20,whole,AZ,debt_consolidation,0
0.0,38000.0,3.0,16.27,0.07904831945300232,0,6,10,0.0,20,whole,FL,debt_consolidation,0
0.0,170000.0,5.0,8.08,0.08959231641508145,0,16,10,0.0,20,whole,CO,credit_card,0
0.0,100000.0,0.0,27.29,0.7470105423763086,0,16,10,0.0,20,whole,VA,debt_consolidation,0
0.0,33000.0,10.0,19.24,0.9470183486238533,0,28,10,0.0,20,whole,IL,other,0
0.0,142000.0,2.0,13.35,0.23099506443744316,1,20,10,0.0,20,whole,NC,other,0
0.0,60000.0,6.0,15.26,0.320403233299266,1,17,10,0.0,20,whole,FL,house,0
0.0,150000.0,10.0,21.91,0.22817442344970018,0,14,10,0.0,20,whole,CO,debt_consolidation,0
0.0,85000.0,5.0,20.4,0.13296269427160357,0,11,10,0.0,20,whole,OH,other,0
0.0,60000.0,1.0,19.31,0.26515175097276267,0,19,10,0.0,20,whole,TN,home_improvement,0
0.0,174000.0,3.0,17.63,0.15671086262812403,0,16,10,0.0,20,whole,VA,credit_card,0
0.0,60000.0,10.0,28.98,0.8101245931080929,0,16,10,0.0,20,whole,IL,credit_card,0
0.0,136000.0,2.0,15.12,0.35072032590085844,0,16,10,0.0,20,whole,AL,debt_consolidation,0
0.0,53000.0,0.0,25.16,0.20607792648764892,0,25,10,0.0,20,whole,OH,debt_consolidation,0
0.0,28000.0,6.0,9.39,0.421,0,18,10,0.0,20,whole,CT,credit_card,0
0.0,93000.0,10.0,5.17,0.038960066125949266,0,6,10,0.0,20,fractional,CA,debt_consolidation,0
0.0,92800.0,1.0,16.87,0.6943066558080995,0,4,10,0.0,20,whole,RI,vacation,0
0.0,75000.0,10.0,23.92,0.5987244229705737,0,15,10,0.0,20,fractional,NY,debt_consolidation,0
0.0,79040.0,5.0,31.64,0.6985650593833127,0,13,10,0.0,20,whole,CA,credit_card,0
0.0,32000.0,9.0,19.62,0.555457153990577,0,15,10,0.0,20,whole,AL,house,0
0.0,46000.0,10.0,24.65,0.510015243902439,0,20,10,0.0,20,fractional,TX,debt_consolidation,0
0.0,106000.0,10.0,23.05,0.2446458361513143,0,22,10,0.0,20,whole,TX,credit_card,0
0.0,24000.0,10.0,15.24,0.7143010752688173,0,14,10,0.0,20,whole,CA,debt_consolidation,0
0.0,100000.0,0.0,16.93,0.34938742594832667,0,16,10,0.0,20,whole,IL,home_improvement,0
0.0,57000.0,10.0,23.79,0.733031618408721,0,4,10,0.0,20,whole,MD,debt_consolidation,0
0.0,74000.0,3.0,17.43,0.7454694944838695,0,16,10,0.0,20,whole,NY,debt_consolidation,0
0.0,105000.0,10.0,13.47,0.11049830828737311,0,17,10,0.0,20,whole,AZ,debt_consolidation,0
0.0,19000.0,3.0,3.47,0.07116666666666667,0,31,10,0.0,20,fractional,NV,car,0
0.0,100000.0,0.0,18.79,0.12977697869247543,0,11,10,0.0,20,whole,FL,debt_consolidation,0
0.0,60000.0,5.0,7.44,0.04735968545047295,1,14,10,0.0,20,whole,KY,other,0
0.0,230000.0,10.0,7.94,0.09944366982710541,0,25,10,0.0,20,whole,MA,debt_consolidation,0
0.0,37000.0,6.0,21.23,0.14525,1,34,10,0.0,20,whole,FL,debt_consolidation,0
0.0,46996.0,5.0,15.04,0.19360104181532753,0,6,10,0.0,20,whole,TX,debt_consolidation,0
0.0,301000.0,6.0,11.63,0.30266168678630884,0,14,10,0.0,20,whole,RI,home_improvement,0
0.0,56000.0,2.0,23.98,0.8217547676844763,0,18,10,0.0,20,whole,CA,medical,0
0.0,36000.0,10.0,24.03,0.5887204407788919,0,10,10,0.0,20,whole,LA,credit_card,0
0.0,50000.0,6.0,29.53,0.24517899545630079,0,12,10,0.0,20,whole,FL,major_purchase,0
0.0,70000.0,10.0,16.32,0.08671564224303863,0,20,10,0.0,20,whole,CO,home_improvement,0
0.0,100000.0,10.0,0.92,0.05136363636363636,0,23,10,0.0,20,whole,FL,moving,0
0.0,225000.0,3.0,9.73,0.1557540757944068,0,15,10,0.0,20,whole,MN,debt_consolidation,0
0.0,180000.0,10.0,5.6,0.489852455315918,1,30,10,0.0,20,fractional,WA,debt_consolidation,0
0.0,115193.88,6.0,17.88,0.3725761421319797,0,44,10,0.0,20,whole,LA,credit_card,0
0.0,86000.0,2.0,22.18,0.3876515647676362,0,32,10,0.0,20,whole,CA,debt_consolidation,0
0.0,57200.0,2.0,3.15,0.14866666666666667,0,8,10,0.0,20,whole,NY,debt_consolidation,0
0.0,121000.0,10.0,12.64,0.14874633474956617,0,19,10,0.0,20,whole,NJ,debt_consolidation,0
0.0,65000.0,1.0,17.4,0.15401783266250643,1,18,10,0.0,20,whole,TX,debt_consolidation,0
0.0,65500.0,6.0,2.68,0.1834375,0,22,10,0.0,20,whole,IN,debt_consolidation,1
0.0,106000.0,6.0,22.98,0.4352456511651595,0,14,10,0.0,20,whole,WA,debt_consolidation,0
0.0,80000.0,8.0,1.86,0.03338645418326693,0,11,10,0.0,20,whole,MI,medical,1
0.0,35000.0,6.0,11.63,0.40872503229653184,1,11,10,0.0,20,fractional,WI,credit_card,0
0.0,50000.0,3.0,22.52,0.1455277634089228,0,9,10,0.0,20,fractional,FL,home_improvement,0
0.0,80000.0,10.0,25.59,0.7635604084700057,0,26,10,0.0,20,whole,NV,debt_consolidation,0
0.0,82000.0,10.0,31.93,0.9464341583098684,0,16,10,0.0,20,fractional,NV,credit_card,0
0.0,72000.0,10.0,21.28,0.6491084211896395,0,10,10,0.0,20,whole,NV,credit_card,0
0.0,145000.0,6.0,11.44,0.5949858113561219,0,12,10,0.0,20,whole,KS,debt_consolidation,0
0.0,206000.0,2.0,7.47,0.15926309997460425,0,21,10,0.0,20,whole,MD,debt_consolidation,0
0.0,127000.0,10.0,25.12,0.27502946672416273,0,20,10,0.0,20,whole,WA,debt_consolidation,0
0.0,95000.0,1.0,33.07,0.45094872830036337,0,24,10,0.0,20,whole,OH,debt_consolidation,0
0.0,45000.0,4.0,18.69,1.2029113465543784,0,15,10,0.0,20,fractional,GA,debt_consolidation,0
0.0,85000.0,2.0,17.8,0.4611048602378273,0,11,10,0.0,20,whole,MI,debt_consolidation,0
0.0,105000.0,3.0,9.18,0.5888582513847881,0,22,10,0.0,20,whole,CA,debt_consolidation,0
0.0,55000.0,2.0,15.56,0.13073805519561082,0,12,10,0.0,20,whole,CA,debt_consolidation,0
0.0,33000.0,2.0,19.2,0.213230457186712,0,8,10,0.0,20,whole,NC,home_improvement,0
0.0,41000.0,8.0,23.19,0.11086194642550792,0,32,10,0.0,20,whole,TN,credit_card,0
0.0,80000.0,10.0,4.1,0.5521276595744681,0,11,10,0.0,20,whole,OR,debt_consolidation,0
0.0,120000.0,10.0,13.53,0.5040707052389451,0,16,10,0.0,20,whole,CA,credit_card,0
0.0,27500.0,3.0,24.79,0.7014762826718296,0,13,10,0.0,20,whole,TX,debt_consolidation,0
0.0,40000.0,0.0,23.37,0.8587883030477725,0,11,10,0.0,20,whole,CA,other,0
0.0,78000.0,4.0,8.45,0.2136462735831821,0,10,10,0.0,20,whole,GA,debt_consolidation,0
0.0,73000.0,10.0,20.32,0.1445413536010534,0,16,10,0.0,20,whole,MI,debt_consolidation,0
0.0,35000.0,9.0,6.34,0.4228140703517588,0,11,10,0.0,20,fractional,FL,credit_card,0
0.0,35000.0,2.0,21.26,0.3993445243804956,0,7,10,0.0,20,whole,WA,debt_consolidation,0
0.0,81000.0,9.0,20.59,0.24180976879639715,1,13,10,0.0,20,whole,VT,debt_consolidation,0
0.0,31000.0,10.0,23.96,0.6223616089207487,0,29,10,0.0,20,whole,MN,debt_consolidation,0
0.0,46000.0,10.0,10.94,0.17837894736842105,0,18,10,0.0,20,whole,FL,home_improvement,0
0.0,48000.0,0.0,18.03,0.3288505747126437,1,13,10,0.0,20,whole,MA,credit_card,0
0.0,40000.0,0.0,31.02,0.29282215029306274,0,9,10,0.0,20,whole,MA,major_purchase,0
0.0,65000.0,10.0,13.91,0.09758594338116203,0,13,10,0.0,20,whole,OR,debt_consolidation,0
0.0,35000.0,0.0,30.47,0.7296943913196207,0,16,10,0.0,20,whole,FL,debt_consolidation,0
0.0,50000.0,0.0,13.71,0.16202156839879736,0,16,10,0.0,20,whole,CT,credit_card,0
0.0,64000.0,10.0,11.23,0.05776110649528371,0,29,10,0.0,20,whole,MT,house,0
0.0,40000.0,10.0,15.78,0.5752852852852853,0,19,10,0.0,20,whole,IN,debt_consolidation,0
0.0,354500.0,9.0,17.07,0.15185950914588278,0,31,10,0.0,20,whole,NC,debt_consolidation,0
0.0,144000.0,5.0,6.77,1.2124308048980554,0,13,10,0.0,20,whole,MO,debt_consolidation,0
0.0,110000.0,1.0,25.55,0.25120322534143696,0,15,10,0.0,20,whole,CA,debt_consolidation,0
0.0,60000.0,1.0,14.82,0.12114823450567555,0,18,10,0.0,20,whole,SC,debt_consolidation,0
0.0,66200.0,1.0,12.73,0.43770642006349747,0,19,10,0.0,20,whole,MD,other,0
0.0,250000.0,6.0,14.97,0.24332697222315222,1,19,10,0.0,20,whole,NY,other,0
0.0,54000.0,5.0,35.4,1.023774064515123,0,11,10,0.0,20,whole,SC,credit_card,0
0.0,120000.0,10.0,9.45,0.8587358810542146,0,11,10,0.0,20,whole,PA,debt_consolidation,0
0.0,183600.0,6.0,16.03,0.1302004797806717,2,18,10,0.0,20,whole,MO,debt_consolidation,0
0.0,124500.0,1.0,20.95,0.864726690811084,0,21,10,0.0,20,whole,TX,moving,0
0.0,240000.0,3.0,12.76,0.15366507584880787,2,16,10,0.0,20,fractional,TX,major_purchase,0
0.0,88000.0,1.0,39.77,0.4965841610173945,0,11,10,0.0,20,whole,WA,debt_consolidation,0
0.0,350000.0,4.0,6.7,0.14048317920804776,1,18,10,0.0,20,whole,CT,debt_consolidation,0
0.0,133000.0,4.0,29.8,0.849514506385614,0,11,10,0.0,20,whole,NY,debt_consolidation,0
0.0,100000.0,6.0,15.88,0.05109268376954306,0,27,10,0.0,20,whole,NY,house,0
0.0,70000.0,0.0,22.78,0.3469034894687205,0,14,10,0.0,20,whole,VA,debt_consolidation,0
0.0,52000.0,2.0,3.65,0.010329003907833504,0,12,10,0.0,20,fractional,GA,other,0
0.0,160000.0,8.0,13.61,0.6760963649534707,0,15,10,0.0,20,whole,SC,credit_card,0
0.0,104000.0,10.0,31.13,0.8130975214846182,0,16,10,0.0,20,whole,OR,debt_consolidation,0
0.0,90000.0,6.0,8.05,0.38448954694171794,1,12,10,0.0,20,whole,NY,debt_consolidation,0
0.0,73280.0,0.0,25.63,0.7768013574847904,0,10,10,0.0,20,whole,IN,debt_consolidation,0
0.0,108000.0,10.0,33.31,0.1629887601118946,0,23,10,0.0,20,whole,CO,credit_card,0
0.0,45000.0,1.0,10.77,0.051469631740328925,1,13,10,0.0,20,whole,CA,debt_consolidation,0
0.0,240000.0,10.0,26.71,0.33301809506348473,1,20,10,0.0,20,whole,FL,other,0
0.0,130000.0,10.0,14.53,0.22453566948569578,0,14,10,0.0,20,whole,GA,credit_card,0
0.0,65000.0,10.0,30.06,0.6057163606183213,0,11,10,0.0,20,whole,CA,debt_consolidation,0
0.0,40000.0,6.0,20.5,0.5305130146159669,0,35,10,0.0,20,whole,TX,home_improvement,0
0.0,120000.0,10.0,19.08,0.2699533507471667,0,21,10,0.0,20,whole,NH,other,0
0.0,62000.0,5.0,18.14,0.6803740163961413,0,18,10,0.0,20,whole,CA,credit_card,0
0.0,70000.0,2.0,27.31,0.629568241719425,0,14,10,0.0,20,whole,MA,debt_consolidation,0
0.0,73000.0,1.0,8.15,0.7046996466431096,0,10,10,0.0,20,whole,CA,home_improvement,0
0.0,55000.0,10.0,26.62,0.546256123163051,0,14,10,0.0,20,fractional,IL,other,0
0.0,120000.0,3.0,14.1,0.6641607814076409,0,17,10,0.0,20,whole,TN,credit_card,0
0.0,45000.0,5.0,34.75,0.6875073263781584,0,7,10,0.0,20,whole,TX,credit_card,0
0.0,26694.0,2.0,8.18,0.20497005988023953,0,18,10,0.0,20,whole,FL,debt_consolidation,0
0.0,70000.0,7.0,10.87,0.9925597352768022,0,13,10,0.0,20,whole,FL,credit_card,0
0.0,80000.0,10.0,26.84,0.27889187641596336,2,13,10,0.0,20,whole,IN,debt_consolidation,0
0.0,55000.0,5.0,13.55,0.5313594687623747,0,16,10,0.0,20,whole,CA,credit_card,0
0.0,50000.0,10.0,13.66,0.15152423469387755,0,17,10,0.0,20,fractional,TX,credit_card,0
0.0,74000.0,9.0,29.39,0.4461023602234412,0,15,10,0.0,20,whole,SC,debt_consolidation,0
0.0,118000.0,7.0,9.34,0.07355682891382322,0,28,10,0.0,20,fractional,OR,debt_consolidation,0
0.0,28800.0,6.0,18.25,0.6731800766283524,0,15,10,0.0,20,whole,CA,credit_card,0
0.0,60000.0,0.0,21.08,0.2677874991777011,0,27,10,0.0,20,whole,UT,debt_consolidation,0
0.0,75000.0,9.0,15.74,0.3261056772754879,0,22,10,0.0,20,whole,UT,debt_consolidation,0
0.0,48000.0,8.0,15.23,1.402050341058678,0,20,10,0.0,20,whole,NV,debt_consolidation,0
0.0,75000.0,4.0,9.44,0.637321681017864,0,4,10,0.0,20,whole,NY,other,0
0.0,107000.0,2.0,20.11,0.781740804539467,0,19,10,0.0,20,whole,TX,debt_consolidation,0
0.0,104000.0,10.0,9.5,0.5595899292897164,0,13,10,0.0,20,whole,TN,credit_card,0
0.0,125000.0,7.0,6.42,0.11408537946830502,0,8,10,0.0,20,whole,TX,debt_consolidation,0
0.0,18312.0,6.0,18.81,0.6484745762711864,0,16,10,0.0,20,whole,FL,debt_consolidation,0
0.0,62000.0,6.0,21.03,0.4377910438646045,0,9,10,0.0,20,whole,NY,debt_consolidation,0
0.0,80000.0,10.0,22.72,0.38024479061298805,0,11,10,0.0,20,whole,NY,debt_consolidation,0
0.0,72000.0,10.0,16.17,0.09802880351057373,0,4,10,0.0,20,whole,FL,debt_consolidation,0
0.0,50000.0,0.0,29.4,0.5001735248046674,0,6,10,0.0,20,whole,MD,debt_consolidation,0
0.0,110000.0,10.0,6.71,0.02675792532427749,0,15,10,0.0,20,whole,TN,debt_consolidation,0
0.0,39000.0,0.0,27.42,0.875748092022182,0,10,10,0.0,20,whole,MO,debt_consolidation,0
0.0,30564.0,1.0,11.44,0.5070344827586207,0,4,10,0.0,20,whole,NY,debt_consolidation,0
0.0,75000.0,10.0,26.85,0.3692506577156854,0,10,10,0.0,20,whole,TX,credit_card,0
0.0,115000.0,1.0,19.12,0.2756565185436454,1,17,10,0.0,20,whole,AZ,debt_consolidation,0
0.0,36000.0,2.0,7.27,0.9731509846827133,0,34,10,0.0,20,fractional,CT,other,0
0.0,45000.0,4.0,35.66,0.56867776650554,0,10,10,0.0,20,whole,SC,debt_consolidation,0
0.0,50000.0,7.0,28.59,0.6825856458630397,0,17,10,0.0,20,whole,IN,debt_consolidation,0
0.0,60000.0,6.0,10.68,0.011112357030724378,3,13,10,0.0,20,whole,MD,debt_consolidation,0
0.0,40000.0,3.0,3.21,0.07283582089552239,0,6,10,0.0,20,whole,FL,debt_consolidation,0
0.0,79100.0,4.0,15.76,0.41960979325814163,0,30,10,0.0,20,whole,GA,debt_consolidation,0
0.0,60000.0,7.0,30.75,0.5657674862735736,0,24,10,0.0,20,whole,AZ,debt_consolidation,0
0.0,225000.0,10.0,15.35,0.40329611787673747,0,16,10,0.0,20,whole,NY,debt_consolidation,0
0.0,88800.0,10.0,21.24,0.1591294207091175,1,15,10,0.0,20,whole,TX,home_improvement,0
0.0,100000.0,5.0,11.44,0.5791447732300885,2,11,10,0.0,20,fractional,CA,debt_consolidation,1
0.0,100000.0,3.0,13.22,0.6956243355561998,1,19,10,0.0,20,whole,CA,credit_card,0
0.0,28000.0,1.0,21.22,0.640584437196299,0,9,10,0.0,20,whole,MI,debt_consolidation,0
0.0,60000.0,0.0,12.86,0.10958674042428124,0,12,10,0.0,20,whole,MI,debt_consolidation,0
0.0,132000.0,5.0,10.6,0.10211819069918901,0,21,10,0.0,20,whole,NY,debt_consolidation,0
0.0,91000.0,10.0,16.3,0.11234835798553713,0,13,10,0.0,20,whole,VA,other,0
0.0,137000.0,9.0,20.88,0.1010334493810473,0,12,10,0.0,20,whole,IN,debt_consolidation,0
0.0,175000.0,0.0,19.56,0.30407009440077615,1,17,10,0.0,20,fractional,NY,debt_consolidation,0
0.0,49000.0,10.0,28.31,0.37277492821211117,0,14,10,0.0,20,fractional,PA,credit_card,0
0.0,30000.0,0.0,7.96,0.6226507920889501,0,4,10,0.0,20,whole,MA,debt_consolidation,0
0.0,91000.0,10.0,11.59,0.6484825650886037,0,25,10,0.0,20,whole,FL,home_improvement,0
0.0,26500.0,8.0,17.66,0.8773715124816447,0,7,10,0.0,20,fractional,NY,other,0
0.0,185000.0,0.0,4.56,0.08000833637263585,1,10,10,0.0,20,fractional,TX,credit_card,0
0.0,37000.0,6.0,26.86,1.2273477338428516,0,14,10,0.0,20,whole,FL,medical,0
0.0,123400.0,0.0,25.64,0.3761186073629852,0,10,10,0.0,20,whole,TX,credit_card,0
0.0,40000.0,3.0,16.35,0.6123287671232877,0,18,10,0.0,20,whole,IL,debt_consolidation,0
0.0,45000.0,10.0,24.91,0.48585377761503723,0,17,10,0.0,20,whole,CA,debt_consolidation,0
0.0,130000.0,2.0,4.46,0.43551209591600254,0,17,10,0.0,20,whole,TX,debt_consolidation,0
0.0,425000.0,10.0,11.41,0.19809683935222483,1,21,10,0.0,20,whole,MN,debt_consolidation,0
0.0,94000.0,10.0,17.27,0.7025606485212225,0,33,10,0.0,20,fractional,AL,debt_consolidation,0
0.0,18000.0,6.0,34.73,0.4563758389261745,0,19,10,0.0,20,whole,NY,debt_consolidation,0
0.0,175600.0,6.0,9.13,0.4283,0,11,10,0.0,20,whole,WA,credit_card,0
0.0,30000.0,0.0,24.6,0.7344575471698114,0,24,10,0.0,20,whole,WA,debt_consolidation,0
0.0,28000.0,5.0,7.16,0.2259872611464968,0,22,10,0.0,20,whole,MD,debt_consolidation,0
0.0,60000.0,6.0,19.76,0.09184003217165877,0,12,10,0.0,20,whole,UT,debt_consolidation,0
0.0,50000.0,6.0,10.78,0.36391876674562185,0,17,10,0.0,20,whole,FL,debt_consolidation,0
0.0,74000.0,4.0,22.25,0.43127491494239445,0,16,10,0.0,20,whole,TX,debt_consolidation,0
0.0,165000.0,10.0,21.28,0.6835869565217392,0,25,10,0.0,20,whole,CA,debt_consolidation,0
0.0,42000.0,10.0,22.11,0.22100279750376586,0,23,10,0.0,20,whole,PA,major_purchase,0
0.0,130000.0,0.0,5.5,0.08792584995569695,1,12,10,0.0,20,whole,TN,other,0
0.0,70000.0,5.0,0.84,0.26541176470588235,0,12,10,0.0,20,whole,MT,other,0
0.0,100000.0,0.0,4.54,0.04324509268727751,0,12,10,0.0,20,fractional,CA,small_business,0
0.0,50000.0,2.0,13.73,0.5847027972027972,0,13,10,0.0,20,whole,CA,credit_card,0
0.0,80000.0,10.0,12.23,0.07600277471742767,1,30,10,0.0,20,whole,NY,credit_card,0
0.0,38000.0,3.0,10.14,0.5430788804071247,0,13,10,0.0,20,whole,OH,home_improvement,0
0.0,92000.0,3.0,27.1,0.3376454029887817,0,10,10,0.0,20,whole,PA,other,0
0.0,48000.0,2.0,24.53,0.7454722616450253,0,11,10,0.0,20,fractional,VA,debt_consolidation,0
0.0,99097.0,10.0,10.95,0.5968722271517303,0,29,10,0.0,20,whole,NJ,debt_consolidation,0
0.0,33000.0,6.0,9.13,0.43454545454545457,1,13,10,0.0,20,fractional,SC,debt_consolidation,0
0.0,75000.0,6.0,5.82,0.023725170425078573,0,12,10,0.0,20,whole,FL,credit_card,0
0.0,75000.0,3.0,7.85,0.25715151515151513,0,14,10,0.0,20,whole,FL,debt_consolidation,0
0.0,65000.0,1.0,20.13,0.14214795133547756,1,18,10,0.0,20,whole,TX,debt_consolidation,0
0.0,30000.0,2.0,21.91,0.3335830618892508,0,17,10,0.0,20,whole,WI,other,0
0.0,16000.0,6.0,14.85,0.06363819095477387,0,18,10,0.0,20,whole,NJ,other,0
0.0,54000.0,2.0,9.18,0.9053656404778091,0,7,10,0.0,20,whole,NY,credit_card,0
0.0,160000.0,6.0,24.31,0.42416257200657503,0,16,10,0.0,20,whole,TX,debt_consolidation,0
0.0,65000.0,6.0,13.09,0.21822888283378747,0,23,10,0.0,20,whole,CA,medical,0
0.0,33768.0,6.0,23.52,0.9438181266484607,0,39,10,0.0,20,whole,FL,credit_card,0
0.0,75000.0,10.0,28.72,0.14040103690149436,0,15,10,0.0,20,fractional,IL,debt_consolidation,0
0.0,44240.0,10.0,22.19,0.622074434070853,0,12,10,0.0,20,whole,WI,debt_consolidation,0
0.0,72000.0,3.0,33.62,0.9165857911272679,0,11,10,0.0,20,fractional,FL,credit_card,0
0.0,18720.0,2.0,32.36,0.0641654571843251,0,23,10,0.0,20,fractional,GA,debt_consolidation,0
0.0,25600.0,10.0,12.14,0.10586502642294031,0,5,10,0.0,20,whole,OH,credit_card,0
0.0,68000.0,10.0,14.08,0.2284479185172026,0,24,10,0.0,20,whole,NV,medical,0
0.0,100000.0,0.0,35.8,0.5122854638504821,0,22,10,0.0,20,whole,TX,credit_card,0
0.0,59000.0,10.0,20.89,0.4907340770061173,0,34,10,0.0,20,whole,GA,home_improvement,0
0.0,34308.0,6.0,22.7,0.5342668193741457,0,17,10,0.0,20,whole,TN,debt_consolidation,0
0.0,110000.0,6.0,7.85,0.12085324232081911,2,21,10,0.0,20,whole,AR,car,0
0.0,65000.0,10.0,21.31,0.6143423791383577,3,15,10,0.0,20,whole,TN,debt_consolidation,0
0.0,88400.0,1.0,27.37,0.7863595670220558,0,5,10,0.0,20,whole,WA,debt_consolidation,0
0.0,50000.0,10.0,38.55,0.3191204363527256,0,22,10,0.0,20,whole,NY,other,0
0.0,20000.0,10.0,7.14,0.9309344490934449,0,14,10,0.0,20,whole,MI,other,0
0.0,50000.0,9.0,26.33,0.41254895907696465,0,13,10,0.0,20,fractional,NY,debt_consolidation,0
0.0,58000.0,8.0,1.18,0.017953020134228188,0,14,10,0.0,20,whole,TX,major_purchase,0
0.0,10500.0,6.0,12.8,0.336,0,11,10,0.0,20,whole,TX,other,0
0.0,72150.0,10.0,34.93,0.4468173758865248,0,22,10,0.0,20,whole,TX,debt_consolidation,0
0.0,82000.0,3.0,7.51,0.1776500127360722,0,5,10,0.0,20,whole,MI,other,0
0.0,165000.0,10.0,22.3,0.2934268363215732,0,13,10,0.0,20,whole,KY,credit_card,0
0.0,47000.0,3.0,28.06,0.22861484893125192,0,6,10,0.0,20,whole,NC,credit_card,0
0.0,250000.0,1.0,9.36,0.4716740689353552,0,18,10,0.0,20,fractional,FL,debt_consolidation,0
0.0,43000.0,3.0,7.59,0.4700187300498589,0,11,10,0.0,20,whole,FL,small_business,0
0.0,66500.0,10.0,14.37,0.6705649467350819,0,20,10,0.0,20,whole,PA,debt_consolidation,0
0.0,60000.0,6.0,14.38,0.08606118699576644,0,4,10,0.0,20,whole,PA,debt_consolidation,0
0.0,50000.0,1.0,8.55,0.22584381587786967,1,5,10,0.0,20,whole,CA,other,0
0.0,55000.0,0.0,32.41,1.050745777815497,0,11,10,0.0,20,whole,CA,credit_card,0
0.0,67000.0,10.0,29.6,0.20933200657610107,0,35,10,0.0,20,whole,MI,credit_card,0
0.0,66500.0,1.0,24.11,0.3431137754119489,1,13,10,0.0,20,whole,TX,credit_card,0
0.0,95000.0,10.0,13.98,0.1842361326404386,0,12,10,0.0,20,whole,NV,major_purchase,0
0.0,67000.0,1.0,23.2,0.5671809194972565,0,18,10,0.0,20,whole,CA,credit_card,0
0.0,63000.0,10.0,32.0,0.3016022879712351,0,16,10,0.0,20,whole,AZ,credit_card,0
0.0,140000.0,6.0,16.06,0.07983793417357968,0,33,10,0.0,20,whole,VA,credit_card,0
0.0,67400.0,6.0,6.5,0.055176223479763364,0,15,10,0.0,20,whole,ME,credit_card,0
0.0,110000.0,2.0,19.89,0.13685862231288248,0,11,10,0.0,20,fractional,TX,other,0
0.0,50000.0,0.0,21.4,0.10486784651648054,0,13,10,0.0,20,whole,OH,debt_consolidation,0
0.0,110000.0,0.0,11.99,0.1433120862956607,0,19,10,0.0,20,fractional,UT,debt_consolidation,0
0.0,86000.0,10.0,5.64,0.08705807776315518,0,33,10,0.0,20,whole,TX,home_improvement,0
0.0,110000.0,2.0,20.25,0.20176949020504942,0,23,10,0.0,20,whole,OH,home_improvement,0
0.0,55000.0,10.0,13.07,0.6015909090909091,0,9,10,0.0,20,fractional,TX,debt_consolidation,0
0.0,127000.0,10.0,21.48,0.36139994644769724,0,20,10,0.0,20,whole,IN,debt_consolidation,0
0.0,99000.0,8.0,13.16,0.18250346773807816,0,14,10,0.0,20,fractional,AZ,debt_consolidation,0
0.0,137000.0,3.0,33.35,0.6472006750418688,0,15,10,0.0,20,whole,IL,credit_card,0
0.0,146000.0,10.0,12.1,0.4794609164420485,0,12,10,0.0,20,whole,VA,major_purchase,0
0.0,485000.0,10.0,18.05,0.254354430966904,0,26,10,0.0,20,whole,FL,debt_consolidation,0
0.0,61000.0,4.0,19.63,0.6091171171171171,0,18,10,0.0,20,whole,NY,credit_card,0
0.0,140000.0,5.0,31.77,0.33329278112816235,0,13,10,0.0,20,whole,TN,debt_consolidation,0
0.0,25000.0,4.0,16.61,0.359010989010989,0,4,10,0.0,20,whole,NY,other,0
0.0,136609.6,10.0,21.62,0.19893647849773965,0,29,10,0.0,20,whole,TX,debt_consolidation,0
0.0,35000.0,6.0,29.15,0.5576172064737998,0,13,10,0.0,20,fractional,CA,debt_consolidation,0
0.0,70000.0,10.0,11.91,0.2389288047028086,0,12,10,0.0,20,fractional,OH,debt_consolidation,0
0.0,50000.0,10.0,30.82,0.39249202584444265,0,20,10,0.0,20,whole,PA,debt_consolidation,0
0.0,141131.0,10.0,26.67,0.15180219042825988,0,38,10,0.0,20,whole,TX,home_improvement,0
0.0,88320.0,6.0,21.36,0.20094029630863242,0,12,10,0.0,20,whole,TX,other,0
0.0,110000.0,3.0,32.1,0.37433579704354775,0,19,10,0.0,20,whole,TX,debt_consolidation,0
0.0,72000.0,10.0,18.45,0.7563943661971831,0,11,10,0.0,20,fractional,CA,credit_card,0
0.0,87500.0,10.0,13.14,0.5029734083812327,2,19,10,0.0,20,fractional,NY,credit_card,0
0.0,102000.0,10.0,16.03,0.8613913126098592,0,12,10,0.0,20,whole,NY,debt_consolidation,0
0.0,70000.0,10.0,7.05,0.22846575342465753,0,24,10,0.0,20,whole,CA,other,0
0.0,125000.0,10.0,4.96,0.7952147239263804,0,32,10,0.0,20,whole,CA,debt_consolidation,0
0.0,34415.16,6.0,36.83,0.7368998628257888,0,18,10,0.0,20,whole,NJ,debt_consolidation,0
0.0,40000.0,10.0,22.34,0.8815468684321144,0,20,10,0.0,20,whole,AL,debt_consolidation,0
0.0,63881.0,6.0,19.05,0.4853939393939394,0,17,10,0.0,20,fractional,AL,debt_consolidation,0
0.0,116000.0,3.0,16.51,0.15482584809862993,0,24,10,0.0,20,whole,MN,major_purchase,0
0.0,86000.0,5.0,12.46,0.7292787794729543,0,15,10,0.0,20,whole,TN,debt_consolidation,0
0.0,75000.0,4.0,24.99,0.26471444674055983,0,11,10,0.0,20,whole,MO,credit_card,0
0.0,52000.0,5.0,16.29,0.1300300238404408,0,17,10,0.0,20,whole,TX,other,0
0.0,40000.0,6.0,16.38,0.14407922876978252,0,9,10,0.0,20,whole,GA,debt_consolidation,0
0.0,85000.0,7.0,14.27,0.204005400540054,0,28,10,0.0,20,whole,NY,debt_consolidation,0
0.0,39000.0,2.0,17.13,0.44615727830451757,1,6,10,0.0,20,whole,CA,home_improvement,0
0.0,82000.0,10.0,9.88,0.3898921318522387,0,13,10,0.0,20,whole,CA,debt_consolidation,0
0.0,75000.0,4.0,8.19,0.19932862599837944,1,19,10,0.0,20,fractional,WV,credit_card,0
0.0,60000.0,1.0,9.66,0.06238492590096506,0,10,10,0.0,20,whole,FL,medical,0
0.0,79000.0,10.0,14.11,0.1609280902234147,1,26,10,0.0,20,whole,DE,debt_consolidation,0
0.0,42000.0,10.0,12.09,0.8811398721347263,0,19,10,0.0,20,fractional,NC,debt_consolidation,0
0.0,94000.0,2.0,12.78,0.4615831057997969,0,4,10,0.0,20,whole,MI,other,0
0.0,40000.0,6.0,24.09,0.5926227802441731,0,33,10,0.0,20,whole,TN,debt_consolidation,0
0.0,70000.0,3.0,1.87,0.02366968810036489,0,12,10,0.0,20,whole,HI,debt_consolidation,0
0.0,63950.0,10.0,22.31,0.9522233840894224,0,20,10,0.0,20,fractional,GA,credit_card,0
0.0,300000.0,2.0,12.43,0.7596193475760167,0,8,10,0.0,20,whole,TX,debt_consolidation,0
0.0,140000.0,7.0,24.87,0.13375855037817533,0,13,10,0.0,20,whole,HI,credit_card,0
0.0,37000.0,5.0,22.61,0.9105229371389068,0,11,10,0.0,20,whole,NY,other,0
0.0,110000.0,10.0,14.63,0.5831771595900439,0,18,10,0.0,20,whole,CA,debt_consolidation,0
0.0,45000.0,4.0,25.63,0.23724172716300687,0,13,10,0.0,20,whole,FL,debt_consolidation,0
0.0,153000.0,10.0,28.68,0.291100668085847,0,23,10,0.0,20,whole,AL,debt_consolidation,0
0.0,154000.0,1.0,5.77,0.8096610169491525,0,14,10,0.0,20,fractional,CA,debt_consolidation,0
0.0,65000.0,10.0,15.56,0.8511181546046839,0,7,10,0.0,20,whole,CA,debt_consolidation,0
0.0,150000.0,2.0,6.36,0.09154145930306891,1,22,10,0.0,20,whole,AZ,major_purchase,0
0.0,59000.0,6.0,13.43,0.5394845360824743,0,16,10,0.0,20,whole,NY,other,0
0.0,132000.0,10.0,8.27,0.26836234657208197,0,24,10,0.0,20,whole,CA,other,0
0.0,62000.0,10.0,29.71,0.6888524925785648,1,4,10,0.0,20,whole,NV,credit_card,0
0.0,62000.0,4.0,33.47,0.7106522309355185,0,12,10,0.0,20,fractional,MD,debt_consolidation,0
0.0,42000.0,6.0,26.17,0.17805814858031893,0,32,10,0.0,20,whole,TN,debt_consolidation,0
0.0,32000.0,9.0,21.22,0.4560199756599102,0,17,10,0.0,20,whole,NC,home_improvement,0
0.0,170000.0,10.0,9.91,0.12020051810129118,0,15,10,0.0,20,whole,FL,credit_card,0
0.0,94000.0,2.0,19.75,1.0690654087253846,0,13,10,0.0,20,fractional,PA,debt_consolidation,0
0.0,171000.0,1.0,20.88,0.23844385285575992,0,14,10,0.0,20,whole,MT,debt_consolidation,0
0.0,40000.0,6.0,5.82,0.72,0,14,10,0.0,20,whole,CA,credit_card,0
0.0,80000.0,10.0,20.85,0.34420099508637475,0,15,10,0.0,20,fractional,AK,debt_consolidation,0
0.0,25560.0,2.0,6.24,0.150427807486631,1,4,10,0.0,20,whole,NJ,debt_consolidation,0
0.0,62400.0,8.0,39.27,0.3352090343040569,0,11,10,0.0,20,whole,NV,debt_consolidation,0
0.0,50000.0,3.0,25.06,0.21563617196809973,0,10,10,0.0,20,whole,KS,other,0
0.0,175500.0,6.0,9.44,0.280483410079537,0,18,10,0.0,20,whole,NE,credit_card,0
0.0,180000.0,1.0,6.97,0.5431377226463104,0,28,10,0.0,20,whole,NJ,credit_card,0
0.0,60000.0,3.0,28.98,0.5412746158519418,0,12,10,0.0,20,whole,MN,debt_consolidation,0
0.0,53701.0,8.0,36.53,0.28932492750790084,0,25,10,0.0,20,whole,GA,home_improvement,0
0.0,66000.0,6.0,33.0,0.1313721804511278,0,18,10,0.0,20,whole,NY,debt_consolidation,0
0.0,52000.0,0.0,29.68,0.6947144319344933,0,12,10,0.0,20,whole,OR,credit_card,0
0.0,67000.0,6.0,19.72,0.20628028299864218,0,20,10,0.0,20,whole,IN,home_improvement,0
0.0,150000.0,6.0,14.07,0.819766136050984,0,17,10,0.0,20,whole,TX,credit_card,0
0.0,130000.0,3.0,14.63,0.6461987405928429,0,23,10,0.0,20,whole,PA,debt_consolidation,0
0.0,110000.0,1.0,16.92,0.1647275204359673,0,22,10,0.0,20,whole,SC,credit_card,0
0.0,140000.0,0.0,18.14,0.2851229830955477,1,34,10,0.0,20,whole,TX,debt_consolidation,0
0.0,80000.0,10.0,22.95,0.22436852026390197,0,27,10,0.0,20,whole,NM,debt_consolidation,0
0.0,131004.7,10.0,18.48,0.23525786672476579,1,12,10,0.0,20,whole,CA,credit_card,0
0.0,47700.0,10.0,16.78,0.9893080520651377,0,6,10,0.0,20,whole,OH,debt_consolidation,0
0.0,80000.0,10.0,7.83,0.056152590779273766,0,14,10,0.0,20,whole,NJ,other,0
0.0,75000.0,3.0,10.0,0.07066808231399353,1,10,10,0.0,20,whole,CO,debt_consolidation,0
0.0,90000.0,7.0,13.13,0.12521411338962604,0,23,10,0.0,20,whole,NY,debt_consolidation,0
0.0,50000.0,4.0,16.13,0.6195016312296097,1,17,10,0.0,20,whole,MS,debt_consolidation,0
0.0,14300.0,2.0,22.59,0.2704585026117237,0,13,10,0.0,20,whole,FL,debt_consolidation,1
0.0,110000.0,10.0,6.78,0.1683128670581954,0,7,10,0.0,20,whole,NY,credit_card,0
0.0,55000.0,0.0,38.8,0.7825386623501314,0,7,10,0.0,20,whole,WY,debt_consolidation,0
0.0,130000.0,2.0,19.42,0.4581892094283779,0,12,10,0.0,20,fractional,NY,debt_consolidation,0
0.0,50000.0,2.0,11.23,0.42778836987607244,1,22,10,0.0,20,whole,CA,debt_consolidation,0
0.0,70000.0,10.0,9.81,0.1727872127872128,0,13,10,0.0,20,whole,TX,debt_consolidation,0
0.0,26000.0,10.0,25.44,0.8717224940408983,0,12,10,0.0,20,whole,CA,debt_consolidation,0
0.0,87000.0,10.0,29.49,0.7739693448654106,0,19,10,0.0,20,whole,NY,debt_consolidation,0
0.0,154400.0,10.0,14.9,0.20611362212132647,0,12,10,0.0,20,whole,NJ,debt_consolidation,0
0.0,95000.0,10.0,33.45,0.48908691913051217,1,15,10,0.0,20,whole,MA,debt_consolidation,0
0.0,75000.0,1.0,16.43,0.6777245807900887,0,34,10,0.0,20,whole,MI,credit_card,0
0.0,156000.0,10.0,27.61,0.5663382990129298,0,16,10,0.0,20,whole,NJ,other,0
0.0,137000.0,10.0,9.63,0.18492247232544115,0,20,10,0.0,20,whole,MA,credit_card,0
0.0,89500.0,9.0,11.29,0.10336165903021666,0,12,10,0.0,20,whole,CA,other,0
0.0,85000.0,7.0,35.47,0.7889032045423902,0,13,10,0.0,20,whole,PA,debt_consolidation,0
0.0,80000.0,10.0,15.74,0.12153228820043775,0,13,10,0.0,20,fractional,NV,other,0
0.0,50000.0,0.0,23.72,0.6970908833522084,0,11,10,0.0,20,whole,OR,debt_consolidation,0
0.0,245000.0,1.0,18.54,0.12809403973509934,0,21,10,0.0,20,whole,CA,debt_consolidation,0
0.0,171000.0,10.0,13.39,0.07387094981381648,0,12,10,0.0,20,whole,CA,debt_consolidation,0
0.0,108000.0,3.0,23.92,0.07753161874919788,1,16,10,0.0,20,whole,CO,debt_consolidation,0
0.0,82000.0,6.0,12.02,0.629256249357062,0,8,10,0.0,20,whole,OR,debt_consolidation,0
0.0,70000.0,3.0,6.84,0.3582089552238806,0,11,10,0.0,20,whole,CA,house,0
0.0,110000.0,3.0,9.58,0.8490906000339963,0,30,10,0.0,20,whole,CA,debt_consolidation,0
0.0,160000.0,1.0,15.08,0.8674361629063176,1,16,10,0.0,20,fractional,NJ,debt_consolidation,0
0.0,120000.0,1.0,10.72,0.5399586776859504,0,13,10,0.0,20,whole,OK,house,0
0.0,164000.0,2.0,10.52,0.09735949338459798,0,11,10,0.0,20,whole,TX,debt_consolidation,0
0.0,70000.0,0.0,10.13,0.3096936783445143,0,13,10,0.0,20,whole,NC,debt_consolidation,0
0.0,75000.0,3.0,13.78,0.9325939825844948,1,15,10,0.0,20,fractional,NY,credit_card,0
0.0,103125.0,2.0,9.7,0.5769154228855722,1,21,10,0.0,20,whole,CA,debt_consolidation,0
0.0,68000.0,10.0,9.32,0.492827868852459,0,13,10,0.0,20,fractional,IN,debt_consolidation,0
0.0,42000.0,4.0,13.71,0.09076297855088132,0,21,10,0.0,20,fractional,PA,credit_card,0
0.0,115000.0,6.0,12.21,0.2621357335873559,0,16,10,0.0,20,whole,MO,other,0
0.0,40000.0,9.0,31.44,0.2965883961096122,2,26,10,0.0,20,whole,MN,debt_consolidation,0
0.0,108000.0,10.0,20.64,0.20818522601984565,0,17,10,0.0,20,whole,NY,debt_consolidation,0
0.0,103000.0,6.0,17.16,0.5432358246412046,1,29,10,0.0,20,whole,NY,credit_card,0
0.0,33000.0,8.0,16.91,0.5220597665768886,0,16,10,0.0,20,whole,MO,debt_consolidation,0
0.0,76000.0,10.0,18.9,0.13154563266130007,0,19,10,0.0,20,whole,CA,debt_consolidation,0
0.0,60000.0,8.0,22.6,0.34744460856720827,0,10,10,0.0,20,whole,NY,credit_card,0
0.0,143000.0,3.0,4.04,0.450187662157737,3,17,10,0.0,20,fractional,VA,credit_card,0
0.0,30000.0,6.0,4.96,0.04124156545209177,0,28,10,0.0,20,whole,TN,house,0
0.0,57000.0,9.0,27.47,0.43486553949041584,0,11,10,0.0,20,whole,NY,credit_card,0
0.0,92000.0,10.0,37.23,0.671826923076923,0,17,10,0.0,20,fractional,WA,debt_consolidation,0
0.0,67745.0,3.0,8.75,0.21958959822528962,0,32,10,0.0,20,whole,KY,medical,0
0.0,150000.0,6.0,6.23,0.15692997494395358,0,11,10,0.0,20,fractional,AL,other,0
0.0,138000.0,4.0,11.66,0.20778656126482214,0,9,10,0.0,20,whole,KY,debt_consolidation,0
0.0,70000.0,2.0,8.33,0.1427545916670071,0,4,10,0.0,20,whole,GA,credit_card,0
0.0,48996.0,3.0,14.18,0.17206828128738091,0,14,10,0.0,20,whole,KS,major_purchase,0
0.0,64000.0,4.0,28.61,1.2715107820059381,0,20,10,0.0,20,whole,MN,credit_card,0
0.0,101000.0,1.0,10.69,0.12239686410704938,0,25,10,0.0,20,whole,TX,other,0
0.0,40320.0,10.0,25.8,0.34044776119402986,4,18,10,0.0,20,whole,CA,medical,0
0.0,96000.0,10.0,13.33,0.20661354159304546,0,17,10,0.0,20,fractional,GA,debt_consolidation,0
0.0,53000.0,4.0,9.51,0.12460063897763578,0,11,10,0.0,20,whole,VA,debt_consolidation,0
0.0,155000.0,10.0,6.73,0.2906565499880337,1,12,10,0.0,20,whole,NY,debt_consolidation,0
0.0,80000.0,10.0,6.35,0.08805450640598386,0,18,10,0.0,20,whole,AK,debt_consolidation,0
0.0,120400.0,10.0,21.7,0.31294330990994706,0,20,10,0.0,20,whole,MO,debt_consolidation,0
0.0,40000.0,0.0,15.9,0.7492916818016709,5,8,10,0.0,20,whole,AZ,debt_consolidation,0
0.0,50000.0,0.0,32.48,0.2340838637066679,0,21,10,0.0,20,whole,MI,debt_consolidation,0
0.0,60000.0,10.0,21.42,0.5840059387231745,0,17,10,0.0,20,whole,HI,debt_consolidation,0
0.0,149000.0,9.0,25.31,0.16518557888209762,0,14,10,0.0,20,fractional,NY,debt_consolidation,0
0.0,68000.0,10.0,29.32,0.5630321910695743,0,20,10,0.0,20,whole,WV,debt_consolidation,0
0.0,90000.0,5.0,25.6,0.38938978829389786,0,29,10,0.0,20,whole,KY,debt_consolidation,0
0.0,60000.0,10.0,19.42,0.6531361584585327,0,22,10,0.0,20,fractional,MO,debt_consolidation,0
0.0,45000.0,10.0,24.21,1.4273595618195178,0,17,10,0.0,20,whole,AR,credit_card,0
0.0,62500.0,1.0,27.0,0.25426867864371283,0,18,10,0.0,20,whole,OH,debt_consolidation,0
0.0,21600.0,6.0,37.56,0.39051447566773606,0,29,10,0.0,20,whole,PA,debt_consolidation,0
0.0,44500.0,10.0,28.02,0.10451842696847903,0,14,10,0.0,20,whole,NC,credit_card,0
0.0,30000.0,6.0,33.28,0.3240691489361702,0,12,10,0.0,20,whole,NC,other,0
0.0,47700.0,10.0,19.62,0.5770590554928543,0,13,10,0.0,20,whole,NV,home_improvement,0
0.0,56736.0,6.0,12.56,0.04817032354034957,1,34,10,0.0,20,whole,CT,debt_consolidation,0
0.0,83000.0,6.0,16.17,0.8651985440711137,0,13,10,0.0,20,whole,GA,debt_consolidation,0
0.0,48000.0,10.0,24.96,0.2823825687068871,0,14,10,0.0,20,whole,CO,debt_consolidation,0
0.0,33500.0,0.0,14.44,0.9453608401875739,0,10,10,0.0,20,fractional,AZ,credit_card,0
0.0,220500.0,4.0,19.58,0.13100983781302974,0,24,10,0.0,20,whole,TX,debt_consolidation,0
0.0,36250.0,1.0,29.8,0.25201231814803016,0,12,10,0.0,20,whole,KY,credit_card,0
0.0,104000.0,10.0,17.68,0.21022094725998605,0,21,10,0.0,20,fractional,MN,credit_card,0
0.0,100000.0,6.0,21.05,0.20162410645011913,0,16,10,0.0,20,whole,CT,debt_consolidation,0
0.0,96000.0,10.0,19.64,0.1674549291456703,0,23,10,0.0,20,whole,NY,other,0
0.0,180000.0,3.0,12.76,0.07607142932501694,0,30,10,0.0,20,fractional,NY,debt_consolidation,0
0.0,130000.0,10.0,10.35,0.4945618118342136,0,15,10,0.0,20,whole,HI,vacation,0
0.0,63000.0,3.0,9.2,0.15830275466432372,0,12,10,0.0,20,whole,HI,debt_consolidation,0
0.0,130800.0,10.0,14.47,0.6179162847540483,0,24,10,0.0,20,whole,CA,debt_consolidation,0
0.0,55000.0,6.0,15.46,0.09275145308133255,0,9,10,0.0,20,whole,NY,credit_card,0
0.0,125000.0,10.0,15.76,0.283214624553486,1,29,10,0.0,20,whole,MA,debt_consolidation,0
0.0,69000.0,3.0,19.23,0.2304300018716077,0,16,10,0.0,20,whole,NJ,debt_consolidation,0
0.0,60000.0,2.0,19.62,0.7651885538716638,0,13,10,0.0,20,fractional,WA,debt_consolidation,0
0.0,74600.0,2.0,14.67,0.10739258743414255,0,20,10,0.0,20,whole,PA,debt_consolidation,0
0.0,65000.0,7.0,20.42,0.4655211003947422,0,14,10,0.0,20,whole,OH,debt_consolidation,0
0.0,39000.0,4.0,12.47,0.5912477496191664,0,7,10,0.0,20,whole,NJ,credit_card,0
0.0,45000.0,10.0,6.37,0.7045948899411979,0,17,10,0.0,20,whole,UT,debt_consolidation,0
0.0,18000.0,6.0,17.73,0.591685393258427,0,15,10,0.0,20,fractional,NY,debt_consolidation,0
0.0,40000.0,5.0,29.4,0.5840697002229747,0,18,10,0.0,20,whole,CT,debt_consolidation,0
0.0,60000.0,3.0,8.68,0.5207333853992339,2,21,10,0.0,20,whole,NY,credit_card,0
0.0,63000.0,7.0,11.12,0.06875500400320256,0,13,10,0.0,20,whole,GA,home_improvement,0
0.0,95000.0,1.0,28.83,0.7337529540083622,0,16,10,0.0,20,whole,CA,debt_consolidation,0
0.0,82500.0,3.0,24.77,1.1491361150300523,0,13,10,0.0,20,whole,MD,credit_card,0
0.0,57600.0,4.0,15.21,0.33259008560621145,0,11,10,0.0,20,whole,CA,debt_consolidation,0
0.0,40000.0,7.0,28.44,0.5547887678826395,0,18,10,0.0,20,whole,CO,debt_consolidation,0
0.0,71000.0,2.0,26.32,0.5850647763383036,0,11,10,0.0,20,whole,IL,small_business,0
0.0,47000.0,3.0,21.55,0.1990609203938385,0,24,10,0.0,20,whole,PA,credit_card,0
0.0,78000.0,8.0,4.22,0.5115623598744475,0,11,10,0.0,20,whole,CA,debt_consolidation,0
0.0,46000.0,3.0,27.45,0.7738246074483008,0,11,10,0.0,20,whole,PA,credit_card,0
0.0,78000.0,10.0,14.43,0.106619792358756,0,12,10,0.0,20,whole,CA,debt_consolidation,0
0.0,110000.0,5.0,7.73,0.4751008201549685,1,15,10,0.0,20,whole,NJ,credit_card,0
0.0,37000.0,10.0,30.59,0.7254014928749152,0,15,10,0.0,20,whole,IN,debt_consolidation,0
0.0,168000.0,10.0,34.69,0.2955389940768108,0,22,10,0.0,20,whole,NY,debt_consolidation,0
0.0,162000.0,6.0,12.9,0.12850802815699341,1,35,10,0.0,20,whole,VA,credit_card,0
0.0,164000.0,10.0,30.28,0.25762064995784073,0,25,10,0.0,20,whole,KS,debt_consolidation,0
0.0,48589.0,2.0,21.19,0.11435395396446288,1,27,10,0.0,20,fractional,NC,debt_consolidation,0
0.0,98000.0,10.0,3.59,0.569221260815822,1,20,10,0.0,20,whole,CA,credit_card,0
0.0,150000.0,3.0,13.06,0.11484432541011048,0,12,10,0.0,20,fractional,TX,credit_card,0
0.0,65000.0,2.0,13.28,0.07826807760141094,0,18,10,0.0,20,whole,NV,credit_card,0
0.0,195000.0,10.0,17.95,0.3850684566145092,0,14,10,0.0,20,whole,NC,home_improvement,0
0.0,129000.0,10.0,27.2,0.5079181462500383,0,14,10,0.0,20,whole,TN,credit_card,0
0.0,123000.0,1.0,13.83,0.8436969696969697,0,14,10,0.0,20,whole,CO,debt_consolidation,0
0.0,105000.0,10.0,17.46,0.5922542162854683,0,17,10,0.0,20,whole,WV,debt_consolidation,0
0.0,220000.0,4.0,25.22,0.706894567756101,0,31,10,0.0,20,whole,CO,credit_card,0
0.0,34000.0,9.0,33.85,0.20354844789058504,0,15,10,0.0,20,whole,FL,home_improvement,0
0.0,31000.0,6.0,3.92,0.15535211267605634,0,10,10,0.0,20,whole,MI,debt_consolidation,0
0.0,250000.0,1.0,10.41,0.8063893510815308,3,10,10,0.0,20,whole,TX,major_purchase,0
0.0,60000.0,5.0,1.24,0.1226202968070754,0,9,10,0.0,20,whole,CA,major_purchase,0
0.0,50000.0,2.0,13.97,0.8254406130268199,0,12,10,0.0,20,whole,CA,credit_card,0
0.0,121000.0,10.0,29.83,0.64401519024319,0,22,10,0.0,20,whole,MI,credit_card,0
0.0,65000.0,6.0,10.08,0.7844308943089431,0,18,10,0.0,20,whole,NY,debt_consolidation,0
0.0,40000.0,6.0,30.93,0.5038159536214868,0,11,10,0.0,20,fractional,MI,credit_card,0
0.0,52821.43,10.0,20.22,0.15130628228096807,0,13,10,0.0,20,whole,KS,other,0
0.0,75000.0,10.0,22.26,0.2291984317142235,0,18,10,0.0,20,fractional,DC,other,0
0.0,143780.0,6.0,25.91,0.3170752260863009,2,11,10,0.0,20,whole,OH,debt_consolidation,0
0.0,60000.0,5.0,19.34,0.38275126305206325,0,15,10,0.0,20,fractional,KS,debt_consolidation,0
0.0,110000.0,10.0,10.67,0.0788288934818387,1,19,10,0.0,20,whole,ME,home_improvement,0
0.0,41000.0,10.0,13.26,0.27534653465346537,0,19,10,0.0,20,whole,NY,debt_consolidation,0
0.0,47000.0,6.0,12.67,0.019786072957399762,0,12,10,0.0,20,whole,OR,debt_consolidation,0
0.0,82500.0,10.0,22.23,0.21798132092888559,1,22,10,0.0,20,whole,WA,debt_consolidation,0
0.0,26000.0,6.0,16.2,0.5252582159624413,0,20,10,0.0,20,whole,CA,debt_consolidation,0
0.0,108000.0,10.0,10.26,0.12287992705611517,1,16,10,0.0,20,whole,NY,debt_consolidation,0
0.0,68000.0,7.0,23.26,0.9567904993909866,1,12,10,0.0,20,whole,NY,credit_card,0
0.0,160000.0,5.0,16.13,0.0947040876995786,1,8,10,0.0,20,whole,AZ,debt_consolidation,0
0.0,155000.0,10.0,23.06,0.48913896608048196,0,20,10,0.0,20,whole,CA,debt_consolidation,1
0.0,25992.0,2.0,9.25,0.13852882703777336,1,23,10,0.0,20,whole,LA,debt_consolidation,0
0.0,130000.0,10.0,32.28,0.42181545165949874,0,20,10,0.0,20,whole,FL,debt_consolidation,0
0.0,190000.0,10.0,25.95,0.20554287908091937,1,32,10,0.0,20,fractional,AZ,home_improvement,0
0.0,40000.0,0.0,10.23,0.2576295389636883,0,19,10,0.0,20,whole,MA,credit_card,0
0.0,48000.0,6.0,36.63,0.7171921490838857,0,12,10,0.0,20,whole,HI,debt_consolidation,0
0.0,39000.0,1.0,25.94,0.4919628038105632,0,10,10,0.0,20,fractional,CA,credit_card,0
0.0,18000.0,3.0,10.19,0.5053432879519836,0,5,10,0.0,20,whole,OH,house,0
0.0,115000.0,10.0,30.31,0.2073646892660392,1,34,10,0.0,20,whole,MD,debt_consolidation,0
0.0,42000.0,1.0,10.69,0.052647929304590585,0,27,10,0.0,20,fractional,FL,debt_consolidation,0
0.0,62000.0,6.0,36.16,0.5338983050847458,1,15,10,0.0,20,fractional,MS,home_improvement,0
0.0,52000.0,0.0,29.89,0.8272699963635789,0,8,10,0.0,20,whole,VA,debt_consolidation,0
0.0,70000.0,2.0,18.5,0.11747214625282208,0,20,10,0.0,20,whole,CT,house,0
0.0,183634.0,2.0,13.51,0.19449366815058133,0,13,10,0.0,20,whole,NJ,debt_consolidation,0
0.0,120000.0,10.0,15.64,0.10368351813568878,0,19,10,0.0,20,fractional,PA,credit_card,0
0.0,118500.0,1.0,26.01,0.22839103675312902,0,8,10,0.0,20,whole,TX,debt_consolidation,0
0.0,116000.0,10.0,13.34,0.0818121021474748,0,16,10,0.0,20,fractional,TN,debt_consolidation,0
0.0,130000.0,10.0,7.9,0.1253406393764468,0,15,10,0.0,20,fractional,TX,debt_consolidation,0
0.0,100000.0,2.0,3.27,0.05983119513841999,0,16,10,0.0,20,whole,CA,other,0
0.0,109000.0,6.0,24.4,0.9048431908080617,1,17,10,0.0,20,whole,AZ,debt_consolidation,0
0.0,26000.0,4.0,37.26,0.7799915218312844,0,17,10,0.0,20,whole,WA,debt_consolidation,0
0.0,60000.0,10.0,8.24,1.077453880889355,0,19,10,0.0,20,fractional,OR,home_improvement,0
0.0,147000.0,4.0,9.0,0.15100445145288194,0,12,10,0.0,20,whole,CA,debt_consolidation,0
0.0,85000.0,7.0,22.33,0.6605309561128526,0,5,10,0.0,20,whole,CA,debt_consolidation,0
0.0,93000.0,10.0,8.44,0.0761466250726492,1,13,10,0.0,20,whole,MD,debt_consolidation,0
0.0,47782.0,6.0,17.26,0.10050401148863283,0,12,10,0.0,20,fractional,VT,home_improvement,0
0.0,95560.0,6.0,16.41,0.22083044982698963,0,20,10,0.0,20,fractional,AZ,debt_consolidation,0
0.0,130000.0,5.0,19.18,0.24910552566539076,0,19,10,0.0,20,whole,GA,debt_consolidation,0
0.0,130000.0,6.0,28.21,0.49792600312662844,0,22,10,0.0,20,whole,AR,vacation,0
0.0,46500.0,5.0,20.26,0.4781034310293088,0,13,10,0.0,20,fractional,VT,credit_card,0
0.0,86000.0,0.0,11.86,0.8210831234256927,0,9,10,0.0,20,whole,NY,credit_card,0
0.0,150000.0,10.0,20.55,0.2202578243390051,0,12,10,0.0,20,whole,NY,other,0
0.0,103000.0,10.0,14.52,0.5470338564801106,0,11,10,0.0,20,whole,IL,debt_consolidation,0
0.0,48000.0,0.0,19.2,0.06920345055299323,2,25,10,0.0,20,whole,CO,debt_consolidation,0
0.0,74120.0,10.0,18.29,0.6564389538330211,0,17,10,0.0,20,whole,VA,debt_consolidation,0
0.0,82000.0,1.0,20.47,0.6927073267776956,0,15,10,0.0,20,whole,NJ,credit_card,0
0.0,155918.0,5.0,11.61,0.5933070961199507,0,5,10,0.0,20,whole,CA,car,0
0.0,101578.0,6.0,14.18,0.11816566636327303,0,13,10,0.0,20,whole,OH,home_improvement,0
0.0,90000.0,4.0,10.32,0.4525072917032716,0,14,10,0.0,20,whole,WA,credit_card,0
0.0,130000.0,10.0,10.01,0.09265094540834778,1,16,10,0.0,20,fractional,CO,medical,0
0.0,135000.0,10.0,7.42,0.05917613497571057,0,13,10,0.0,20,whole,NV,debt_consolidation,0
0.0,30000.0,0.0,4.8,0.5824598930481284,0,8,10,0.0,20,whole,CA,debt_consolidation,0
0.0,125000.0,10.0,35.15,0.24398714902757565,1,33,10,0.0,20,fractional,PA,home_improvement,0
0.0,81000.0,2.0,22.09,0.7822650728843852,1,12,10,0.0,20,whole,FL,debt_consolidation,0
0.0,70000.0,6.0,19.37,0.22948619271996845,0,12,10,0.0,20,whole,FL,debt_consolidation,0
0.0,220000.0,10.0,21.71,0.5877616747181964,0,16,10,0.0,20,whole,NY,home_improvement,0
0.0,70000.0,7.0,0.46,1.328583385196472,0,11,10,0.0,20,whole,OH,debt_consolidation,0
0.0,58700.0,7.0,33.16,0.7782033885162641,0,15,10,0.0,20,whole,KS,debt_consolidation,0
0.0,114000.0,3.0,13.56,1.091869918699187,0,21,10,0.0,20,whole,CO,small_business,0
0.0,68200.0,10.0,34.08,0.6664539682207601,0,6,10,0.0,20,whole,GA,debt_consolidation,0
0.0,70000.0,10.0,23.8,0.09114897484766073,0,12,10,0.0,20,whole,CA,debt_consolidation,0
0.0,71000.0,6.0,27.18,0.39552391333969206,0,15,10,0.0,20,whole,VA,medical,0
0.0,120000.0,10.0,5.15,0.3607238095238095,0,21,10,0.0,20,whole,MA,debt_consolidation,0
0.0,60000.0,10.0,17.66,0.4102493765586035,0,28,10,0.0,20,whole,MO,credit_card,0
0.0,38900.0,6.0,3.12,0.17130434782608694,0,24,10,0.0,20,whole,PA,debt_consolidation,0
0.0,125000.0,2.0,13.33,0.5202640214797136,0,11,10,0.0,20,whole,NJ,credit_card,0
0.0,145000.0,10.0,22.34,0.8701062416998672,0,14,10,0.0,20,whole,NY,debt_consolidation,0
0.0,75000.0,3.0,10.61,0.9802280842689504,0,20,10,0.0,20,whole,IN,house,1
0.0,19000.0,6.0,23.06,0.21644635193133047,0,32,10,0.0,20,whole,NV,debt_consolidation,0
0.0,38200.0,0.0,12.79,1.007196658334871,0,8,10,0.0,20,fractional,TX,debt_consolidation,0
0.0,22000.0,10.0,16.53,0.8728187919463087,0,17,10,0.0,20,fractional,CA,debt_consolidation,0
0.0,95000.0,10.0,14.31,0.4020193485699801,0,10,10,0.0,20,whole,MA,car,0
0.0,144000.0,10.0,9.81,0.1401577530322041,0,31,10,0.0,20,whole,FL,debt_consolidation,0
0.0,70000.0,10.0,16.68,0.09005555216409254,0,13,10,0.0,20,fractional,MD,home_improvement,0
0.0,61000.0,3.0,15.78,0.6119752786361584,1,27,10,0.0,20,whole,VA,debt_consolidation,0
0.0,57000.0,6.0,9.6,0.47006111269434153,0,18,10,0.0,20,fractional,NY,debt_consolidation,0
0.0,60000.0,7.0,15.81,0.7372320458362146,0,10,10,0.0,20,whole,NY,other,0
0.0,60000.0,4.0,7.94,0.09371345029239767,0,10,10,0.0,20,whole,NY,credit_card,0
0.0,32000.0,1.0,7.01,0.9077959635737141,0,9,10,0.0,20,fractional,CA,house,0
0.0,37000.0,1.0,13.82,0.8005747126436782,0,5,10,0.0,20,fractional,CT,other,0
0.0,17000.0,6.0,5.58,0.2732291666666667,0,29,10,0.0,20,whole,SC,debt_consolidation,0
0.0,70000.0,6.0,0.52,0.0038029983970833204,0,11,10,0.0,20,whole,NY,other,0
0.0,55213.0,4.0,24.69,0.907843137254902,0,19,10,0.0,20,whole,PA,credit_card,0
0.0,48000.0,10.0,37.9,0.7530221703617269,0,17,10,0.0,20,whole,OH,major_purchase,0
0.0,84500.0,5.0,17.24,0.5385450597176982,1,5,10,0.0,20,fractional,WA,other,0
0.0,50000.0,0.0,8.38,0.4351742627345844,0,6,10,0.0,20,whole,TX,credit_card,0
0.0,70000.0,6.0,15.65,0.37558834604160785,0,19,10,0.0,20,whole,NJ,debt_consolidation,0
0.0,53000.0,10.0,21.42,0.6252686572099329,0,16,10,0.0,20,whole,OR,credit_card,0
0.0,60000.0,6.0,14.6,0.49677303693079955,0,17,10,0.0,20,whole,IN,credit_card,0
0.0,121000.0,2.0,23.4,0.8807989068172093,0,10,10,0.0,20,whole,UT,debt_consolidation,0
0.0,160000.0,0.0,9.42,0.4911559888579387,0,12,10,0.0,20,whole,CA,debt_consolidation,0
0.0,45000.0,10.0,28.45,0.283866423884289,0,13,10,0.0,20,whole,KS,debt_consolidation,0
0.0,50000.0,10.0,29.26,0.23105360443622922,0,14,10,0.0,20,whole,MI,credit_card,0
0.0,46000.0,2.0,8.71,0.6478572400177935,0,15,10,0.0,20,whole,TN,credit_card,0
0.0,38990.47,9.0,16.47,0.581660777385159,0,28,10,0.0,20,fractional,MA,debt_consolidation,0
0.0,92000.0,0.0,11.64,0.774240769946217,0,13,10,0.0,20,whole,FL,debt_consolidation,0
0.0,90000.0,1.0,18.87,0.14738454288407163,1,16,10,0.0,20,whole,CA,major_purchase,1
0.0,98000.0,6.0,17.19,0.882017180855618,0,20,10,0.0,20,fractional,TN,debt_consolidation,0
0.0,90200.0,6.0,35.02,0.3311303117578697,1,35,10,0.0,20,whole,TX,credit_card,0
0.0,111000.0,10.0,18.73,0.18929640197647712,0,23,10,0.0,20,whole,VA,home_improvement,0
0.0,70866.0,10.0,20.22,0.42989183630484074,0,15,10,0.0,20,whole,CA,debt_consolidation,0
0.0,93000.0,8.0,20.08,0.323952498319516,0,8,10,0.0,20,whole,OK,debt_consolidation,0
0.0,70000.0,6.0,4.15,0.07853333333333333,0,35,10,0.0,20,whole,GA,debt_consolidation,0
0.0,100000.0,3.0,20.98,0.4838757824233435,0,22,10,0.0,20,whole,TX,other,0
0.0,113000.0,10.0,16.99,0.1371963501449406,0,24,10,0.0,20,whole,NY,debt_consolidation,0
0.0,82000.0,0.0,31.32,1.134474867132779,0,17,10,0.0,20,whole,CA,debt_consolidation,0
0.0,119000.0,10.0,22.9,0.38037950833289436,0,17,10,0.0,20,whole,OH,debt_consolidation,0
0.0,130800.0,10.0,39.22,0.6909976587871006,0,34,10,0.0,20,whole,OH,debt_consolidation,0
0.0,75000.0,4.0,22.96,0.6044936490272075,0,6,10,0.0,20,whole,CA,credit_card,0
0.0,98000.0,2.0,31.73,0.3395263979771617,0,20,10,0.0,20,whole,TX,credit_card,0
0.0,130000.0,6.0,7.54,0.5997320993667803,0,33,10,0.0,20,whole,FL,house,0
0.0,300000.0,10.0,13.77,0.13470949281290634,0,32,10,0.0,20,whole,OR,debt_consolidation,0
0.0,54059.5,7.0,1.04,0.14504587155963303,1,23,10,0.0,20,whole,NY,debt_consolidation,0
0.0,74000.0,0.0,25.8,0.2608733823813454,0,22,10,0.0,20,whole,OH,debt_consolidation,0
0.0,18000.0,10.0,35.26,0.7377471826493728,0,18,10,0.0,20,whole,NY,debt_consolidation,0
0.0,95000.0,8.0,15.75,0.24416075790978967,0,5,10,0.0,20,whole,PA,debt_consolidation,0
0.0,145000.0,1.0,26.92,0.5881842780822868,0,33,10,0.0,20,fractional,IN,credit_card,0
0.0,65000.0,10.0,15.32,0.27274017467248907,1,14,10,0.0,20,whole,HI,debt_consolidation,0
0.0,214458.0,6.0,0.47,0.011784272762306553,0,14,10,0.0,20,whole,SC,house,0
0.0,32357.0,2.0,10.42,0.2438423645320197,0,5,10,0.0,20,whole,CA,debt_consolidation,0
0.0,70000.0,10.0,33.39,0.21533804665340164,0,24,10,0.0,20,whole,CO,credit_card,0
0.0,52000.0,1.0,27.44,0.8265045178155367,0,10,10,0.0,20,whole,TX,moving,0
0.0,60000.0,0.0,2.4,0.13769005847953217,0,11,10,0.0,20,whole,VA,other,0
0.0,88944.0,8.0,18.43,0.2551264949922,1,20,10,0.0,20,whole,OK,car,0
0.0,100000.0,3.0,18.0,0.20560395323911362,0,10,10,0.0,20,whole,CT,debt_consolidation,1
0.0,82000.0,1.0,14.09,0.00015078407720144752,2,23,10,0.0,20,whole,MA,credit_card,0
0.0,100000.0,10.0,15.59,0.6209166031152388,0,19,10,0.0,20,whole,TX,debt_consolidation,0
0.0,60000.0,10.0,1.52,0.006839770354906054,1,12,10,0.0,20,whole,MA,home_improvement,0
0.0,80000.0,10.0,28.65,0.17303589489151386,0,21,10,0.0,20,whole,MN,debt_consolidation,0
0.0,55000.0,3.0,24.0,0.8215055287779983,0,14,10,0.0,20,whole,GA,debt_consolidation,0
0.0,50000.0,1.0,18.67,0.6508902866154439,0,17,10,0.0,20,whole,CO,debt_consolidation,0
0.0,48000.0,6.0,22.05,0.4271153506447624,2,27,10,0.0,20,fractional,TX,debt_consolidation,0
0.0,169201.0,10.0,24.89,0.40026193143405825,0,22,10,0.0,20,whole,IL,other,0
0.0,60000.0,3.0,14.74,0.14301879070215354,0,8,10,0.0,20,fractional,CT,debt_consolidation,0
0.0,125000.0,10.0,9.51,0.18297470322796436,3,18,10,0.0,20,whole,TX,major_purchase,0
0.0,46000.0,10.0,8.84,0.06071765322158198,0,15,10,0.0,20,whole,NJ,home_improvement,0
0.0,80000.0,7.0,37.61,0.2729374123320543,0,16,10,0.0,20,whole,ID,other,0
0.0,75000.0,10.0,12.91,0.2735662705223276,0,33,10,0.0,20,whole,MA,major_purchase,0
0.0,75000.0,10.0,22.98,0.8900080580177276,0,21,10,0.0,20,whole,IL,debt_consolidation,0
0.0,144000.0,10.0,19.11,0.31851176821795557,2,18,10,0.0,20,whole,CO,credit_card,1
0.0,83000.0,10.0,16.98,0.1552752880921895,0,17,10,0.0,20,whole,FL,house,1
0.0,50000.0,10.0,38.33,0.18456209114245495,0,11,10,0.0,20,whole,MO,home_improvement,0
0.0,150000.0,2.0,9.7,0.1509213919262527,1,22,10,0.0,20,whole,CA,debt_consolidation,0
0.0,190000.0,5.0,3.33,0.21994996873045652,0,13,10,0.0,20,whole,TX,other,0
0.0,32000.0,3.0,16.65,0.3857125095468997,0,17,10,0.0,20,whole,CA,credit_card,0
0.0,53000.0,2.0,25.38,0.42300721418671594,0,11,10,0.0,20,whole,NY,debt_consolidation,0
0.0,70000.0,10.0,17.38,0.8898491514770585,0,15,10,0.0,20,whole,WI,debt_consolidation,0
0.0,68740.0,4.0,17.67,0.571589012963676,0,18,10,0.0,20,fractional,MO,debt_consolidation,0
0.0,23000.0,1.0,2.35,0.29906666666666665,0,4,10,0.0,20,whole,MD,other,0
0.0,70000.0,10.0,9.43,0.32265884652981425,1,14,10,0.0,20,whole,NY,other,0
0.0,125000.0,2.0,19.81,0.12500923956339982,0,12,10,0.0,20,whole,GA,debt_consolidation,0
0.0,120000.0,10.0,22.14,0.5274289750431643,0,31,10,0.0,20,whole,VA,debt_consolidation,0
0.0,98000.0,8.0,14.74,0.21385125525539567,0,13,10,0.0,20,whole,FL,debt_consolidation,0
0.0,80000.0,10.0,13.95,0.12889969183831812,0,16,10,0.0,20,whole,CA,credit_card,0
0.0,34451.0,10.0,13.24,0.15186150730383075,0,18,10,0.0,20,whole,PA,debt_consolidation,0
0.0,42000.0,2.0,1.63,0.20335405183534655,1,13,10,0.0,20,whole,CA,other,0
0.0,34000.0,5.0,21.53,0.6476178945456746,0,18,10,0.0,20,whole,CA,debt_consolidation,0
0.0,90000.0,10.0,17.53,0.06792820296873354,0,4,10,0.0,20,fractional,TX,debt_consolidation,0
0.0,15250.0,0.0,1.97,0.07270440251572327,0,8,10,0.0,20,fractional,PA,car,0
0.0,136000.0,10.0,25.59,0.200360794532307,0,30,10,0.0,20,whole,TN,other,0
0.0,155000.0,7.0,10.91,0.1390387123158715,1,19,10,0.0,20,whole,TX,debt_consolidation,0
0.0,45000.0,3.0,30.93,0.5560173950649913,0,12,10,0.0,20,fractional,OH,debt_consolidation,0
0.0,65000.0,7.0,18.01,0.1542473737052183,0,9,10,0.0,20,whole,UT,other,0
0.0,40000.0,6.0,9.17,0.0631995835037745,0,29,10,0.0,20,whole,IN,debt_consolidation,0
0.0,72500.0,3.0,15.74,0.2439281180004335,0,11,10,0.0,20,whole,VA,moving,0
0.0,84279.78,10.0,10.32,0.059653407730012924,0,8,10,0.0,20,whole,NJ,other,0
0.0,83000.0,10.0,3.68,0.35334838224228743,0,13,10,0.0,20,whole,GA,other,0
0.0,45000.0,0.0,27.76,0.2604161413629991,0,10,10,0.0,20,whole,CA,credit_card,0
0.0,95000.0,6.0,21.88,0.5479296754858414,0,14,10,0.0,20,whole,NC,debt_consolidation,0
0.0,35000.0,2.0,3.98,0.12105,0,4,10,0.0,20,whole,NY,debt_consolidation,0
0.0,166000.0,8.0,8.99,0.2210694247860103,0,14,10,0.0,20,whole,PA,credit_card,0
0.0,50600.0,6.0,10.06,0.35996108949416344,0,16,10,0.0,20,whole,AL,debt_consolidation,0
0.0,68000.0,6.0,16.54,0.9525158946412352,0,24,10,0.0,20,fractional,OH,debt_consolidation,0
0.0,107000.0,2.0,27.58,0.7963891459189603,0,17,10,0.0,20,whole,FL,credit_card,0
0.0,180000.0,4.0,2.57,0.062295935621148775,0,23,10,0.0,20,whole,IL,debt_consolidation,0
0.0,82500.0,10.0,20.52,0.40651209677419353,0,32,10,0.0,20,whole,CA,credit_card,0
0.0,70000.0,10.0,30.4,0.23631568456077404,0,29,10,0.0,20,whole,VA,debt_consolidation,0
0.0,135000.0,0.0,26.75,0.42434859016097964,0,8,10,0.0,20,fractional,TX,debt_consolidation,0
0.0,92000.0,2.0,18.25,0.7145170764454141,0,17,10,0.0,20,fractional,CT,debt_consolidation,0
0.0,138000.0,10.0,16.67,0.4178129181261132,0,16,10,0.0,20,fractional,MI,debt_consolidation,0
0.0,50000.0,0.0,0.84,0.14887096774193548,0,13,10,0.0,20,whole,CT,other,0
0.0,65000.0,5.0,15.71,0.12972718234754876,1,22,10,0.0,20,whole,MS,small_business,0
0.0,145000.0,10.0,25.63,0.2734429018523236,0,22,10,0.0,20,whole,TN,credit_card,0
0.0,60000.0,2.0,2.19,0.492057535959975,0,6,10,0.0,20,whole,NJ,debt_consolidation,0
0.0,66000.0,1.0,29.84,1.310708337140086,0,15,10,0.0,20,whole,KS,debt_consolidation,0
0.0,85000.0,3.0,14.98,0.07277539708949214,0,24,10,0.0,20,whole,OR,home_improvement,0
0.0,65000.0,10.0,14.44,0.855246913580247,0,15,10,0.0,20,whole,NV,credit_card,0
0.0,111000.0,6.0,21.84,0.7189706574611643,0,15,10,0.0,20,whole,FL,debt_consolidation,0
0.0,57000.0,8.0,19.16,0.13578582575629913,0,15,10,0.0,20,whole,NC,debt_consolidation,0
0.0,30000.0,2.0,4.16,0.34185185185185185,0,5,10,0.0,20,whole,OR,other,0
0.0,104000.0,2.0,7.02,0.08777972058849502,0,7,10,0.0,20,whole,NJ,debt_consolidation,0
0.0,42000.0,6.0,33.86,0.48396365613108644,0,12,10,0.0,20,whole,CA,debt_consolidation,0
0.0,125000.0,4.0,16.2,0.6709430828524583,1,20,10,0.0,20,whole,VA,debt_consolidation,0
0.0,85000.0,5.0,10.39,0.38494412611985185,1,32,10,0.0,20,whole,CA,credit_card,0
0.0,128000.0,10.0,20.53,0.4518604551971679,0,26,10,0.0,20,whole,IL,debt_consolidation,0
0.0,93000.0,1.0,20.48,0.4858887648565237,0,13,10,0.0,20,whole,MO,debt_consolidation,0
0.0,65000.0,7.0,11.78,0.4169067992345087,0,12,10,0.0,20,whole,CA,debt_consolidation,0
0.0,87000.0,2.0,24.73,0.5816181953765847,1,4,10,0.0,20,whole,FL,debt_consolidation,0
0.0,45000.0,3.0,14.45,0.5052226369035044,0,28,10,0.0,20,fractional,CA,debt_consolidation,0
0.0,13692.0,6.0,24.63,0.14506280530355897,1,11,10,0.0,20,whole,KS,other,0
0.0,78000.0,1.0,22.05,0.48379520901831846,0,12,10,0.0,20,whole,MS,major_purchase,0
0.0,80000.0,5.0,11.3,0.13349654523566248,0,22,10,0.0,20,whole,GA,debt_consolidation,0
0.0,151000.0,9.0,22.91,0.3442021225966115,0,25,10,0.0,20,whole,CO,debt_consolidation,0
0.0,90000.0,4.0,17.48,0.1418269328322775,0,7,10,0.0,20,whole,IN,debt_consolidation,0
0.0,73000.0,7.0,9.06,0.5769093413601347,0,14,10,0.0,20,whole,NY,home_improvement,0
0.0,35000.0,5.0,14.61,0.4082587064676617,0,8,10,0.0,20,whole,CT,debt_consolidation,0
0.0,48028.0,3.0,26.79,0.7035249685270667,0,26,10,0.0,20,whole,NY,debt_consolidation,0
0.0,38400.0,0.0,12.13,0.447330514381302,0,7,10,0.0,20,whole,CO,debt_consolidation,0
0.0,383000.0,10.0,15.55,0.2497569509169905,0,33,10,0.0,20,whole,CT,debt_consolidation,0
0.0,85000.0,10.0,24.03,0.6717499233833896,0,16,10,0.0,20,whole,NY,credit_card,0
0.0,51000.0,4.0,20.66,0.13908748505830082,0,17,10,0.0,20,whole,TX,credit_card,1
0.0,80000.0,10.0,27.28,0.2699142597116444,0,15,10,0.0,20,whole,OH,debt_consolidation,0
0.0,85000.0,10.0,18.54,0.5725053533190578,0,25,10,0.0,20,whole,FL,other,0
0.0,47000.0,1.0,7.35,0.33477031802120144,0,21,10,0.0,20,whole,MD,debt_consolidation,0
0.0,48000.0,2.0,14.6,0.10870118442071311,0,5,10,0.0,20,whole,NC,debt_consolidation,0
0.0,77000.0,3.0,18.15,0.9414780209443783,5,14,10,0.0,20,whole,NY,small_business,0
0.0,93000.0,6.0,22.88,0.8492688793229407,0,19,10,0.0,20,whole,NY,other,0
0.0,60433.0,6.0,29.31,0.5938274802945639,0,16,10,0.0,20,whole,WA,debt_consolidation,0
0.0,90000.0,10.0,23.87,0.24799760248584363,0,21,10,0.0,20,whole,OR,credit_card,0
0.0,25000.0,6.0,17.71,0.4618369074492099,0,8,10,0.0,20,whole,AZ,other,0
0.0,134000.0,10.0,31.11,0.21745220595035708,0,27,10,0.0,20,fractional,IL,credit_card,0
0.0,33000.0,5.0,12.51,0.8092105263157895,0,4,10,0.0,20,fractional,CT,debt_consolidation,0
0.0,72000.0,10.0,15.77,0.3103186646433991,1,27,10,0.0,20,whole,CA,debt_consolidation,0
0.0,35000.0,4.0,14.85,0.9082781243969897,0,13,10,0.0,20,whole,NY,debt_consolidation,0
0.0,52000.0,10.0,22.78,0.5549685103691797,0,12,10,0.0,20,whole,TX,home_improvement,0
0.0,95000.0,8.0,5.24,0.46776,0,17,10,0.0,20,whole,MS,credit_card,0
0.0,50000.0,10.0,29.28,0.20075008357477156,1,41,10,0.0,20,whole,LA,debt_consolidation,0
0.0,68000.0,1.0,11.81,1.0756798334916973,0,17,10,0.0,20,whole,NY,home_improvement,0
0.0,105000.0,1.0,12.93,0.7551326156919321,0,24,10,0.0,20,whole,CA,credit_card,0
0.0,43611.0,10.0,21.96,0.6123558291770573,0,14,10,0.0,20,fractional,FL,credit_card,0
0.0,110000.0,3.0,11.99,0.36591361252240256,0,18,10,0.0,20,whole,TX,debt_consolidation,0
0.0,36500.0,2.0,30.55,0.556410435755753,0,20,10,0.0,20,whole,IN,other,0
0.0,1600001.0,0.0,0.98,0.26700062835998045,0,15,10,0.0,20,whole,MD,major_purchase,0
0.0,160000.0,10.0,27.97,0.6094684021256805,0,30,10,0.0,20,whole,FL,debt_consolidation,0
0.0,220000.0,5.0,23.55,0.5179749987209441,0,14,10,0.0,20,whole,OH,debt_consolidation,0
0.0,70000.0,6.0,15.67,0.6338569377586353,0,18,10,0.0,20,fractional,NY,credit_card,0
0.0,75000.0,10.0,23.83,0.31249906671378724,0,31,10,0.0,20,whole,OH,medical,0
0.0,35000.0,3.0,12.21,0.11578137028483448,0,16,10,0.0,20,whole,NE,credit_card,0
0.0,75000.0,6.0,15.82,0.1294978241717169,0,23,10,0.0,20,whole,AR,debt_consolidation,0
0.0,67000.0,10.0,13.29,0.5917241379310345,0,11,10,0.0,20,whole,PA,debt_consolidation,0
0.0,95797.96,7.0,22.17,0.38639755396207187,0,20,10,0.0,20,whole,AZ,debt_consolidation,1
0.0,72768.0,10.0,24.46,0.16446671907161453,0,10,10,0.0,20,fractional,MD,other,0
0.0,19000.0,0.0,0.0,0.7776208178438662,0,7,10,0.0,20,fractional,TN,other,0
0.0,40000.0,1.0,16.53,1.0465774277346658,0,9,10,0.0,20,whole,TX,credit_card,0
0.0,42000.0,1.0,7.54,0.34456140350877196,0,9,10,0.0,20,whole,MD,debt_consolidation,0
0.0,62712.0,10.0,24.53,0.2614129685777288,0,19,10,0.0,20,whole,FL,debt_consolidation,0
0.0,45000.0,10.0,16.56,0.09865087506605738,0,26,10,0.0,20,whole,MS,other,0
0.0,80000.0,9.0,8.46,0.6080246194017672,0,14,10,0.0,20,whole,CA,credit_card,0
0.0,120000.0,9.0,19.97,0.35432744951214834,0,13,10,0.0,20,whole,ND,credit_card,0
0.0,48000.0,10.0,17.44,0.056793431584733246,2,28,10,0.0,20,whole,TX,debt_consolidation,0
0.0,28000.0,8.0,12.73,0.09146266776321546,0,4,10,0.0,20,whole,CT,credit_card,0
0.0,99000.0,10.0,15.65,0.1015332954874091,1,28,10,0.0,20,whole,FL,debt_consolidation,0
0.0,100000.0,5.0,14.76,0.9361514806200341,0,17,10,0.0,20,whole,MA,debt_consolidation,0
0.0,80000.0,5.0,15.38,0.30827218145430285,0,23,10,0.0,20,whole,IL,debt_consolidation,0
0.0,78000.0,1.0,3.15,0.874927536231884,0,5,10,0.0,20,whole,CO,credit_card,0
0.0,28000.0,1.0,17.83,0.5271873258498527,0,12,10,0.0,20,whole,FL,credit_card,0
0.0,72000.0,3.0,18.2,0.23836192109777016,0,18,10,0.0,20,whole,MI,credit_card,0
0.0,100000.0,10.0,23.2,0.29313770211225926,2,17,10,0.0,20,whole,VA,debt_consolidation,0
0.0,65500.0,10.0,18.71,0.13376164441854227,0,12,10,0.0,20,whole,IL,credit_card,0
0.0,65000.0,6.0,32.96,0.16638178953141822,0,9,10,0.0,20,whole,AR,credit_card,0
0.0,181000.0,3.0,5.68,0.310113074204947,0,10,10,0.0,20,whole,NY,debt_consolidation,0
0.0,67000.0,8.0,11.05,0.35464285714285715,0,14,10,0.0,20,whole,KS,debt_consolidation,0
0.0,85000.0,1.0,28.23,0.18164388042354923,1,19,10,0.0,20,whole,FL,debt_consolidation,0
0.0,68000.0,10.0,19.94,0.7131111111111111,0,15,10,0.0,20,fractional,WA,home_improvement,0
0.0,135000.0,10.0,17.63,0.2152244663539772,0,17,10,0.0,20,whole,MI,debt_consolidation,0
0.0,45000.0,5.0,15.91,0.21407481725670058,0,11,10,0.0,20,whole,PA,debt_consolidation,0
0.0,143000.0,10.0,29.31,0.17225109318305665,0,20,10,0.0,20,fractional,NV,house,1
0.0,188000.0,10.0,15.36,0.2219609600249357,2,24,10,0.0,20,whole,GA,debt_consolidation,0
0.0,52537.0,4.0,10.87,0.7820771208226222,0,10,10,0.0,20,whole,MD,credit_card,0
0.0,152000.0,6.0,21.75,0.09155253129776494,0,18,10,0.0,20,fractional,NC,home_improvement,0
0.0,160000.0,10.0,12.36,0.07909299655568312,0,20,10,0.0,20,fractional,VA,home_improvement,0
0.0,32000.0,8.0,35.75,0.8620176120176121,0,9,10,0.0,20,whole,PA,debt_consolidation,0
0.0,80000.0,10.0,20.34,0.6731041666666666,0,18,10,0.0,20,fractional,NY,credit_card,0
0.0,100500.0,9.0,22.1,0.1690517300244847,0,13,10,0.0,20,whole,IL,credit_card,0
0.0,78000.0,10.0,11.15,0.04525154123338487,0,23,10,0.0,20,whole,NY,credit_card,0
0.0,70000.0,10.0,17.93,0.25342155959460594,0,23,10,0.0,20,fractional,OR,debt_consolidation,0
0.0,37500.0,2.0,12.71,0.3674962063732929,1,6,10,0.0,20,whole,AZ,credit_card,0
0.0,47611.2,9.0,20.09,0.8284784568941859,0,16,10,0.0,20,whole,CA,debt_consolidation,0
0.0,89000.0,10.0,16.53,0.7512955586963039,1,25,10,0.0,20,whole,FL,debt_consolidation,0
0.0,42000.0,2.0,38.2,0.7003334688897926,0,21,10,0.0,20,whole,AZ,debt_consolidation,0
0.0,60200.0,3.0,20.16,0.3112929768694922,0,27,10,0.0,20,whole,FL,debt_consolidation,0
0.0,32000.0,2.0,33.05,0.301637519872814,0,22,10,0.0,20,whole,TX,debt_consolidation,0
0.0,140000.0,10.0,17.35,0.1293268856794669,0,20,10,0.0,20,whole,CA,other,0
0.0,45000.0,3.0,25.22,0.13240572004373646,1,18,10,0.0,20,whole,SC,debt_consolidation,0
0.0,65000.0,5.0,12.44,0.43117590234477915,0,19,10,0.0,20,whole,CT,credit_card,0
0.0,62000.0,3.0,11.79,0.2486690571066235,0,8,10,0.0,20,whole,CT,debt_consolidation,0
0.0,75000.0,6.0,20.05,0.5952384777265498,0,11,10,0.0,20,fractional,UT,medical,0
0.0,205000.0,10.0,20.39,0.1972465175364308,0,13,10,0.0,20,whole,CA,small_business,0
0.0,115000.0,3.0,18.12,0.47345577068308753,0,13,10,0.0,20,whole,MA,credit_card,0
0.0,126000.0,3.0,6.57,0.1116121639953114,0,22,10,0.0,20,whole,MA,home_improvement,0
0.0,60000.0,10.0,16.1,0.29171256974306126,0,19,10,0.0,20,whole,VA,credit_card,0
0.0,46000.0,3.0,19.43,0.669028427182238,0,11,10,0.0,20,fractional,MD,other,0
0.0,137000.0,7.0,17.39,0.094501230361537,0,14,10,0.0,20,whole,CA,medical,0
0.0,42000.0,6.0,26.2,0.5448970251716247,0,15,10,0.0,20,whole,NY,vacation,0
0.0,51000.0,1.0,25.95,0.6344387264332435,0,13,10,0.0,20,whole,FL,debt_consolidation,0
0.0,190000.0,5.0,6.16,0.674592325908242,0,8,10,0.0,20,whole,CA,credit_card,0
0.0,50320.0,3.0,27.39,0.2700772685430556,0,29,10,0.0,20,whole,AZ,home_improvement,0
0.0,104660.0,2.0,29.41,0.9174128605769231,0,15,10,0.0,20,whole,MA,debt_consolidation,0
0.0,130000.0,10.0,36.58,0.644359603861518,0,18,10,0.0,20,whole,NY,debt_consolidation,0
0.0,114000.0,3.0,17.8,0.31392640332138505,0,11,10,0.0,20,whole,TX,debt_consolidation,0
0.0,115000.0,7.0,31.63,0.5899457950363481,0,16,10,0.0,20,whole,CA,debt_consolidation,0
0.0,126570.0,10.0,13.79,0.01738528629439085,0,28,10,0.0,20,whole,CA,debt_consolidation,0
0.0,107000.0,5.0,29.36,1.478771514458248,0,20,10,0.0,20,whole,CT,debt_consolidation,0
0.0,50000.0,10.0,22.14,0.25955940398657984,0,38,10,0.0,20,fractional,CA,credit_card,0
0.0,145000.0,10.0,6.75,0.06497530462485855,0,19,10,0.0,20,whole,NY,debt_consolidation,0
0.0,110000.0,10.0,38.82,0.4912527660172324,0,14,10,0.0,20,whole,FL,credit_card,0
0.0,71000.0,10.0,2.2,0.034214812878315605,0,9,10,0.0,20,fractional,NV,other,0
0.0,85605.0,0.0,13.01,0.30319968606131376,0,11,10,0.0,20,whole,TX,debt_consolidation,0
0.0,109000.0,10.0,21.78,0.21999129656939778,0,22,10,0.0,20,whole,NC,debt_consolidation,0
0.0,100000.0,10.0,10.45,0.22878670788253477,0,18,10,0.0,20,whole,TX,debt_consolidation,0
0.0,81000.0,3.0,13.74,0.38232113144758734,0,4,10,0.0,20,whole,IL,debt_consolidation,0
0.0,43000.0,8.0,16.12,0.15663998745625726,1,20,10,0.0,20,whole,MI,other,0
0.0,62300.0,7.0,34.11,0.1942162358768886,0,8,10,0.0,20,whole,TX,debt_consolidation,0
0.0,9000.0,6.0,6.93,1.0991222611600564,0,8,10,0.0,20,whole,OR,debt_consolidation,0
0.0,100000.0,3.0,4.84,0.07122545175661585,0,12,10,0.0,20,fractional,IN,credit_card,0
0.0,55000.0,5.0,20.58,0.0756027704924306,1,22,10,0.0,20,whole,NJ,debt_consolidation,0
0.0,60000.0,0.0,15.96,0.803117129354501,0,13,10,0.0,20,whole,MD,debt_consolidation,0
0.0,135000.0,8.0,7.72,0.11255020654966114,0,13,10,0.0,20,whole,MI,debt_consolidation,0
0.0,120000.0,10.0,14.82,0.21850228480835587,0,16,10,0.0,20,fractional,PA,debt_consolidation,0
0.0,32000.0,2.0,4.5,0.7383941605839416,0,5,10,0.0,20,whole,AL,other,0
0.0,100000.0,10.0,11.93,0.09971099109619033,0,14,10,0.0,20,fractional,GA,debt_consolidation,0
0.0,160600.0,4.0,16.0,0.6989932885906041,1,8,10,0.0,20,fractional,NY,home_improvement,0
0.0,225500.0,6.0,11.41,0.8523347168692559,0,19,10,0.0,20,fractional,CA,debt_consolidation,1
0.0,25000.0,6.0,0.0,0.0,0,10,10,0.0,20,whole,FL,major_purchase,0
0.0,39800.0,10.0,14.05,0.553169014084507,0,11,10,0.0,20,whole,TX,home_improvement,0
0.0,73000.0,4.0,24.33,0.47798944737572896,0,8,10,0.0,20,whole,TX,debt_consolidation,0
0.0,63288.0,3.0,22.24,0.7368264904155197,0,14,10,0.0,20,whole,CA,other,0
0.0,84000.0,2.0,7.06,0.42479606659962005,0,12,10,0.0,20,whole,KY,debt_consolidation,0
0.0,63000.0,6.0,30.0,0.31373503482197684,0,17,10,0.0,20,whole,MD,debt_consolidation,1
0.0,116000.0,6.0,23.96,0.9989008826358022,0,16,10,0.0,20,whole,UT,home_improvement,0
0.0,60495.2,1.0,27.24,0.15273698426059942,0,14,10,0.0,20,whole,VA,debt_consolidation,0
0.0,65000.0,10.0,15.68,0.3601228988738694,0,21,10,0.0,20,whole,MI,debt_consolidation,0
0.0,106000.0,7.0,13.23,0.12060053002861479,2,21,10,0.0,20,whole,MD,debt_consolidation,0
0.0,270000.0,10.0,20.36,0.06966745771876597,1,22,10,0.0,20,whole,FL,car,0
0.0,53000.0,10.0,26.43,0.39197674134519067,0,17,10,0.0,20,whole,NY,debt_consolidation,0
0.0,105000.0,0.0,21.04,1.0111619381824448,0,7,10,0.0,20,whole,CA,credit_card,0
0.0,115000.0,1.0,9.62,0.7624526365645722,0,26,10,0.0,20,whole,NJ,debt_consolidation,0
0.0,38000.0,10.0,7.8,0.18797665369649805,0,6,10,0.0,20,whole,FL,house,0
0.0,79547.0,10.0,22.18,0.8925458857594605,0,17,10,0.0,20,whole,CA,medical,0
0.0,87500.0,3.0,10.64,0.737069771167659,0,22,10,0.0,20,whole,WA,credit_card,0
0.0,50000.0,0.0,7.24,0.33122335334551467,0,8,10,0.0,20,whole,ID,credit_card,0
0.0,40000.0,1.0,35.67,0.6944309201902551,0,7,10,0.0,20,whole,WI,debt_consolidation,0
0.0,54625.0,3.0,24.67,0.7474895819947497,1,14,10,0.0,20,whole,OH,credit_card,0
0.0,146000.0,8.0,25.16,0.7017491117791747,0,8,10,0.0,20,whole,SC,credit_card,0
0.0,64000.0,10.0,20.81,0.3763726284612591,0,26,10,0.0,20,whole,KS,debt_consolidation,0
0.0,87500.0,3.0,14.33,0.1413239347042612,0,15,10,0.0,20,whole,ME,debt_consolidation,0
0.0,95000.0,10.0,17.05,0.4338904647610735,0,9,10,0.0,20,whole,CA,credit_card,0
0.0,18000.0,4.0,22.4,0.2939864864864865,0,29,10,0.0,20,whole,MI,home_improvement,0
0.0,127000.0,3.0,21.33,0.6793132096372196,0,16,10,0.0,20,whole,CT,debt_consolidation,0
0.0,24525.0,6.0,8.76,0.5304545454545454,0,13,10,0.0,20,fractional,CT,debt_consolidation,0
0.0,75000.0,1.0,0.4,0.15755555555555556,0,14,10,0.0,20,whole,CA,other,0
0.0,63000.0,0.0,9.68,0.5702199243005219,0,22,10,0.0,20,fractional,NY,credit_card,0
0.0,60000.0,3.0,1.71,1.2571002336251302,0,11,10,0.0,20,fractional,FL,moving,0
0.0,44000.0,10.0,9.71,0.49884501394700137,0,14,10,0.0,20,whole,CA,debt_consolidation,0
0.0,50000.0,4.0,1.7,0.7019765929778934,0,11,10,0.0,20,whole,AZ,debt_consolidation,0
0.0,50000.0,7.0,35.77,0.8867041115156262,1,23,10,0.0,20,whole,IL,debt_consolidation,0
0.0,65000.0,7.0,18.37,0.6829583702391497,0,15,10,0.0,20,whole,CA,debt_consolidation,0
0.0,109740.0,7.0,19.87,0.4125565421951804,0,12,10,0.0,20,whole,MO,credit_card,0
0.0,22244.0,0.0,20.4,0.7007177432815891,0,3,10,0.0,20,whole,MA,credit_card,0
0.0,240000.0,0.0,3.77,0.14264208235718032,3,29,10,0.0,20,whole,NJ,house,1
0.0,107000.0,6.0,37.74,0.5113668064359687,0,32,10,0.0,20,whole,NC,debt_consolidation,0
0.0,32000.0,6.0,31.32,0.3558666611522395,1,18,10,0.0,20,whole,MD,debt_consolidation,0
0.0,39000.0,0.0,2.09,1.3069402118705558,0,12,10,0.0,20,whole,NC,medical,0
0.0,131000.0,7.0,16.73,0.18495967510432498,0,15,10,0.0,20,whole,FL,home_improvement,0
0.0,74000.0,6.0,21.9,0.1473131241914822,0,20,10,0.0,20,fractional,MN,home_improvement,0
0.0,27400.0,6.0,21.99,0.6360416666666666,0,6,10,0.0,20,whole,CA,credit_card,0
0.0,67000.0,10.0,33.7,0.1978560279580237,0,23,10,0.0,20,whole,MO,debt_consolidation,0
0.0,40000.0,4.0,13.68,0.07178295047869575,0,6,10,0.0,20,whole,NJ,credit_card,0
0.0,145000.0,10.0,24.75,0.31013477375076043,1,17,10,0.0,20,whole,TX,credit_card,0
0.0,90000.0,0.0,22.17,0.14806174776378025,2,25,10,0.0,20,fractional,MN,credit_card,0
0.0,80000.0,10.0,20.27,0.8383824303813152,0,30,10,0.0,20,whole,NY,credit_card,0
0.0,30000.0,1.0,37.4,0.5215786756410502,0,32,10,0.0,20,whole,TX,debt_consolidation,0
0.0,98000.0,7.0,17.83,0.1043494185514147,1,13,10,0.0,20,whole,WA,medical,0
0.0,43000.0,3.0,25.73,0.6962265731921906,0,11,10,0.0,20,fractional,MI,debt_consolidation,0
0.0,70000.0,5.0,11.85,1.0337398996795875,0,13,10,0.0,20,whole,MD,debt_consolidation,0
0.0,42000.0,0.0,19.31,0.5939082443529881,0,10,10,0.0,20,whole,IL,credit_card,0
0.0,35000.0,10.0,9.91,0.2935641025641026,0,11,10,0.0,20,whole,NJ,debt_consolidation,0
0.0,36000.0,10.0,31.96,0.5819028120461267,0,33,10,0.0,20,whole,TX,debt_consolidation,0
0.0,50000.0,10.0,8.93,0.19666666666666666,0,16,10,0.0,20,whole,GA,debt_consolidation,0
0.0,50000.0,1.0,37.28,0.6908311353310946,0,12,10,0.0,20,fractional,TX,vacation,0
0.0,67000.0,0.0,19.25,0.4931884216874075,1,13,10,0.0,20,whole,FL,credit_card,0
0.0,23000.0,1.0,5.58,0.7997142857142857,0,4,10,0.0,20,whole,CA,credit_card,0
0.0,28000.0,6.0,8.66,0.39714285714285713,0,15,10,0.0,20,whole,LA,major_purchase,0
0.0,62000.0,3.0,27.43,0.6215287400920126,0,14,10,0.0,20,whole,NY,debt_consolidation,0
0.0,69000.0,0.0,23.93,0.7036676719525246,0,24,10,0.0,20,whole,OH,car,0
0.0,80000.0,3.0,11.13,0.35584379358437934,0,12,10,0.0,20,whole,TX,debt_consolidation,0
0.0,95000.0,10.0,17.03,0.580207783060398,0,12,10,0.0,20,fractional,OR,credit_card,0
0.0,110000.0,2.0,0.95,0.01528183672727839,0,6,10,0.0,20,whole,KY,home_improvement,0
0.0,140000.0,5.0,24.65,0.115579883030672,0,13,10,0.0,20,whole,FL,credit_card,0
0.0,160000.0,10.0,27.58,0.2650965126377832,0,22,10,0.0,20,whole,TX,home_improvement,0
0.0,75000.0,4.0,9.44,0.7361072648389181,0,4,10,0.0,20,whole,WV,debt_consolidation,0
0.0,70000.0,4.0,11.02,0.3949517629351822,0,9,10,0.0,20,whole,FL,credit_card,0
0.0,160000.0,10.0,28.79,0.18697680995475113,0,15,10,0.0,20,whole,GA,credit_card,0
0.0,59390.0,5.0,11.86,1.0056219046060948,0,12,10,0.0,20,whole,VA,credit_card,0
0.0,79000.0,6.0,32.4,0.15484034013200929,0,15,10,0.0,20,whole,CA,credit_card,0
0.0,338000.0,10.0,6.69,0.09543403164698017,0,38,10,0.0,20,whole,AZ,debt_consolidation,0
0.0,40000.0,0.0,1.5,0.03515151515151515,0,31,10,0.0,20,whole,NY,debt_consolidation,0
0.0,60000.0,9.0,14.71,0.29317009045068376,0,19,10,0.0,20,whole,TX,debt_consolidation,0
0.0,67000.0,5.0,7.29,0.3710011656521176,0,13,10,0.0,20,whole,WA,debt_consolidation,0
0.0,130000.0,7.0,15.26,0.4378871341905756,0,17,10,0.0,20,whole,NY,credit_card,0
0.0,205000.0,10.0,16.0,0.16090084530871035,0,13,10,0.0,20,whole,NY,credit_card,0
0.0,69000.0,2.0,6.96,0.2922923588039867,0,16,10,0.0,20,whole,CA,debt_consolidation,0
0.0,90000.0,4.0,24.84,0.19765334317018582,0,28,10,0.0,20,whole,TX,debt_consolidation,0
0.0,31500.0,9.0,31.13,1.0395294181947368,0,9,10,0.0,20,fractional,VA,debt_consolidation,0
0.0,43000.0,7.0,33.1,0.6119165793383005,0,9,10,0.0,20,whole,AR,home_improvement,0
0.0,75000.0,10.0,38.15,0.6990576006555822,0,14,10,0.0,20,whole,PA,debt_consolidation,0
0.0,20000.0,6.0,32.11,0.6345079501504083,0,6,10,0.0,20,whole,FL,other,0
0.0,54000.0,10.0,33.01,0.7908560921077377,0,16,10,0.0,20,whole,FL,debt_consolidation,0
0.0,120000.0,3.0,1.75,0.17142857142857143,1,26,10,0.0,20,whole,NY,debt_consolidation,0
0.0,91200.0,10.0,35.32,0.5728114829341567,0,16,10,0.0,20,whole,NJ,debt_consolidation,0
0.0,75000.0,5.0,28.61,0.7896053245156641,0,12,10,0.0,20,whole,FL,debt_consolidation,0
0.0,50000.0,2.0,5.04,0.8344186046511628,0,6,10,0.0,20,whole,OH,debt_consolidation,0
0.0,68000.0,2.0,24.8,0.7043083003952569,0,6,10,0.0,20,whole,AK,credit_card,0
0.0,75000.0,1.0,5.39,0.31414835164835164,0,8,10,0.0,20,whole,NY,credit_card,0
0.0,132000.0,1.0,8.68,0.03754535815517453,0,17,10,0.0,20,whole,FL,debt_consolidation,0
0.0,33000.0,7.0,15.27,0.5173646273902425,1,9,10,0.0,20,fractional,ID,debt_consolidation,0
0.0,160000.0,0.0,8.75,0.8719915085577816,0,13,10,0.0,20,whole,NV,debt_consolidation,0
0.0,92000.0,5.0,7.08,0.5913161085719616,0,4,10,0.0,20,whole,NJ,debt_consolidation,0
0.0,30000.0,2.0,22.24,0.3237178566297946,0,5,10,0.0,20,fractional,AZ,debt_consolidation,0
0.0,64000.0,8.0,12.51,0.09864223385689354,0,7,10,0.0,20,whole,NC,other,0
0.0,69752.0,1.0,18.51,0.590093896713615,0,24,10,0.0,20,fractional,SC,debt_consolidation,0
0.0,300000.0,10.0,13.9,0.7004712112372661,0,13,10,0.0,20,whole,WA,other,0
0.0,120000.0,10.0,21.87,0.6536574421227276,1,29,10,0.0,20,whole,KY,debt_consolidation,0
0.0,25000.0,10.0,25.35,0.3359954233409611,0,8,10,0.0,20,whole,MD,credit_card,0
0.0,82000.0,7.0,20.27,0.33168272847352614,0,14,10,0.0,20,whole,MD,other,0
0.0,56000.0,3.0,21.52,0.7204915773131556,0,20,10,0.0,20,fractional,CT,debt_consolidation,0
0.0,100000.0,2.0,8.62,0.04108523252057674,4,30,10,0.0,20,whole,MD,debt_consolidation,0
0.0,50000.0,3.0,13.39,0.418710407239819,0,5,10,0.0,20,fractional,WA,credit_card,0
0.0,106000.0,10.0,28.6,0.7421388429980577,0,16,10,0.0,20,fractional,CT,debt_consolidation,0
0.0,75000.0,5.0,18.64,0.4556460232020365,0,15,10,0.0,20,whole,VA,debt_consolidation,0
0.0,127000.0,6.0,15.97,0.11284688303467463,0,6,10,0.0,20,whole,ID,home_improvement,0
0.0,35000.0,6.0,34.6,0.370230934556522,0,17,10,0.0,20,fractional,CA,debt_consolidation,0
0.0,43930.0,10.0,27.27,0.5972944108223567,0,15,10,0.0,20,fractional,MO,debt_consolidation,0
0.0,175000.0,10.0,6.62,0.8446680458905398,0,29,10,0.0,20,whole,CA,medical,0
0.0,56400.0,4.0,17.6,0.06494671586819317,0,16,10,0.0,20,whole,GA,credit_card,0
0.0,40743.25,6.0,27.3,0.8598728813559322,0,12,10,0.0,20,whole,AR,debt_consolidation,0
0.0,30000.0,3.0,20.72,0.3477685950413223,0,15,10,0.0,20,whole,LA,credit_card,0
0.0,200000.0,4.0,21.92,0.23780107396375202,0,25,10,0.0,20,whole,TX,credit_card,0
0.0,36000.0,6.0,29.03,0.2576751269035533,1,37,10,0.0,20,fractional,TX,debt_consolidation,0
0.0,28000.0,4.0,6.73,0.19191950464396285,1,13,10,0.0,20,whole,TX,major_purchase,0
0.0,139000.0,10.0,29.57,0.31010104162415586,4,42,10,0.0,20,whole,MN,credit_card,0
0.0,15000.0,6.0,21.12,0.561048959461085,0,18,10,0.0,20,fractional,NY,credit_card,0
0.0,120000.0,10.0,8.46,0.1735946574687448,0,18,10,0.0,20,whole,IL,debt_consolidation,0
0.0,73000.0,10.0,22.18,0.7303671902082611,0,13,10,0.0,20,whole,MA,debt_consolidation,0
0.0,65000.0,10.0,3.97,0.1488260306895914,0,6,10,0.0,20,whole,WA,major_purchase,0
0.0,82000.0,2.0,9.39,0.1663639358566837,0,34,10,0.0,20,whole,NY,debt_consolidation,0
0.0,50000.0,1.0,12.51,0.46485796581520894,0,6,10,0.0,20,whole,NH,other,0
0.0,180000.0,7.0,6.8,0.4893003982000065,0,18,10,0.0,20,whole,MN,home_improvement,0
0.0,65000.0,2.0,30.71,0.6745317524947896,0,13,10,0.0,20,whole,NY,medical,0
0.0,54000.0,6.0,36.61,0.13389734140249873,0,14,10,0.0,20,whole,FL,credit_card,0
0.0,195000.0,10.0,10.37,0.19210402391089157,0,29,10,0.0,20,fractional,CA,other,0
0.0,34000.0,10.0,30.25,0.30933641418152935,0,35,10,0.0,20,whole,FL,debt_consolidation,0
0.0,101000.0,10.0,17.54,0.2424651898829203,0,15,10,0.0,20,whole,SC,debt_consolidation,0
0.0,55000.0,7.0,9.58,0.5395180722891566,1,30,10,0.0,20,whole,MI,debt_consolidation,0
0.0,95000.0,8.0,16.79,0.08371106787214243,0,13,10,0.0,20,whole,CA,other,0
0.0,29000.0,2.0,4.72,0.6770454545454545,0,12,10,0.0,20,whole,AZ,credit_card,0
0.0,94000.0,10.0,19.27,0.42638463461899107,0,10,10,0.0,20,whole,CA,debt_consolidation,0
0.0,34000.0,8.0,17.05,0.9045831896666048,0,11,10,0.0,20,whole,FL,credit_card,0
0.0,80000.0,2.0,20.11,0.43739707061138233,2,8,10,0.0,20,whole,NY,medical,0
0.0,35000.0,2.0,20.51,0.7342027685208921,0,9,10,0.0,20,fractional,CA,debt_consolidation,0
0.0,85000.0,6.0,10.65,0.15911802370762781,0,9,10,0.0,20,whole,MI,debt_consolidation,0
0.0,64000.0,10.0,15.47,0.3640805689776861,0,15,10,0.0,20,whole,CA,debt_consolidation,0
0.0,45000.0,2.0,29.28,0.4960204715223813,0,10,10,0.0,20,fractional,FL,credit_card,0
0.0,120000.0,10.0,9.94,0.3000948797291615,0,22,10,0.0,20,whole,KS,debt_consolidation,0
0.0,58000.0,10.0,15.09,0.5457752517210123,0,29,10,0.0,20,whole,PA,other,0
0.0,62000.0,2.0,3.43,0.02091455638549827,0,18,10,0.0,20,whole,MS,other,0
0.0,100000.0,10.0,22.56,0.19088052748069154,0,29,10,0.0,20,whole,TN,credit_card,0
0.0,78132.55,10.0,4.68,0.0880952380952381,0,12,10,0.0,20,whole,FL,debt_consolidation,0
0.0,95000.0,2.0,15.16,0.3882443312638028,0,13,10,0.0,20,whole,MD,major_purchase,0
0.0,120000.0,1.0,9.34,0.17640064274236744,1,16,10,0.0,20,whole,CA,other,0
0.0,130000.0,10.0,25.32,0.2777013161473228,0,16,10,0.0,20,fractional,FL,debt_consolidation,0
0.0,100000.0,8.0,9.16,0.6299465724893598,1,13,10,0.0,20,fractional,MA,credit_card,0
0.0,56000.0,0.0,10.99,0.7088452088452089,0,11,10,0.0,20,whole,WA,debt_consolidation,0
0.0,105000.0,10.0,25.1,0.7408931806588922,0,15,10,0.0,20,whole,WA,credit_card,0
0.0,51000.0,10.0,17.08,0.1888798370672098,0,24,10,0.0,20,whole,GA,credit_card,0
0.0,72720.0,10.0,22.21,0.19716741459901713,0,13,10,0.0,20,fractional,NM,debt_consolidation,0
0.0,70000.0,10.0,14.49,0.572483989021043,0,15,10,0.0,20,fractional,AZ,credit_card,0
0.0,124800.0,4.0,14.17,0.15181577375065508,0,24,10,0.0,20,whole,CA,credit_card,0
0.0,60000.0,2.0,15.62,0.20873903557374546,0,11,10,0.0,20,whole,MN,credit_card,0
0.0,70000.0,0.0,15.29,0.31131198347107436,0,31,10,0.0,20,whole,CA,debt_consolidation,0
0.0,120000.0,2.0,14.66,0.08850422754343382,0,12,10,0.0,20,whole,MD,debt_consolidation,0
0.0,117000.0,5.0,19.87,0.2094339492411013,0,18,10,0.0,20,whole,CA,other,0
0.0,57500.0,1.0,16.89,0.6321014104624174,0,16,10,0.0,20,whole,NC,credit_card,0
0.0,40000.0,5.0,17.85,0.7106191696070375,0,9,10,0.0,20,fractional,AZ,other,0
0.0,50000.0,10.0,8.98,0.1090967741935484,0,21,10,0.0,20,whole,CA,credit_card,0
0.0,23000.0,2.0,16.08,0.531023331023331,0,11,10,0.0,20,whole,FL,small_business,0
0.0,300000.0,4.0,4.9,0.1750275991433985,0,17,10,0.0,20,whole,IL,home_improvement,0
0.0,64000.0,6.0,25.3,0.10240050655598275,0,47,10,0.0,20,whole,WY,credit_card,0
0.0,50000.0,3.0,5.04,0.5802941176470588,2,10,10,0.0,20,whole,MT,debt_consolidation,0
0.0,256000.0,0.0,7.24,0.12183201957053547,0,26,10,0.0,20,whole,LA,debt_consolidation,0
0.0,41600.0,0.0,16.44,0.7056405328208003,0,9,10,0.0,20,whole,FL,other,0
0.0,205000.0,0.0,28.78,0.687545124348821,0,16,10,0.0,20,whole,NY,debt_consolidation,0
0.0,96000.0,7.0,10.04,0.10374014878102673,0,21,10,0.0,20,whole,NV,home_improvement,0
0.0,130000.0,10.0,12.51,0.499796863573576,0,16,10,0.0,20,whole,NJ,credit_card,0
0.0,94000.0,2.0,5.41,0.1674640689569211,0,8,10,0.0,20,fractional,MI,debt_consolidation,0
0.0,43000.0,4.0,8.09,0.6088,0,4,10,0.0,20,whole,CA,debt_consolidation,0
0.0,67000.0,10.0,21.48,0.3892363573838846,0,32,10,0.0,20,whole,OR,debt_consolidation,0
0.0,90000.0,10.0,29.46,0.22756246541523006,0,17,10,0.0,20,whole,MN,debt_consolidation,0
0.0,50919.0,5.0,7.57,0.5402153177659236,0,11,10,0.0,20,whole,GA,debt_consolidation,0
0.0,103000.0,10.0,13.69,0.3719632832544515,0,14,10,0.0,20,whole,TX,other,0
0.0,56160.0,9.0,14.54,0.39596068842283455,0,13,10,0.0,20,whole,ME,debt_consolidation,0
0.0,50731.0,10.0,33.27,0.24741714308966248,0,13,10,0.0,20,whole,NH,debt_consolidation,0
0.0,68000.0,3.0,20.32,0.9413560316994424,0,17,10,0.0,20,whole,NY,home_improvement,0
0.0,50000.0,9.0,13.71,0.1305879223197659,1,30,10,0.0,20,whole,WI,debt_consolidation,0
0.0,36000.0,10.0,21.93,0.13139102854553691,0,25,10,0.0,20,whole,FL,debt_consolidation,0
0.0,27600.0,5.0,18.39,0.24699424106691814,0,21,10,0.0,20,whole,WI,house,0
0.0,62400.0,3.0,12.56,0.6031812268342375,0,9,10,0.0,20,whole,SC,debt_consolidation,0
0.0,185000.0,10.0,20.16,0.1501937111451482,0,19,10,0.0,20,whole,CA,credit_card,0
0.0,70000.0,10.0,28.84,0.8598918551568248,0,14,10,0.0,20,whole,NY,debt_consolidation,0
0.0,33000.0,1.0,27.72,0.5381931957131554,0,4,10,0.0,20,fractional,AR,debt_consolidation,0
0.0,81000.0,10.0,16.79,0.16296941311735963,1,21,10,0.0,20,fractional,CT,credit_card,0
0.0,32000.0,2.0,27.04,0.5062288897661973,0,13,10,0.0,20,whole,IL,renewable_energy,0
0.0,52000.0,6.0,29.11,1.1013913799663024,0,12,10,0.0,20,fractional,GA,vacation,0
0.0,55000.0,3.0,15.37,0.8938080495356037,1,7,10,0.0,20,whole,NY,other,0
0.0,40000.0,6.0,20.94,0.10776642539623432,0,12,10,0.0,20,whole,OH,debt_consolidation,0
0.0,35000.0,5.0,18.66,0.5869688742976198,0,19,10,0.0,20,whole,CA,debt_consolidation,0
0.0,414000.0,3.0,11.76,0.41275436628745393,0,49,10,0.0,20,whole,DC,debt_consolidation,0
0.0,120000.0,10.0,10.51,0.07257207427314928,0,14,10,0.0,20,whole,WI,other,0
0.0,25000.0,6.0,7.73,0.45064516129032256,0,19,10,0.0,20,fractional,TX,debt_consolidation,0
0.0,28800.0,0.0,24.62,0.2715333566189312,0,5,10,0.0,20,whole,FL,debt_consolidation,0
0.0,130000.0,1.0,0.75,0.08791208791208792,0,5,10,0.0,20,whole,NY,house,0
0.0,87812.0,2.0,15.66,0.09794270915331087,0,16,10,0.0,20,whole,MA,debt_consolidation,0
0.0,29000.0,5.0,20.9,0.49610317680104443,0,4,10,0.0,20,whole,MO,debt_consolidation,0
0.0,96000.0,10.0,25.8,0.21289163241876174,0,11,10,0.0,20,whole,IL,home_improvement,0
0.0,80000.0,10.0,15.32,0.5415632326575645,0,15,10,0.0,20,whole,FL,credit_card,0
0.0,20000.0,0.0,11.04,0.5687323943661972,0,4,10,0.0,20,whole,NY,major_purchase,0
0.0,170000.0,2.0,22.19,0.6833946589243108,0,11,10,0.0,20,whole,CO,debt_consolidation,0
0.0,65000.0,10.0,21.6,0.7512062937062937,1,33,10,0.0,20,fractional,GA,home_improvement,0
0.0,160000.0,5.0,0.46,0.0030243111831442463,0,14,10,0.0,20,whole,CA,major_purchase,0
0.0,100000.0,7.0,8.96,0.7913991144224957,0,11,10,0.0,20,whole,KS,debt_consolidation,0
0.0,44000.0,6.0,0.0,0.0,0,15,10,0.0,20,whole,NC,house,0
0.0,53000.0,1.0,8.54,0.1133804332233539,0,12,10,0.0,20,whole,CA,debt_consolidation,0
0.0,55000.0,5.0,9.06,0.42117057737938307,1,10,10,0.0,20,whole,CA,other,0
0.0,92000.0,8.0,19.43,0.15471855824821587,0,10,10,0.0,20,whole,FL,debt_consolidation,0
0.0,105000.0,10.0,26.62,0.25422139352737994,0,17,10,0.0,20,whole,OR,home_improvement,0
0.0,115800.0,10.0,26.9,0.17883081934859751,0,14,10,0.0,20,whole,AK,debt_consolidation,0
0.0,30000.0,2.0,23.16,0.5274655355249205,0,6,10,0.0,20,fractional,UT,debt_consolidation,0
0.0,180000.0,10.0,11.71,0.7992743168457547,1,18,10,0.0,20,whole,MN,debt_consolidation,0
0.0,40000.0,9.0,21.9,0.38450116009280744,0,39,10,0.0,20,whole,TX,credit_card,0
0.0,81750.0,6.0,18.97,0.0875130925816294,0,17,10,0.0,20,whole,NJ,debt_consolidation,0
0.0,350000.0,4.0,16.99,0.7587714799358639,0,23,10,0.0,20,whole,NY,other,0
0.0,39500.0,5.0,17.02,0.35280864667377076,0,12,10,0.0,20,fractional,IN,debt_consolidation,0
0.0,1050000.0,10.0,7.54,0.26131773351662896,0,16,10,0.0,20,whole,WA,debt_consolidation,0
0.0,75000.0,9.0,34.78,0.2461420053554944,0,9,10,0.0,20,whole,FL,debt_consolidation,0
0.0,65000.0,10.0,19.76,0.08742426942266572,0,13,10,0.0,20,fractional,IL,home_improvement,0
0.0,96000.0,10.0,23.77,0.2863042921751003,0,27,10,0.0,20,whole,TX,debt_consolidation,0
0.0,60000.0,5.0,22.28,0.8755552964496006,0,9,10,0.0,20,whole,TX,debt_consolidation,0
0.0,35000.0,0.0,15.88,0.35504835589941974,3,21,10,0.0,20,whole,FL,debt_consolidation,0
0.0,90000.0,9.0,32.16,0.5317501164130088,0,13,10,0.0,20,fractional,ME,debt_consolidation,0
0.0,54000.0,6.0,27.17,0.6389981028841659,0,14,10,0.0,20,whole,WA,debt_consolidation,0
0.0,100000.0,7.0,26.57,0.22757424090757425,0,19,10,0.0,20,whole,WI,debt_consolidation,0
0.0,101000.0,3.0,8.17,0.17883508656068683,2,19,10,0.0,20,fractional,KY,home_improvement,0
0.0,74000.0,5.0,10.22,0.39718196457326893,0,12,10,0.0,20,whole,TX,credit_card,0
0.0,17000.0,1.0,22.67,0.6135114812886807,0,12,10,0.0,20,whole,OH,debt_consolidation,0
0.0,84000.0,8.0,19.83,0.15377225176133302,0,34,10,0.0,20,fractional,AZ,home_improvement,0
0.0,68000.0,3.0,27.64,0.3764543955519821,0,18,10,0.0,20,whole,FL,small_business,0
0.0,95000.0,10.0,15.82,0.14932784059179163,0,12,10,0.0,20,whole,AK,debt_consolidation,0
0.0,80000.0,2.0,18.12,0.7408822248491259,0,33,10,0.0,20,whole,MO,debt_consolidation,0
0.0,82000.0,4.0,13.41,0.4967353990441787,0,8,10,0.0,20,whole,WV,debt_consolidation,0
0.0,172000.0,10.0,12.45,0.7886611081363625,0,16,10,0.0,20,fractional,WA,debt_consolidation,0
0.0,70000.0,2.0,26.37,0.16699870003903908,0,15,10,0.0,20,whole,GA,debt_consolidation,0
0.0,160000.0,6.0,14.89,0.2265645753574498,4,14,10,0.0,20,fractional,TX,credit_card,0
0.0,75000.0,10.0,25.9,0.2695597976657837,0,20,10,0.0,20,fractional,NC,debt_consolidation,0
0.0,71000.0,2.0,6.56,0.408643216080402,0,13,10,0.0,20,whole,MI,major_purchase,0
0.0,17340.0,6.0,38.82,0.7489436367542792,0,13,10,0.0,20,whole,IN,debt_consolidation,0
0.0,79000.0,1.0,22.52,0.1785641312652133,0,17,10,0.0,20,whole,FL,debt_consolidation,0
0.0,95000.0,2.0,33.27,0.3752445511128462,0,10,10,0.0,20,whole,TX,debt_consolidation,0
0.0,125000.0,7.0,14.01,0.1456025006781281,1,14,10,0.0,20,whole,SC,credit_card,0
0.0,96000.0,10.0,8.89,0.15576101961539696,0,20,10,0.0,20,fractional,NY,other,0
0.0,86000.0,10.0,29.75,0.15744419137077648,1,20,10,0.0,20,whole,NJ,debt_consolidation,0
0.0,51000.0,4.0,3.51,0.34288537549407117,0,24,10,0.0,20,whole,CA,debt_consolidation,0
0.0,42000.0,9.0,14.29,0.857791416200765,0,8,10,0.0,20,whole,IN,other,0
0.0,65000.0,10.0,22.73,0.2329184198223469,1,20,10,0.0,20,whole,PA,debt_consolidation,0
0.0,69000.0,9.0,15.72,0.48965609215329986,0,16,10,0.0,20,whole,NY,credit_card,0
0.0,30000.0,2.0,23.96,0.5615121656947517,0,5,10,0.0,20,whole,TX,moving,0
0.0,103000.0,10.0,4.05,0.8817365269461078,0,22,10,0.0,20,whole,NV,debt_consolidation,0
0.0,231000.0,4.0,10.41,0.39718742509122223,0,7,10,0.0,20,whole,FL,debt_consolidation,0
0.0,300000.0,3.0,22.62,0.23510930374148487,2,33,10,0.0,20,whole,MA,debt_consolidation,0
0.0,54000.0,10.0,1.78,0.01320113070554304,0,17,10,0.0,20,whole,TN,other,0
0.0,50000.0,3.0,36.37,0.5315145110847823,0,14,10,0.0,20,whole,IN,major_purchase,0
0.0,160000.0,5.0,17.34,0.2004377977101506,0,21,10,0.0,20,whole,NM,debt_consolidation,0
0.0,94000.0,5.0,16.66,0.8342067191769812,0,10,10,0.0,20,fractional,WA,other,0
0.0,500000.0,10.0,3.18,0.06838283828382838,1,17,10,0.0,20,whole,FL,credit_card,0
0.0,53200.0,2.0,28.74,0.1269043670536208,0,30,10,0.0,20,whole,MA,credit_card,0
0.0,30000.0,2.0,6.8,0.47833333333333333,0,14,10,0.0,20,whole,MO,major_purchase,0
0.0,50000.0,2.0,20.72,0.8563257224570612,0,6,10,0.0,20,whole,FL,credit_card,0
0.0,73000.0,2.0,27.13,0.5841750841750841,0,14,10,0.0,20,whole,FL,credit_card,0
0.0,70000.0,2.0,15.02,0.750348580938245,0,11,10,0.0,20,whole,CA,credit_card,0
0.0,75000.0,10.0,17.49,0.13270782526489278,0,14,10,0.0,20,whole,IL,debt_consolidation,0
0.0,42000.0,2.0,12.14,0.7458682634730539,0,11,10,0.0,20,whole,FL,major_purchase,0
0.0,30000.0,10.0,15.2,0.5641650558870493,0,27,10,0.0,20,whole,IL,other,0
0.0,71000.0,9.0,14.35,0.12327094016265522,0,13,10,0.0,20,fractional,CA,debt_consolidation,0
0.0,54840.0,10.0,23.02,0.5777408295690302,0,14,10,0.0,20,whole,TX,debt_consolidation,0
0.0,40000.0,10.0,14.34,0.5191244239631336,0,12,10,0.0,20,fractional,AR,debt_consolidation,0
0.0,40000.0,1.0,8.91,0.43268817204301074,0,4,10,0.0,20,whole,CT,credit_card,0
0.0,65900.0,4.0,20.43,0.26228575492496975,0,17,10,0.0,20,fractional,NV,debt_consolidation,0
0.0,59142.0,10.0,8.79,0.04979222523767139,0,13,10,0.0,20,whole,CA,home_improvement,0
0.0,108000.0,2.0,35.09,0.14556191984230213,0,20,10,0.0,20,whole,AZ,debt_consolidation,0
0.0,114000.0,6.0,23.2,0.29930908562773617,1,33,10,0.0,20,whole,TX,debt_consolidation,0
0.0,115000.0,4.0,28.5,0.22885603190553166,0,40,10,0.0,20,fractional,KS,debt_consolidation,0
0.0,48370.0,10.0,23.0,0.43796680135033494,0,20,10,0.0,20,whole,CA,credit_card,0
0.0,82000.0,10.0,25.53,0.14888012013993954,0,21,10,0.0,20,whole,GA,debt_consolidation,0
0.0,65000.0,3.0,26.83,0.9055819835009333,0,19,10,0.0,20,whole,CT,renewable_energy,0
0.0,35000.0,3.0,17.01,0.12819517930629043,0,19,10,0.0,20,whole,TX,credit_card,0
0.0,80000.0,7.0,10.08,0.09029451200645094,0,11,10,0.0,20,whole,MA,home_improvement,0
0.0,86000.0,3.0,33.53,0.7086876674192001,0,7,10,0.0,20,whole,TN,debt_consolidation,0
0.0,94000.0,10.0,22.16,0.2089865642994242,0,15,10,0.0,20,whole,NY,credit_card,0
0.0,80000.0,2.0,3.12,0.0020209398587776968,0,9,10,0.0,20,whole,IL,home_improvement,0
0.0,150000.0,5.0,2.54,0.4806758497671192,0,19,10,0.0,20,whole,NC,debt_consolidation,0
0.0,94000.0,6.0,18.26,0.17340294047113947,2,47,10,0.0,20,fractional,FL,home_improvement,0
0.0,85920.0,0.0,16.45,0.10576939359558363,0,20,10,0.0,20,whole,CA,debt_consolidation,0
0.0,70000.0,3.0,9.72,0.3130962343096234,0,11,10,0.0,20,whole,RI,house,0
0.0,36000.0,10.0,31.67,0.4690929758544998,0,19,10,0.0,20,whole,NV,home_improvement,0
0.0,100000.0,10.0,12.86,0.15188822905371285,0,17,10,0.0,20,whole,TX,credit_card,0
0.0,55000.0,10.0,14.4,0.06314050559483476,0,11,10,0.0,20,fractional,CA,debt_consolidation,0
0.0,87000.0,8.0,20.68,0.2800349561227834,0,10,10,0.0,20,whole,IL,debt_consolidation,0
0.0,50000.0,7.0,9.7,0.03981050201043035,0,18,10,0.0,20,whole,NJ,debt_consolidation,0
0.0,40000.0,10.0,20.89,0.17310229877074798,0,25,10,0.0,20,whole,ME,debt_consolidation,0
0.0,100000.0,6.0,16.62,0.1623601014370245,0,21,10,0.0,20,whole,MO,debt_consolidation,0
0.0,56820.0,6.0,1.44,0.2976530612244898,0,28,10,0.0,20,whole,AZ,other,0
0.0,126200.0,10.0,32.18,0.30778373484541305,0,14,10,0.0,20,whole,AZ,debt_consolidation,0
0.0,160000.0,10.0,33.97,0.3695369935558721,0,37,10,0.0,20,whole,MD,credit_card,0
0.0,36171.0,10.0,18.36,0.16961578902149144,0,13,10,0.0,20,whole,FL,debt_consolidation,0
0.0,60000.0,1.0,19.35,0.6458650300420331,0,5,10,0.0,20,fractional,NY,debt_consolidation,0
0.0,37000.0,0.0,9.76,0.12473791482597545,0,6,10,0.0,20,whole,IN,debt_consolidation,0
0.0,95000.0,0.0,21.42,0.7677650358054985,0,15,10,0.0,20,whole,MA,other,0
0.0,120000.0,10.0,18.72,0.2117659792539186,1,18,10,0.0,20,whole,HI,credit_card,0
0.0,45000.0,7.0,21.6,0.12074688075626455,0,24,10,0.0,20,fractional,VA,debt_consolidation,0
0.0,130000.0,7.0,15.58,0.14775302198044418,1,33,10,0.0,20,whole,NY,debt_consolidation,0
0.0,155000.0,10.0,8.9,0.3475278901161666,0,16,10,0.0,20,whole,WA,debt_consolidation,0
0.0,220000.0,3.0,1.44,0.4681695124239419,0,23,10,0.0,20,whole,CA,credit_card,0
0.0,72600.0,10.0,16.71,0.5497837154997511,0,12,10,0.0,20,whole,WA,debt_consolidation,0
0.0,26000.0,0.0,18.79,0.7245351251199857,0,5,10,0.0,20,whole,CA,debt_consolidation,0
0.0,118000.0,0.0,17.29,0.3514353554549888,0,19,10,0.0,20,fractional,WA,debt_consolidation,0
0.0,126000.0,10.0,17.31,0.43576746502955155,0,16,10,0.0,20,whole,MS,debt_consolidation,0
0.0,16000.0,2.0,28.13,0.5989640975696136,0,6,10,0.0,20,fractional,WV,other,0
0.0,82000.0,2.0,29.82,0.6260125001651713,0,8,10,0.0,20,whole,PA,debt_consolidation,0
0.0,40000.0,5.0,23.1,0.5104199772985244,0,7,10,0.0,20,whole,MA,credit_card,0
0.0,110000.0,6.0,14.68,0.36245648167110384,1,33,10,0.0,20,whole,NJ,debt_consolidation,0
0.0,84000.0,4.0,22.59,0.10813562072619888,0,12,10,0.0,20,whole,NM,credit_card,0
0.0,45000.0,6.0,28.26,0.8853593876317342,1,12,10,0.0,20,whole,GA,debt_consolidation,0
0.0,65000.0,10.0,12.92,0.058970761121013314,0,11,10,0.0,20,whole,VA,debt_consolidation,0
0.0,54000.0,10.0,3.91,0.5288235294117647,0,18,10,0.0,20,fractional,MN,credit_card,0
0.0,40000.0,2.0,19.02,0.7012432763229942,1,11,10,0.0,20,fractional,KS,credit_card,0
0.0,97000.0,10.0,32.87,0.4294260961835152,0,20,10,0.0,20,whole,OK,major_purchase,0
0.0,80000.0,8.0,12.63,0.5524233432245301,0,14,10,0.0,20,fractional,FL,other,0
0.0,13000.0,10.0,19.85,0.4636448598130841,0,21,10,0.0,20,whole,CA,other,0
0.0,85000.0,7.0,10.81,0.09816240860693336,0,7,10,0.0,20,whole,NH,home_improvement,0
0.0,83000.0,10.0,10.74,0.04504304659584163,3,17,10,0.0,20,whole,NJ,debt_consolidation,0
0.0,160000.0,10.0,18.25,0.2825770008778291,0,21,10,0.0,20,whole,CA,credit_card,0
0.0,98000.0,9.0,11.25,0.17623916287237257,0,13,10,0.0,20,whole,AZ,debt_consolidation,0
0.0,108000.0,8.0,24.41,0.6566943697156034,0,10,10,0.0,20,whole,NJ,debt_consolidation,0
0.0,140000.0,10.0,14.52,0.15417343862602986,0,16,10,0.0,20,whole,FL,other,0
0.0,58000.0,6.0,16.78,0.6804538273732587,0,11,10,0.0,20,whole,WA,credit_card,0
0.0,60000.0,10.0,11.52,0.14976837451455285,0,24,10,0.0,20,whole,WI,home_improvement,0
0.0,98000.0,10.0,30.82,0.28473723482379587,0,39,10,0.0,20,whole,TX,home_improvement,0
0.0,70000.0,8.0,14.2,0.808195868979534,0,10,10,0.0,20,whole,WA,debt_consolidation,0
0.0,50000.0,0.0,12.41,0.9228855991571722,0,13,10,0.0,20,whole,MI,debt_consolidation,0
0.0,30000.0,4.0,17.5,0.12822810590631364,0,6,10,0.0,20,whole,FL,credit_card,0
0.0,70000.0,2.0,9.89,0.26446069469835465,0,18,10,0.0,20,whole,CA,credit_card,0
0.0,55000.0,0.0,8.44,1.0629067245119306,0,13,10,0.0,20,whole,TX,other,0
0.0,55000.0,4.0,22.21,0.6829732888869648,1,31,10,0.0,20,whole,MA,credit_card,0
0.0,63000.0,0.0,14.63,0.14863630201180084,0,14,10,0.0,20,whole,TX,debt_consolidation,0
0.0,72000.0,10.0,14.17,0.19111111111111112,0,13,10,0.0,20,whole,VA,debt_consolidation,0
0.0,40000.0,2.0,24.66,0.7003414752477095,0,12,10,0.0,20,whole,IL,credit_card,0
0.0,48000.0,10.0,27.78,0.33873700715712807,1,15,10,0.0,20,whole,WA,credit_card,0
0.0,50000.0,5.0,4.81,0.08425136612021858,0,12,10,0.0,20,whole,NC,debt_consolidation,0
0.0,165000.0,6.0,14.2,0.30967972938593596,0,16,10,0.0,20,fractional,MA,debt_consolidation,0
0.0,60000.0,5.0,26.28,0.27620408996761864,1,15,10,0.0,20,fractional,WI,debt_consolidation,0
0.0,43896.0,5.0,4.05,0.012390087929656275,3,15,10,0.0,20,whole,GA,credit_card,0
0.0,91000.0,1.0,12.19,0.29721766955435885,0,14,10,0.0,20,whole,CA,debt_consolidation,0
0.0,100000.0,9.0,17.31,0.020658625765705874,0,7,10,0.0,20,whole,AK,debt_consolidation,0
0.0,120750.0,2.0,33.11,0.7430282318581917,0,13,10,0.0,20,whole,ID,major_purchase,0
0.0,87000.0,10.0,20.84,0.2199572258397574,0,12,10,0.0,20,whole,CA,credit_card,0
0.0,52000.0,8.0,5.89,0.03340799185543395,0,10,10,0.0,20,whole,CA,credit_card,0
0.0,110000.0,6.0,7.72,0.7824406779661017,0,17,10,0.0,20,fractional,VA,major_purchase,0
0.0,148000.0,2.0,16.41,0.18513645095923578,0,12,10,0.0,20,whole,AK,other,0
0.0,75000.0,2.0,16.87,0.6026921602669613,3,12,10,0.0,20,whole,NY,debt_consolidation,0
0.0,60000.0,1.0,39.72,0.6185482176623013,0,23,10,0.0,20,whole,CO,debt_consolidation,0
0.0,10548.0,6.0,25.6,0.1460144927536232,0,8,10,0.0,20,whole,MN,debt_consolidation,0
0.0,80000.0,4.0,7.02,0.17542510347913637,0,5,10,0.0,20,whole,MI,major_purchase,0
0.0,34000.0,4.0,26.79,0.43143238603852757,0,7,10,0.0,20,whole,MN,credit_card,0
0.0,86000.0,10.0,29.8,0.27770316458241184,0,24,10,0.0,20,whole,OH,debt_consolidation,0
0.0,37000.0,0.0,13.17,0.10307099261162865,0,16,10,0.0,20,whole,TN,debt_consolidation,0
0.0,65000.0,6.0,11.48,0.491777086617528,0,5,10,0.0,20,whole,CA,other,0
0.0,175000.0,2.0,11.36,0.4989694867541346,0,7,10,0.0,20,whole,FL,home_improvement,0
0.0,187000.0,4.0,19.29,0.6885827736653758,0,8,10,0.0,20,fractional,NC,credit_card,0
0.0,20000.0,0.0,7.14,0.29228869895536563,0,6,10,0.0,20,whole,CA,debt_consolidation,0
0.0,60000.0,3.0,14.08,0.10255301428662951,0,10,10,0.0,20,whole,CO,credit_card,0
0.0,30504.0,6.0,39.54,0.3992405063291139,0,24,10,0.0,20,fractional,CA,debt_consolidation,0
0.0,64000.0,5.0,23.65,0.7772085850690778,0,18,10,0.0,20,whole,OH,debt_consolidation,0
0.0,78000.0,4.0,28.78,0.4346206993465583,0,14,10,0.0,20,whole,TX,debt_consolidation,0
0.0,70000.0,1.0,8.61,1.0017513665201305,0,52,10,0.0,20,whole,MO,debt_consolidation,0
0.0,46046.0,7.0,38.41,0.6776402186479297,0,32,10,0.0,20,whole,WI,home_improvement,0
0.0,209000.0,10.0,19.47,0.16531321585803269,0,17,10,0.0,20,whole,CA,home_improvement,0
0.0,38000.0,2.0,0.63,0.0648,0,4,10,0.0,20,fractional,TN,other,0
0.0,42000.0,10.0,16.89,0.8651219448980121,0,8,10,0.0,20,whole,VA,other,0
0.0,50000.0,9.0,22.49,0.562801745780387,0,12,10,0.0,20,whole,TX,debt_consolidation,0
0.0,50000.0,6.0,27.53,0.36179191193333843,0,8,10,0.0,20,whole,CA,debt_consolidation,0
0.0,99000.0,10.0,14.03,0.12250967881295383,3,15,10,0.0,20,fractional,NY,credit_card,0
0.0,155000.0,10.0,24.25,0.2790157562437359,0,38,10,0.0,20,whole,NH,home_improvement,0
0.0,43000.0,5.0,25.9,0.6509056116772729,0,14,10,0.0,20,whole,NJ,debt_consolidation,0
0.0,271000.0,10.0,20.72,0.27725549684911527,0,21,10,0.0,20,fractional,MA,debt_consolidation,0
0.0,53000.0,10.0,13.95,0.46695657694261045,0,14,10,0.0,20,whole,CA,credit_card,0
0.0,94000.0,10.0,1.81,0.011940870899138863,1,15,10,0.0,20,whole,MN,home_improvement,0
0.0,90720.0,1.0,21.89,0.28724940686970923,0,5,10,0.0,20,whole,FL,major_purchase,0
0.0,21750.0,7.0,27.92,0.44758959187789954,0,17,10,0.0,20,whole,OH,medical,0
0.0,72000.0,3.0,0.63,0.12044444444444445,0,12,10,0.0,20,whole,OH,home_improvement,0
0.0,44000.0,6.0,32.77,0.3009051254089422,1,36,10,0.0,20,whole,FL,debt_consolidation,0
0.0,143000.0,0.0,20.64,0.28901804092505146,0,18,10,0.0,20,whole,TX,debt_consolidation,0
0.0,95000.0,7.0,23.02,0.18041489971346705,0,18,10,0.0,20,fractional,KS,debt_consolidation,0
0.0,54000.0,6.0,19.84,0.5221424677448664,0,18,10,0.0,20,whole,AZ,credit_card,0
0.0,80000.0,5.0,19.98,0.5301305483028721,0,13,10,0.0,20,fractional,ND,other,0
0.0,71000.0,2.0,7.36,0.5125249169435216,0,4,10,0.0,20,whole,MI,credit_card,0
0.0,90000.0,6.0,25.08,0.6158276156622854,0,35,10,0.0,20,whole,KY,credit_card,0
0.0,39000.0,6.0,21.48,0.36013924030233196,0,38,10,0.0,20,whole,VA,credit_card,0
0.0,120000.0,1.0,8.04,0.10755934866667693,0,12,10,0.0,20,whole,NJ,debt_consolidation,0
0.0,101920.0,9.0,26.99,0.32923745667367466,0,17,10,0.0,20,whole,WA,debt_consolidation,0
0.0,65000.0,1.0,30.08,0.2681795199714481,0,15,10,0.0,20,whole,NC,debt_consolidation,0
0.0,117000.0,2.0,12.85,0.14593964134713516,1,36,10,0.0,20,whole,TX,debt_consolidation,0
0.0,910000.0,10.0,0.4,0.045028371890004366,0,11,10,0.0,20,whole,MO,major_purchase,0
0.0,167000.0,10.0,12.31,0.7172692076994384,0,31,10,0.0,20,whole,NY,credit_card,0
0.0,205000.0,2.0,16.61,0.19211531412219607,0,20,10,0.0,20,whole,NY,debt_consolidation,0
0.0,138000.0,9.0,24.03,0.2773846012444004,0,17,10,0.0,20,whole,PA,home_improvement,0
0.0,57000.0,0.0,13.33,0.03819983258354913,0,13,10,0.0,20,fractional,FL,other,0
0.0,80000.0,3.0,4.15,0.20341176470588235,0,6,10,0.0,20,whole,CA,car,0
0.0,87500.0,2.0,24.81,0.2656886620488516,0,11,10,0.0,20,fractional,TX,home_improvement,0
0.0,106000.0,2.0,24.34,0.24553835553858022,0,28,10,0.0,20,fractional,GA,credit_card,0
0.0,75000.0,10.0,6.93,0.7263297872340425,0,13,10,0.0,20,whole,NJ,credit_card,0
0.0,140000.0,6.0,22.09,0.5087653393438517,1,17,10,0.0,20,whole,NJ,other,0
0.0,107000.0,10.0,37.61,0.44115263394867177,0,12,10,0.0,20,fractional,KY,debt_consolidation,0
0.0,13000.0,6.0,15.24,0.7001612903225807,0,10,10,0.0,20,fractional,TX,debt_consolidation,0
0.0,55000.0,10.0,22.95,0.7307857851301532,0,15,10,0.0,20,fractional,MD,credit_card,0
0.0,108650.0,6.0,13.91,0.8548824352818186,0,14,10,0.0,20,whole,CO,debt_consolidation,0
0.0,84000.0,5.0,30.94,0.5683117910614621,0,15,10,0.0,20,whole,VA,home_improvement,0
0.0,128902.63,6.0,6.51,0.5871651044357518,0,22,10,0.0,20,whole,WA,house,0
0.0,63000.0,10.0,18.1,0.09922118452400303,0,18,10,0.0,20,whole,MA,debt_consolidation,0
0.0,63000.0,2.0,2.76,0.039214979220568484,0,17,10,0.0,20,whole,MI,house,0
0.0,47710.44,6.0,12.91,0.08258019525801953,0,41,10,0.0,20,whole,MD,debt_consolidation,0
0.0,90000.0,10.0,14.89,0.3054032791798304,0,14,10,0.0,20,whole,IN,credit_card,0
0.0,70000.0,10.0,9.48,0.35227848101265824,0,15,10,0.0,20,whole,MA,debt_consolidation,0
0.0,54000.0,6.0,13.2,0.4151669595782074,0,14,10,0.0,20,whole,TX,home_improvement,0
0.0,66000.0,10.0,39.57,0.8564473308716068,0,14,10,0.0,20,whole,TX,debt_consolidation,0
0.0,47996.0,10.0,15.33,0.7575521754510082,0,32,10,0.0,20,whole,NC,debt_consolidation,0
0.0,62000.0,1.0,11.47,0.6778547854785478,1,10,10,0.0,20,fractional,MA,debt_consolidation,0
0.0,53769.12,6.0,17.65,0.6013634897968585,0,27,10,0.0,20,whole,NY,debt_consolidation,0
0.0,60000.0,7.0,20.82,0.5209086082080371,1,13,10,0.0,20,whole,NV,other,0
0.0,39000.0,3.0,19.14,0.2830872830872831,0,14,10,0.0,20,whole,FL,home_improvement,0
0.0,151000.0,10.0,21.01,0.09121378455684001,0,18,10,0.0,20,whole,WA,debt_consolidation,0
0.0,45360.0,4.0,27.03,0.09775972056925805,0,21,10,0.0,20,whole,SC,debt_consolidation,0
0.0,180000.0,7.0,8.19,0.09138041930922282,0,13,10,0.0,20,whole,MN,debt_consolidation,0
0.0,160000.0,2.0,12.71,0.1171800385786505,1,29,10,0.0,20,whole,CA,house,0
0.0,59000.0,2.0,6.85,0.5808,0,11,10,0.0,20,fractional,SC,credit_card,0
0.0,65000.0,10.0,14.27,0.14320618453404038,1,11,10,0.0,20,fractional,CA,other,0
0.0,96000.0,10.0,13.38,0.6496315966637992,0,16,10,0.0,20,whole,CA,other,0
0.0,72000.0,10.0,24.27,0.30554777979683917,0,14,10,0.0,20,whole,OK,debt_consolidation,0
0.0,165000.0,10.0,31.72,0.2891621117342253,0,19,10,0.0,20,whole,MD,other,0
0.0,50000.0,2.0,9.63,0.6744421147221806,1,11,10,0.0,20,whole,OK,debt_consolidation,0
0.0,116162.0,10.0,6.57,0.3148385090939529,0,29,10,0.0,20,fractional,PA,major_purchase,0
0.0,25000.0,6.0,15.68,0.18989795918367347,0,27,10,0.0,20,whole,TX,credit_card,0
0.0,65000.0,1.0,21.44,0.4865107032354712,0,15,10,0.0,20,whole,CO,debt_consolidation,0
0.0,130000.0,10.0,17.04,0.11497527330519916,3,12,10,0.0,20,whole,TX,credit_card,0
0.0,36536.0,6.0,21.35,0.08533873285941809,1,24,10,0.0,20,whole,GA,credit_card,0
0.0,171000.0,3.0,13.93,0.2887570518653321,0,17,10,0.0,20,whole,WV,debt_consolidation,0
0.0,205000.0,1.0,12.62,0.7414224137931035,0,20,10,0.0,20,whole,CO,debt_consolidation,0
0.0,39579.0,2.0,32.9,0.8520756744053315,0,17,10,0.0,20,fractional,FL,credit_card,0
0.0,86000.0,10.0,10.75,0.11126012601260125,0,12,10,0.0,20,whole,TX,debt_consolidation,0
0.0,125000.0,10.0,13.01,0.2201255903725907,0,14,10,0.0,20,whole,FL,debt_consolidation,0
0.0,115000.0,10.0,11.02,0.9839791045398619,1,17,10,0.0,20,fractional,CA,debt_consolidation,0
0.0,72000.0,10.0,27.07,0.8777303901792404,0,23,10,0.0,20,whole,NV,credit_card,1
0.0,55000.0,10.0,27.33,0.6601479959693289,0,12,10,0.0,20,whole,PA,debt_consolidation,0
0.0,95000.0,0.0,4.35,0.3805381114247854,0,17,10,0.0,20,fractional,CA,major_purchase,0
0.0,54000.0,7.0,9.78,0.7114159635161832,0,8,10,0.0,20,whole,CA,vacation,0
0.0,78000.0,3.0,19.65,0.3882798641855803,0,11,10,0.0,20,whole,OH,debt_consolidation,0
0.0,230000.0,10.0,12.71,0.11810405680355437,0,32,10,0.0,20,whole,CA,other,0
0.0,20000.0,10.0,25.01,0.114400666252214,0,19,10,0.0,20,whole,MI,home_improvement,0
0.0,67000.0,6.0,22.99,0.4062415458937198,0,47,10,0.0,20,whole,NY,debt_consolidation,0
0.0,70000.0,4.0,3.46,0.45859154929577467,0,8,10,0.0,20,whole,NY,debt_consolidation,0
0.0,69000.0,10.0,13.32,0.11863998252525176,0,14,10,0.0,20,whole,OH,other,0
0.0,37000.0,3.0,28.38,0.4041497623739423,0,12,10,0.0,20,whole,NV,debt_consolidation,0
0.0,110000.0,2.0,19.57,0.6344299507573264,0,18,10,0.0,20,whole,KS,house,0
0.0,110000.0,10.0,18.56,0.5032027818448024,0,24,10,0.0,20,whole,FL,debt_consolidation,0
0.0,146000.0,10.0,9.3,0.26878065402705936,0,28,10,0.0,20,whole,AL,debt_consolidation,0
0.0,170000.0,2.0,12.53,0.34914180445722504,1,4,10,0.0,20,whole,FL,debt_consolidation,0
0.0,140000.0,10.0,18.13,0.22705487396539575,0,24,10,0.0,20,whole,CA,credit_card,0
0.0,54000.0,10.0,23.96,0.6179865450944234,0,15,10,0.0,20,whole,CA,debt_consolidation,0
0.0,124000.0,6.0,0.24,0.3008,0,29,10,0.0,20,fractional,CA,other,0
0.0,105000.0,7.0,13.91,0.1393167769427589,0,21,10,0.0,20,whole,FL,debt_consolidation,0
0.0,60000.0,10.0,20.06,0.12031214586953334,0,12,10,0.0,20,whole,MD,debt_consolidation,0
0.0,84000.0,4.0,16.63,0.19408878064047572,0,12,10,0.0,20,whole,AZ,debt_consolidation,0
0.0,106000.0,10.0,8.23,0.044468294470055826,0,12,10,0.0,20,whole,MD,debt_consolidation,0
0.0,104300.0,0.0,15.74,0.9175205192854461,0,12,10,0.0,20,whole,MN,credit_card,0
0.0,115000.0,7.0,17.33,0.711847269112783,0,22,10,0.0,20,whole,VA,debt_consolidation,0
0.0,70000.0,5.0,22.33,0.31245999026963356,0,8,10,0.0,20,whole,FL,credit_card,0
0.0,64000.0,7.0,26.98,0.14808965297016458,0,17,10,0.0,20,whole,VA,credit_card,0
0.0,42000.0,0.0,19.83,0.6294308208083776,0,8,10,0.0,20,fractional,IL,house,0
0.0,90000.0,0.0,15.84,0.671849593495935,0,24,10,0.0,20,fractional,VA,major_purchase,0
0.0,78000.0,5.0,5.88,0.06538314407139376,0,29,10,0.0,20,whole,MI,debt_consolidation,0
0.0,52000.0,2.0,8.33,0.8838469538562592,0,5,10,0.0,20,whole,NC,other,0
0.0,54000.0,10.0,25.44,0.6078546450492749,0,12,10,0.0,20,whole,NY,debt_consolidation,0
0.0,82000.0,3.0,13.65,0.4606635071090047,0,8,10,0.0,20,whole,VA,credit_card,0
0.0,40000.0,10.0,3.27,0.4578576633470974,1,19,10,0.0,20,whole,OR,debt_consolidation,0
0.0,150000.0,10.0,11.62,0.20828672632363907,0,19,10,0.0,20,whole,CA,debt_consolidation,1
0.0,130000.0,10.0,31.18,0.29784184834564265,0,17,10,0.0,20,whole,WI,debt_consolidation,0
0.0,89179.0,3.0,35.8,0.26868858946393065,0,37,10,0.0,20,whole,CA,debt_consolidation,0
0.0,233000.0,8.0,3.94,0.04843141321982946,0,14,10,0.0,20,fractional,TX,home_improvement,0
0.0,200000.0,2.0,9.95,0.06947762840249923,0,17,10,0.0,20,whole,NY,debt_consolidation,0
0.0,115000.0,10.0,25.37,0.5403120127789415,0,23,10,0.0,20,whole,NY,credit_card,0
0.0,70000.0,7.0,11.85,0.37342911108136645,0,12,10,0.0,20,whole,IL,debt_consolidation,0
0.0,95000.0,4.0,23.14,0.4376622096652321,0,19,10,0.0,20,whole,TX,debt_consolidation,0
0.0,200000.0,10.0,22.26,0.6250573514888058,0,20,10,0.0,20,fractional,NJ,credit_card,0
0.0,180000.0,4.0,26.98,0.30782919443643036,0,30,10,0.0,20,whole,TX,debt_consolidation,0
0.0,61000.0,6.0,21.85,0.147313752678684,0,11,10,0.0,20,whole,NJ,medical,0
0.0,70000.0,2.0,18.46,0.7933230753708002,1,14,10,0.0,20,whole,CA,debt_consolidation,0
0.0,64000.0,8.0,20.91,0.17077073008030935,0,17,10,0.0,20,fractional,AL,debt_consolidation,0
0.0,143000.0,10.0,13.75,0.033537682820798234,0,18,10,0.0,20,whole,NJ,medical,0
0.0,33000.0,7.0,15.67,0.5861572052401747,0,15,10,0.0,20,whole,NY,debt_consolidation,1
0.0,82000.0,10.0,25.13,0.20532855203386627,0,13,10,0.0,20,whole,CA,other,0
0.0,82000.0,10.0,36.67,0.33540129939915003,0,30,10,0.0,20,whole,TX,debt_consolidation,0
0.0,25000.0,3.0,21.84,0.45390088945362134,0,19,10,0.0,20,whole,WY,debt_consolidation,0
0.0,54000.0,1.0,14.24,0.15430114304925197,1,15,10,0.0,20,whole,MA,credit_card,0
0.0,26000.0,5.0,11.22,0.2900325732899023,0,8,10,0.0,20,whole,FL,credit_card,0
0.0,56000.0,3.0,25.78,0.4307974156832555,0,11,10,0.0,20,whole,PA,debt_consolidation,0
0.0,100000.0,10.0,32.32,0.22537928683227695,0,30,10,0.0,20,fractional,TX,debt_consolidation,0
0.0,148746.0,6.0,21.79,0.04993288590604027,1,28,10,0.0,20,whole,NM,debt_consolidation,0
0.0,59000.0,5.0,1.02,1.0413486318346712,0,13,10,0.0,20,whole,LA,other,0
0.0,250000.0,10.0,9.61,0.13644517159133468,0,28,10,0.0,20,fractional,NH,vacation,0
0.0,58000.0,5.0,27.91,0.8073808132253486,4,22,10,0.0,20,fractional,CO,debt_consolidation,0
0.0,133000.0,10.0,11.96,0.19151938407917496,0,24,10,0.0,20,whole,SC,debt_consolidation,0
0.0,44500.0,2.0,19.69,0.3931925653487456,0,11,10,0.0,20,whole,FL,debt_consolidation,0
0.0,122400.0,1.0,12.02,0.6176060688783207,0,7,10,0.0,20,whole,FL,moving,0
0.0,271000.0,3.0,10.16,0.10525471251942436,0,17,10,0.0,20,whole,NY,credit_card,0
0.0,94000.0,10.0,22.66,0.2724249528566332,1,24,10,0.0,20,whole,NV,credit_card,0
0.0,23000.0,2.0,19.47,0.5669412186013199,0,10,10,0.0,20,whole,FL,major_purchase,0
0.0,68450.0,6.0,8.24,0.7161969318587228,0,11,10,0.0,20,whole,NY,major_purchase,0
0.0,66000.0,0.0,6.53,0.3501101928374656,0,9,10,0.0,20,whole,NY,debt_consolidation,0
0.0,70000.0,10.0,27.93,0.6580036297640653,0,33,10,0.0,20,whole,MA,credit_card,0
0.0,120000.0,10.0,25.29,0.2215949471254295,0,19,10,0.0,20,whole,OH,credit_card,0
0.0,26592.0,6.0,17.51,0.44268456375838927,0,11,10,0.0,20,whole,TN,debt_consolidation,0
0.0,65000.0,3.0,19.63,0.7963920222673335,0,13,10,0.0,20,whole,FL,debt_consolidation,0
0.0,58000.0,10.0,8.36,0.5304640111269946,0,18,10,0.0,20,whole,NY,credit_card,0
0.0,235000.0,5.0,8.09,1.193606214520466,0,19,10,0.0,20,whole,GA,debt_consolidation,0
0.0,165000.0,4.0,15.4,0.2505263602479225,0,25,10,0.0,20,whole,NY,credit_card,0
0.0,35000.0,8.0,8.78,0.3690400174019212,0,11,10,0.0,20,whole,SC,credit_card,0
0.0,60000.0,2.0,21.28,0.43353344768439106,0,8,10,0.0,20,whole,FL,credit_card,0
0.0,67000.0,3.0,16.67,0.08080862606442558,0,6,10,0.0,20,fractional,AZ,other,0
0.0,25000.0,3.0,20.02,0.08881195335276967,0,23,10,0.0,20,whole,OH,credit_card,0
0.0,78480.0,10.0,21.85,0.9769645887759577,0,20,10,0.0,20,whole,NY,credit_card,0
0.0,62000.0,10.0,26.52,0.26273740589971295,3,24,10,0.0,20,whole,UT,home_improvement,0
0.0,43492.8,4.0,6.18,0.219376026272578,0,4,10,0.0,20,fractional,MA,debt_consolidation,0
0.0,70000.0,4.0,23.29,0.586660526517768,0,13,10,0.0,20,whole,IL,other,0
0.0,80000.0,10.0,30.11,0.41851295133853433,0,28,10,0.0,20,whole,MS,credit_card,0
0.0,62000.0,4.0,19.38,0.5755181391330052,0,17,10,0.0,20,whole,VA,debt_consolidation,0
0.0,143559.0,6.0,4.98,0.02812992701771408,0,20,10,0.0,20,whole,CA,debt_consolidation,0
0.0,55000.0,10.0,15.69,0.24833460076045627,0,18,10,0.0,20,whole,WI,debt_consolidation,0
0.0,48000.0,10.0,17.95,0.5021639344262295,0,4,10,0.0,20,whole,TN,credit_card,0
0.0,152000.0,3.0,23.94,0.3038057395143488,0,19,10,0.0,20,whole,AZ,small_business,0
0.0,23000.0,1.0,15.08,0.14072586429493616,0,27,10,0.0,20,whole,WI,debt_consolidation,0
0.0,145000.0,2.0,17.25,0.40266045548654245,0,22,10,0.0,20,whole,CA,debt_consolidation,0
0.0,84000.0,5.0,6.11,0.0787491391184573,0,9,10,0.0,20,whole,AZ,other,0
0.0,44900.0,4.0,3.05,0.04935521822065358,0,21,10,0.0,20,whole,TX,home_improvement,0
0.0,90000.0,10.0,12.33,0.671862041353276,0,13,10,0.0,20,whole,WV,debt_consolidation,0
0.0,150000.0,0.0,10.49,0.06624104316887831,4,14,10,0.0,20,whole,NY,debt_consolidation,0
0.0,63093.0,6.0,5.86,0.0,0,11,10,0.0,20,whole,MS,debt_consolidation,0
0.0,59000.0,8.0,29.29,0.21316360433059092,0,10,10,0.0,20,fractional,IL,debt_consolidation,0
0.0,55000.0,1.0,34.43,0.6824614267562171,0,27,10,0.0,20,whole,TX,car,0
0.0,52000.0,2.0,13.96,0.6921744648783003,0,11,10,0.0,20,whole,CA,credit_card,0
0.0,45000.0,3.0,13.33,0.5052407572100114,0,4,10,0.0,20,whole,NJ,credit_card,0
0.0,29000.0,3.0,27.61,0.7170883667839817,0,21,10,0.0,20,whole,FL,moving,0
0.0,40000.0,7.0,16.13,0.09977890668511924,0,21,10,0.0,20,whole,FL,debt_consolidation,0
0.0,80000.0,5.0,23.73,0.5412651800189655,0,6,10,0.0,20,whole,MI,car,0
0.0,46000.0,1.0,26.22,0.7988377743581436,0,10,10,0.0,20,whole,WI,credit_card,0
0.0,40000.0,2.0,16.23,0.779407114624506,0,11,10,0.0,20,whole,SC,credit_card,0
0.0,90000.0,8.0,11.13,0.60135679874152,0,14,10,0.0,20,fractional,IL,credit_card,0
0.0,80000.0,10.0,29.21,0.2698532275807163,0,15,10,0.0,20,whole,WI,car,0
0.0,66000.0,0.0,19.31,0.39540054193010493,0,14,10,0.0,20,whole,NY,debt_consolidation,0
0.0,80000.0,1.0,11.3,0.646474838291202,0,16,10,0.0,20,fractional,NY,debt_consolidation,0
0.0,35000.0,3.0,18.96,0.18014442019539204,0,6,10,0.0,20,whole,KY,credit_card,0
0.0,60000.0,10.0,32.2,0.5773847340715194,0,19,10,0.0,20,fractional,IL,debt_consolidation,0
0.0,70000.0,1.0,16.48,0.2984794640256336,0,16,10,0.0,20,whole,CA,debt_consolidation,0
0.0,110000.0,4.0,30.63,0.3064723876992433,0,21,10,0.0,20,whole,TX,major_purchase,0
0.0,79000.0,6.0,18.36,0.16906490478793126,0,14,10,0.0,20,fractional,FL,credit_card,0
0.0,65000.0,10.0,24.0,0.18112348233542439,0,17,10,0.0,20,whole,IL,debt_consolidation,0
0.0,22772.25,2.0,18.92,0.33160382035096997,0,20,10,0.0,20,whole,TX,debt_consolidation,0
0.0,26000.0,2.0,21.05,0.7093740363860623,0,4,10,0.0,20,whole,CA,debt_consolidation,0
0.0,112798.0,2.0,32.46,0.6158960667947694,0,13,10,0.0,20,whole,NC,debt_consolidation,0
0.0,88141.0,10.0,14.31,0.10212254570074475,0,17,10,0.0,20,whole,MD,house,0
0.0,76000.0,5.0,17.09,0.321335652173913,2,19,10,0.0,20,whole,MO,other,0
0.0,92000.0,5.0,10.42,0.5853688264833504,0,11,10,0.0,20,fractional,NY,other,0
0.0,56000.0,6.0,18.12,0.2749812734082397,3,11,10,0.0,20,whole,FL,debt_consolidation,0
0.0,195000.0,6.0,27.57,0.22936071607069836,0,14,10,0.0,20,fractional,CT,debt_consolidation,0
0.0,93000.0,0.0,10.77,0.03327082649664807,0,10,10,0.0,20,whole,ID,debt_consolidation,0
0.0,156000.0,8.0,6.45,0.15914634146341464,0,13,10,0.0,20,whole,TX,credit_card,0
0.0,114300.0,3.0,26.04,0.5449800931709652,1,12,10,0.0,20,fractional,AZ,other,0
0.0,50000.0,4.0,14.07,0.1160321504324692,0,23,10,0.0,20,fractional,CT,credit_card,0
0.0,80000.0,4.0,17.64,0.5313414922441854,0,12,10,0.0,20,whole,KY,debt_consolidation,0
0.0,38248.0,10.0,12.39,0.14280927835051546,0,27,10,0.0,20,whole,OH,debt_consolidation,0
0.0,150000.0,1.0,4.9,0.9945365853658537,0,12,10,0.0,20,whole,VA,debt_consolidation,0
0.0,50000.0,4.0,31.47,0.5612846913540337,2,13,10,0.0,20,whole,CT,debt_consolidation,0
0.0,55200.0,10.0,27.61,0.24306015382264554,0,31,10,0.0,20,whole,CA,credit_card,0
0.0,134400.0,10.0,28.02,0.31655135938269074,0,22,10,0.0,20,whole,AZ,other,0
0.0,55000.0,10.0,11.3,0.0868131777102196,0,18,10,0.0,20,whole,KY,debt_consolidation,0
0.0,185000.0,6.0,8.09,0.06223036269752905,0,19,10,0.0,20,whole,NY,debt_consolidation,1
0.0,93000.0,1.0,17.57,0.6858238181006989,0,13,10,0.0,20,whole,NY,credit_card,0
0.0,41000.0,4.0,4.98,0.833203125,1,11,10,0.0,20,whole,OH,major_purchase,0
0.0,48000.0,2.0,17.25,0.580034797738147,0,16,10,0.0,20,fractional,WI,credit_card,0
0.0,71000.0,9.0,22.33,0.2573100469429402,0,12,10,0.0,20,whole,MO,credit_card,0
0.0,80000.0,10.0,21.05,0.14620612376035477,0,17,10,0.0,20,whole,WI,debt_consolidation,0
0.0,80000.0,4.0,11.57,0.5514191249087552,0,11,10,0.0,20,whole,NY,debt_consolidation,0
0.0,34000.0,0.0,3.42,0.6246521981079577,0,5,10,0.0,20,whole,CA,house,0
0.0,55000.0,10.0,20.55,0.0723701718061388,1,17,10,0.0,20,whole,IN,home_improvement,0
0.0,29881.32,6.0,31.45,0.30347150259067357,0,18,10,0.0,20,whole,CA,debt_consolidation,0
0.0,60000.0,2.0,13.05,0.6749152231692787,0,9,10,0.0,20,whole,NJ,credit_card,0
0.0,165000.0,6.0,20.15,0.09692954545454545,0,33,10,0.0,20,whole,NC,home_improvement,0
0.0,106000.0,3.0,13.89,0.6337301669176966,0,14,10,0.0,20,whole,FL,other,0
0.0,43640.0,6.0,12.65,0.13466666666666666,0,23,10,0.0,20,whole,VA,debt_consolidation,0
0.0,102000.0,10.0,14.06,0.17403078551581175,0,13,10,0.0,20,whole,CO,credit_card,0
0.0,65000.0,3.0,21.66,0.5306634547826959,1,13,10,0.0,20,whole,CA,home_improvement,0
0.0,37000.0,10.0,23.65,0.37245466655792075,0,10,10,0.0,20,whole,PA,home_improvement,0
0.0,100000.0,5.0,24.65,0.3770058842457047,0,21,10,0.0,20,whole,PA,home_improvement,0
0.0,108000.0,10.0,24.04,0.42350114180419224,0,22,10,0.0,20,whole,WA,debt_consolidation,0
0.0,85208.71,10.0,5.67,0.19693815262342995,0,27,10,0.0,20,whole,AZ,home_improvement,0
0.0,155000.0,10.0,20.69,0.14440080683205817,1,14,10,0.0,20,whole,WA,debt_consolidation,0
0.0,175000.0,0.0,11.99,0.6526498452302786,0,28,10,0.0,20,whole,PA,debt_consolidation,0
0.0,102000.0,10.0,27.47,0.13396956815070513,0,11,10,0.0,20,whole,CA,home_improvement,0
0.0,75000.0,0.0,20.38,0.748011042518042,0,14,10,0.0,20,whole,FL,debt_consolidation,0
0.0,285000.0,2.0,9.81,0.2584833629112318,0,11,10,0.0,20,whole,TX,debt_consolidation,0
0.0,135000.0,10.0,37.54,0.34048183942071886,2,17,10,0.0,20,fractional,CT,debt_consolidation,0
0.0,55000.0,2.0,17.43,0.7684535684406976,1,18,10,0.0,20,whole,AR,debt_consolidation,0
0.0,165000.0,10.0,23.2,0.20544753404346072,0,14,10,0.0,20,whole,TX,debt_consolidation,0
0.0,70000.0,10.0,11.96,0.14105622700998424,0,18,10,0.0,20,whole,CA,credit_card,0
0.0,142000.0,10.0,26.04,0.16031455203839423,0,13,10,0.0,20,fractional,IN,credit_card,0
0.0,62000.0,10.0,10.36,0.07333305831717614,0,11,10,0.0,20,whole,SC,other,0
0.0,52000.0,0.0,13.43,0.697056277056277,0,15,10,0.0,20,whole,FL,debt_consolidation,0
0.0,84000.0,6.0,22.03,0.8001459854014599,0,42,10,0.0,20,fractional,MI,credit_card,0
0.0,75000.0,7.0,35.2,0.6868137409815563,1,14,10,0.0,20,whole,CA,debt_consolidation,0
0.0,62000.0,2.0,15.33,0.686882338592177,0,13,10,0.0,20,whole,FL,debt_consolidation,0
0.0,87000.0,9.0,15.17,0.4871804394924172,0,13,10,0.0,20,whole,MD,debt_consolidation,0
0.0,175000.0,0.0,13.67,0.4186988200757918,0,36,10,0.0,20,whole,SC,debt_consolidation,0
0.0,145000.0,10.0,32.99,0.3689602513805305,0,21,10,0.0,20,whole,FL,debt_consolidation,0
0.0,50000.0,10.0,5.42,0.17605882352941177,0,13,10,0.0,20,whole,OR,debt_consolidation,0
0.0,90000.0,3.0,12.86,0.5188653389365978,0,5,10,0.0,20,whole,TX,debt_consolidation,0
0.0,45782.0,2.0,27.03,0.40107348975364454,0,23,10,0.0,20,fractional,NY,debt_consolidation,0
0.0,150000.0,10.0,15.45,0.062075339728217424,3,40,10,0.0,20,fractional,CA,debt_consolidation,0
0.0,24000.0,3.0,9.4,0.6440116279069767,0,5,10,0.0,20,fractional,CA,car,0
0.0,140000.0,4.0,23.31,0.07766163185028133,0,42,10,0.0,20,whole,AZ,credit_card,0
0.0,40000.0,2.0,14.93,0.5023594699686662,0,5,10,0.0,20,whole,CT,debt_consolidation,0
0.0,79000.0,10.0,17.35,0.15298248005999046,0,12,10,0.0,20,whole,WA,debt_consolidation,0
0.0,206000.0,8.0,5.43,0.09550689872233281,0,30,10,0.0,20,whole,NY,debt_consolidation,0
0.0,28000.0,6.0,32.88,0.39290909090909093,0,39,10,0.0,20,whole,TX,medical,0
0.0,90000.0,10.0,8.8,0.12841259047181783,2,13,10,0.0,20,whole,FL,other,0
0.0,50000.0,2.0,7.49,0.045794486215538846,0,32,10,0.0,20,whole,FL,moving,0
0.0,42000.0,1.0,21.86,0.4223380726698262,0,7,10,0.0,20,whole,NY,debt_consolidation,0
0.0,70000.0,9.0,22.82,0.6953094437055004,0,11,10,0.0,20,whole,CA,debt_consolidation,0
0.0,86000.0,3.0,14.34,0.20562530894710826,0,26,10,0.0,20,fractional,TX,debt_consolidation,0
0.0,37500.0,10.0,24.48,0.6394574599260172,0,15,10,0.0,20,fractional,NC,credit_card,0
0.0,65000.0,5.0,16.12,0.5929519404785843,0,16,10,0.0,20,whole,PA,debt_consolidation,0
0.0,100000.0,7.0,29.84,0.008037665382017561,1,16,10,0.0,20,whole,FL,debt_consolidation,0
0.0,65000.0,7.0,24.97,0.5769693367859519,0,19,10,0.0,20,whole,NY,other,0
0.0,100000.0,0.0,15.72,0.08862508314997697,0,16,10,0.0,20,whole,CA,debt_consolidation,0
0.0,72000.0,10.0,16.7,0.7710287047174751,0,14,10,0.0,20,whole,IL,other,0
0.0,320000.0,9.0,3.69,0.26121715855462424,0,7,10,0.0,20,whole,CA,debt_consolidation,0
0.0,75312.0,6.0,6.92,0.10223351809482545,0,15,10,0.0,20,whole,WV,debt_consolidation,0
0.0,317000.0,2.0,13.69,0.6011787819253438,0,6,10,0.0,20,fractional,NV,other,0
0.0,60100.0,4.0,20.51,0.3786126212772518,0,17,10,0.0,20,whole,IN,other,0
0.0,35000.0,2.0,14.09,0.1063677091808276,0,19,10,0.0,20,whole,CO,medical,0
0.0,60000.0,4.0,31.66,0.3013700627793535,0,7,10,0.0,20,whole,NM,debt_consolidation,0
0.0,182000.0,4.0,15.42,0.7746686085625781,0,21,10,0.0,20,whole,TX,credit_card,0
0.0,50000.0,10.0,25.97,0.18582593668996936,0,12,10,0.0,20,whole,WI,home_improvement,0
0.0,90000.0,10.0,10.03,0.08487841464186745,0,10,10,0.0,20,whole,TX,debt_consolidation,0
0.0,47800.0,7.0,34.18,0.20014257398198698,0,29,10,0.0,20,whole,NY,credit_card,0
0.0,150000.0,10.0,8.63,0.20620461888808078,0,21,10,0.0,20,whole,NJ,debt_consolidation,0
0.0,42655.99,8.0,11.62,0.5469820915321689,1,12,10,0.0,20,whole,CA,credit_card,0
0.0,30000.0,6.0,26.16,0.412219203929925,0,29,10,0.0,20,whole,WA,debt_consolidation,0
0.0,78000.0,10.0,15.54,0.3542391408713892,0,15,10,0.0,20,whole,IL,credit_card,0
0.0,42000.0,0.0,27.97,0.46658664182313314,0,19,10,0.0,20,whole,WI,debt_consolidation,0
0.0,77000.0,9.0,15.4,0.09735883805617178,0,7,10,0.0,20,fractional,TX,credit_card,0
0.0,13728.0,1.0,14.16,0.5276699029126214,0,12,10,0.0,20,whole,IN,credit_card,0
0.0,65000.0,10.0,21.15,0.8918375355636221,0,15,10,0.0,20,fractional,MA,debt_consolidation,0
0.0,55000.0,0.0,19.73,0.9423276935472057,0,13,10,0.0,20,whole,CO,credit_card,0
0.0,51600.0,6.0,19.93,0.6885708155821866,0,18,10,0.0,20,whole,KY,debt_consolidation,0
0.0,107000.0,6.0,18.37,0.0028527131782945738,0,23,10,0.0,20,whole,IL,other,0
0.0,80400.0,9.0,6.71,0.03984667312069913,0,8,10,0.0,20,whole,HI,debt_consolidation,0
0.0,156000.0,10.0,20.25,0.8263752849293685,0,14,10,0.0,20,whole,IL,credit_card,0
0.0,150000.0,2.0,12.83,0.7214801408533826,0,30,10,0.0,20,whole,FL,car,0
0.0,65000.0,2.0,19.17,0.4658893921601521,0,5,10,0.0,20,whole,NJ,other,0
0.0,95000.0,4.0,17.68,0.5397611464968153,0,16,10,0.0,20,whole,TX,debt_consolidation,0
0.0,109000.0,10.0,19.43,0.36576277538346225,0,35,10,0.0,20,whole,TX,major_purchase,0
0.0,37000.0,1.0,13.17,0.636221198156682,0,5,10,0.0,20,whole,CA,debt_consolidation,0
0.0,107000.0,10.0,10.98,0.7060246794096298,0,20,10,0.0,20,whole,PA,other,0
0.0,33477.0,1.0,35.68,0.4823513215859031,0,15,10,0.0,20,whole,MT,debt_consolidation,0
0.0,65000.0,10.0,20.33,0.1488875561437018,0,15,10,0.0,20,whole,FL,credit_card,0
0.0,91000.0,10.0,14.52,0.5667785234899329,0,15,10,0.0,20,whole,CA,credit_card,0
0.0,12696.0,6.0,2.36,0.648,0,11,10,0.0,20,fractional,NY,other,0
0.0,40000.0,3.0,3.31,0.2986046511627907,0,12,10,0.0,20,whole,CA,other,0
0.0,135000.0,4.0,21.78,0.8617140545340469,1,18,10,0.0,20,whole,NY,debt_consolidation,0
0.0,73000.0,10.0,25.4,0.7528251300212797,0,40,10,0.0,20,fractional,PA,debt_consolidation,0
0.0,70000.0,1.0,12.62,0.7887660750345414,0,20,10,0.0,20,fractional,MA,credit_card,0
0.0,25500.0,2.0,10.24,0.14085201793721974,2,27,10,0.0,20,whole,TN,debt_consolidation,0
0.0,30000.0,3.0,26.24,0.6015876735602554,0,24,10,0.0,20,whole,OH,credit_card,0
0.0,40000.0,1.0,24.66,0.685028328611898,1,23,10,0.0,20,whole,NJ,debt_consolidation,1
0.0,40000.0,9.0,11.4,0.4895692083029102,0,8,10,0.0,20,fractional,MD,debt_consolidation,0
0.0,120000.0,6.0,16.81,0.10553741213508354,0,16,10,0.0,20,whole,CO,debt_consolidation,0
0.0,69996.0,6.0,11.34,0.10697278851797054,0,20,10,0.0,20,whole,GA,car,0
0.0,87050.0,10.0,16.61,0.37918405816615053,0,12,10,0.0,20,fractional,IL,debt_consolidation,0
0.0,85000.0,3.0,13.44,0.4847868185249614,0,18,10,0.0,20,fractional,TX,credit_card,0
0.0,74000.0,10.0,28.17,0.17453712164878885,1,21,10,0.0,20,whole,FL,debt_consolidation,0
0.0,50000.0,10.0,3.53,0.0242883295194508,1,20,10,0.0,20,fractional,AL,debt_consolidation,0
0.0,152000.0,5.0,9.72,0.631613824789786,0,17,10,0.0,20,whole,VA,debt_consolidation,0
0.0,82500.0,10.0,26.58,0.3982017386251558,2,14,10,0.0,20,whole,NY,debt_consolidation,0
0.0,118000.0,9.0,8.31,0.2177014304736838,0,21,10,0.0,20,fractional,FL,home_improvement,0
0.0,33250.0,8.0,24.66,0.5017169904714763,0,37,10,0.0,20,whole,TN,other,0
0.0,65000.0,3.0,13.96,0.6291844701976577,0,15,10,0.0,20,whole,NC,debt_consolidation,0
0.0,68000.0,9.0,21.43,0.19590714335651532,0,15,10,0.0,20,whole,MO,credit_card,0
0.0,145000.0,9.0,22.28,0.35195332932837814,0,18,10,0.0,20,whole,GA,home_improvement,0
0.0,74000.0,8.0,29.44,0.2543827844533073,0,15,10,0.0,20,whole,SC,debt_consolidation,0
0.0,160000.0,0.0,13.32,0.5297672383254496,0,22,10,0.0,20,whole,CA,small_business,0
0.0,83819.67,6.0,19.42,0.1324390498020421,0,19,10,0.0,20,whole,ID,other,0
0.0,58000.0,10.0,17.96,0.19587681228942452,0,33,10,0.0,20,fractional,FL,debt_consolidation,0
0.0,68000.0,10.0,19.56,0.15241571629319153,0,11,10,0.0,20,whole,NC,debt_consolidation,0
0.0,160000.0,1.0,6.59,0.6030866013441651,0,20,10,0.0,20,whole,CA,debt_consolidation,0
0.0,55000.0,10.0,31.02,0.3694761719532751,0,21,10,0.0,20,whole,FL,home_improvement,0
0.0,195000.0,10.0,6.67,0.468280265071925,3,19,10,0.0,20,fractional,NY,debt_consolidation,0
0.0,168000.0,10.0,11.32,0.2777580393550163,0,39,10,0.0,20,whole,MS,debt_consolidation,0
0.0,62000.0,10.0,20.42,0.0,1,10,10,0.0,20,whole,CA,debt_consolidation,0
0.0,58800.0,5.0,16.71,0.8120567375886525,0,21,10,0.0,20,whole,RI,other,0
0.0,65918.0,10.0,16.54,0.6864599156838315,0,14,10,0.0,20,whole,NY,debt_consolidation,0
0.0,70000.0,10.0,14.06,0.09172297497423179,0,17,10,0.0,20,whole,TN,credit_card,0
0.0,125000.0,1.0,22.99,0.6319101809114542,0,20,10,0.0,20,fractional,DC,debt_consolidation,0
0.0,113213.25,10.0,12.96,0.14679196013166848,0,11,10,0.0,20,whole,MN,home_improvement,0
0.0,50000.0,10.0,11.02,0.5764257028112449,0,14,10,0.0,20,whole,SC,vacation,0
0.0,190000.0,4.0,28.54,0.25858229497139096,0,18,10,0.0,20,whole,TX,debt_consolidation,0
0.0,76800.0,8.0,5.25,0.48545520934761444,0,4,10,0.0,20,fractional,VA,debt_consolidation,0
0.0,75000.0,2.0,22.98,0.07090979939249682,0,17,10,0.0,20,fractional,NV,credit_card,0
0.0,60000.0,7.0,26.32,0.6511304787166856,0,12,10,0.0,20,fractional,CA,debt_consolidation,0
0.0,166000.0,1.0,9.83,0.37257947427954013,0,14,10,0.0,20,whole,MA,credit_card,0
0.0,60000.0,1.0,20.1,0.520303860604768,0,7,10,0.0,20,whole,CA,debt_consolidation,0
0.0,80000.0,10.0,13.51,0.6288705478313854,0,24,10,0.0,20,whole,MD,other,0
0.0,66150.0,6.0,35.06,0.15985323640535182,1,12,10,0.0,20,whole,FL,debt_consolidation,0
0.0,160000.0,4.0,9.26,0.8073778284845028,3,15,10,0.0,20,whole,CA,debt_consolidation,0
0.0,13200.0,6.0,34.55,0.4047412546978896,0,13,10,0.0,20,whole,FL,debt_consolidation,0
0.0,31000.0,1.0,19.47,0.5476057423643896,0,6,10,0.0,20,whole,LA,small_business,0
0.0,300000.0,6.0,14.61,0.20521012501913294,0,15,10,0.0,20,whole,CA,debt_consolidation,0
0.0,125000.0,10.0,21.17,0.1575876726886291,0,27,10,0.0,20,whole,OK,debt_consolidation,0
0.0,233000.0,10.0,19.4,0.23705715079857176,0,29,10,0.0,20,whole,OK,debt_consolidation,0
0.0,74000.0,10.0,21.29,0.5714105433191432,1,38,10,0.0,20,whole,CA,credit_card,0
0.0,100500.0,10.0,20.68,0.49903215901961046,0,18,10,0.0,20,whole,KS,credit_card,0
0.0,57000.0,3.0,16.48,0.16024839791282264,0,8,10,0.0,20,fractional,TX,debt_consolidation,0
0.0,38000.0,2.0,34.59,0.7769916288387697,0,9,10,0.0,20,whole,NY,debt_consolidation,0
0.0,85000.0,6.0,16.24,0.11578378378378379,1,23,10,0.0,20,whole,WA,debt_consolidation,0
0.0,82416.0,3.0,19.06,0.4357674477277744,0,12,10,0.0,20,fractional,CO,home_improvement,0
0.0,82000.0,2.0,14.25,0.486268755053757,0,10,10,0.0,20,whole,UT,debt_consolidation,0
0.0,160000.0,2.0,21.92,0.9096522436772533,1,23,10,0.0,20,whole,TX,credit_card,0
0.0,130000.0,5.0,4.94,0.03019603730418604,1,22,10,0.0,20,whole,CA,debt_consolidation,0
0.0,38000.0,1.0,15.13,0.8535683029676188,0,17,10,0.0,20,whole,IL,credit_card,0
0.0,80000.0,3.0,5.81,0.5265083632019116,0,12,10,0.0,20,fractional,NY,debt_consolidation,0
0.0,162000.0,7.0,22.72,0.5629836770534989,0,17,10,0.0,20,whole,MI,credit_card,0
0.0,102103.0,2.0,32.83,0.6068099572321527,0,11,10,0.0,20,whole,GA,credit_card,0
0.0,106000.0,10.0,5.34,0.6041532258064516,0,4,10,0.0,20,whole,MD,debt_consolidation,0
0.0,24576.0,6.0,22.9,0.029701587301587302,0,13,10,0.0,20,fractional,OH,debt_consolidation,0
0.0,62000.0,10.0,29.87,0.3633141386380491,0,13,10,0.0,20,whole,CA,debt_consolidation,0
0.0,152000.0,8.0,15.95,0.18206067238281176,0,14,10,0.0,20,fractional,NY,debt_consolidation,1
0.0,140000.0,4.0,9.01,0.6224446766771171,0,15,10,0.0,20,whole,VA,debt_consolidation,0
0.0,77000.0,10.0,19.95,0.18405169786014752,0,19,10,0.0,20,whole,TX,credit_card,0
0.0,101000.0,1.0,19.56,0.9506614054498634,0,9,10,0.0,20,whole,KS,credit_card,0
0.0,50000.0,10.0,31.28,0.4678207586180971,0,12,10,0.0,20,fractional,MA,debt_consolidation,0
0.0,68000.0,2.0,29.03,0.6527856704475712,1,8,10,0.0,20,whole,MA,credit_card,0
0.0,75000.0,10.0,12.0,0.31749242517603765,0,14,10,0.0,20,whole,WA,home_improvement,0
0.0,70000.0,2.0,21.79,0.8191032999417728,0,9,10,0.0,20,whole,NJ,debt_consolidation,0
0.0,70000.0,4.0,21.41,0.4097672880219747,1,14,10,0.0,20,whole,MD,debt_consolidation,0
0.0,51000.0,10.0,19.32,0.2401873480994598,0,10,10,0.0,20,fractional,AR,credit_card,0
0.0,62000.0,10.0,28.82,0.4820277367212805,0,10,10,0.0,20,fractional,MO,debt_consolidation,0
0.0,120000.0,10.0,14.24,0.3286989247311828,0,29,10,0.0,20,whole,CA,credit_card,0
0.0,58000.0,5.0,3.72,0.046873885675463654,0,9,10,0.0,20,fractional,SC,debt_consolidation,0
0.0,80000.0,5.0,9.81,1.0073562117220378,1,12,10,0.0,20,whole,NY,debt_consolidation,0
0.0,65000.0,0.0,9.45,0.6705960264900662,0,4,10,0.0,20,fractional,NC,other,0
0.0,68000.0,10.0,32.51,0.49479170038520054,0,16,10,0.0,20,whole,VA,other,0
0.0,160000.0,4.0,6.69,0.9498735196768144,0,21,10,0.0,20,whole,CA,credit_card,0
0.0,46000.0,9.0,7.8,0.5358352758352758,0,5,10,0.0,20,whole,NY,debt_consolidation,0
0.0,50000.0,1.0,25.71,0.3386977874222587,0,12,10,0.0,20,whole,OH,debt_consolidation,0
0.0,70000.0,10.0,22.35,0.24956782398649632,0,24,10,0.0,20,whole,NC,other,0
0.0,95000.0,10.0,18.47,0.1466891643411859,0,23,10,0.0,20,whole,SC,debt_consolidation,0
0.0,144000.0,3.0,5.57,0.2524303096632975,0,12,10,0.0,20,whole,IN,debt_consolidation,0
0.0,30000.0,2.0,29.52,0.5238900842599741,0,14,10,0.0,20,whole,NY,credit_card,0
0.0,312221.0,10.0,19.29,0.2790242853605883,0,28,10,0.0,20,whole,MD,debt_consolidation,0
0.0,110000.0,6.0,17.98,0.1644772784722392,0,18,10,0.0,20,whole,TX,debt_consolidation,0
0.0,100000.0,2.0,19.34,0.515683196764925,0,16,10,0.0,20,whole,NY,debt_consolidation,0
0.0,50000.0,10.0,18.1,0.3334190727284419,0,15,10,0.0,20,whole,LA,debt_consolidation,0
0.0,35000.0,1.0,1.71,0.778,0,9,10,0.0,20,fractional,KY,debt_consolidation,0
0.0,80000.0,10.0,5.81,0.06210158434296365,0,21,10,0.0,20,whole,VA,home_improvement,0
0.0,51000.0,6.0,8.25,0.0,0,12,10,0.0,20,whole,NY,small_business,0
0.0,85000.0,0.0,7.92,0.4696809595313572,0,16,10,0.0,20,whole,NY,debt_consolidation,0
0.0,64655.0,10.0,14.16,0.09952341946533622,0,16,10,0.0,20,whole,GA,debt_consolidation,0
0.0,75000.0,10.0,15.58,0.9595947788817456,0,12,10,0.0,20,whole,MA,debt_consolidation,0
0.0,32000.0,10.0,19.39,0.7262352941176471,0,19,10,0.0,20,whole,KY,debt_consolidation,0
0.0,60000.0,10.0,10.96,0.8044630948895611,0,11,10,0.0,20,whole,MI,credit_card,0
0.0,100000.0,10.0,16.54,0.7784142946933644,0,20,10,0.0,20,fractional,TX,debt_consolidation,0
0.0,226000.0,10.0,16.01,0.07639450534410033,0,15,10,0.0,20,fractional,MD,debt_consolidation,0
0.0,56000.0,10.0,17.55,0.8269958877556566,0,15,10,0.0,20,whole,VA,debt_consolidation,0
0.0,52000.0,0.0,28.25,0.6752679685312014,0,8,10,0.0,20,whole,CT,credit_card,0
0.0,300000.0,2.0,13.03,0.1861669882785205,1,27,10,0.0,20,whole,TX,credit_card,0
0.0,140000.0,10.0,15.02,0.2088851436014794,0,27,10,0.0,20,whole,OH,credit_card,0
0.0,24000.0,0.0,17.65,0.5782327586206897,0,12,10,0.0,20,fractional,UT,debt_consolidation,0
0.0,116365.0,10.0,12.6,0.07669055638774176,0,12,10,0.0,20,whole,MD,debt_consolidation,0
0.0,45000.0,0.0,17.89,0.5670935713987735,0,13,10,0.0,20,whole,PA,credit_card,0
0.0,16848.0,6.0,29.7,0.6558672110775785,0,12,10,0.0,20,fractional,PA,debt_consolidation,0
0.0,25000.0,3.0,8.69,0.3905806451612903,0,4,10,0.0,20,fractional,GA,credit_card,0
0.0,56912.0,5.0,17.36,0.4670132457944283,0,9,10,0.0,20,whole,MD,debt_consolidation,0
0.0,135000.0,7.0,4.18,0.24855287569573284,0,17,10,0.0,20,whole,NJ,debt_consolidation,0
0.0,54000.0,9.0,20.51,0.11043303869865558,0,16,10,0.0,20,fractional,CA,credit_card,0
0.0,115000.0,10.0,22.76,0.8327315094074582,0,16,10,0.0,20,fractional,CA,credit_card,0
0.0,60000.0,10.0,5.56,0.7749,0,18,10,0.0,20,whole,TX,other,0
0.0,42780.0,10.0,21.6,0.27136042402826854,0,18,10,0.0,20,whole,FL,debt_consolidation,0
0.0,110000.0,3.0,17.85,0.9265416870265095,1,13,10,0.0,20,whole,KS,credit_card,0
0.0,39000.0,2.0,5.23,0.02320939543891123,0,18,10,0.0,20,fractional,CA,debt_consolidation,0
0.0,49000.0,3.0,11.68,0.058636731973986764,0,12,10,0.0,20,whole,FL,home_improvement,0
0.0,63000.0,10.0,13.11,0.39431322401083196,0,15,10,0.0,20,whole,CT,debt_consolidation,0
0.0,35000.0,6.0,1.3,0.015147834400394956,0,15,10,0.0,20,whole,IN,debt_consolidation,0
0.0,80000.0,0.0,12.77,0.61447983014862,0,29,10,0.0,20,whole,NC,debt_consolidation,0
0.0,75000.0,10.0,25.79,0.1483526837592521,0,16,10,0.0,20,whole,FL,home_improvement,0
0.0,70000.0,3.0,13.65,0.680285636807376,0,12,10,0.0,20,fractional,GA,credit_card,0
0.0,60000.0,2.0,8.3,0.581312287574169,0,5,10,0.0,20,whole,FL,car,0
0.0,75000.0,3.0,3.06,0.011606147028661681,0,10,10,0.0,20,whole,CA,debt_consolidation,0
0.0,42000.0,7.0,2.03,0.6316279069767442,0,12,10,0.0,20,whole,WI,major_purchase,0
0.0,55000.0,10.0,3.93,0.7727906976744187,0,12,10,0.0,20,whole,VT,other,0
0.0,60000.0,10.0,29.4,0.5572408155851233,0,28,10,0.0,20,whole,CA,debt_consolidation,0
0.0,84000.0,10.0,15.23,0.3229506008010681,0,12,10,0.0,20,fractional,MI,debt_consolidation,0
0.0,212237.0,10.0,6.68,0.170985760060406,1,12,10,0.0,20,whole,GA,other,0
0.0,27000.0,6.0,17.56,0.7126436781609196,0,32,10,0.0,20,whole,LA,debt_consolidation,0
0.0,51000.0,3.0,22.54,0.12813511242150877,0,7,10,0.0,20,fractional,WA,debt_consolidation,0
0.0,22114.0,6.0,11.07,0.3429126213592233,0,27,10,0.0,20,whole,NV,credit_card,0
0.0,53000.0,10.0,19.9,0.6105210441750307,0,14,10,0.0,20,whole,KY,debt_consolidation,0
0.0,55000.0,2.0,11.5,0.14271792939464417,0,6,10,0.0,20,whole,FL,debt_consolidation,0
0.0,69000.0,6.0,22.43,0.6656214484260109,0,18,10,0.0,20,whole,FL,debt_consolidation,0
0.0,50000.0,10.0,31.35,0.5700563671919936,0,24,10,0.0,20,whole,ID,credit_card,0
0.0,75341.0,6.0,8.38,0.5161536991015102,0,9,10,0.0,20,whole,FL,credit_card,0
0.0,117000.0,0.0,9.97,0.20720058515563916,0,13,10,0.0,20,whole,TX,debt_consolidation,0
0.0,54000.0,3.0,23.82,0.4836464857341684,0,12,10,0.0,20,whole,WA,debt_consolidation,0
0.0,112000.0,6.0,15.87,0.10934209928347446,2,14,10,0.0,20,fractional,MI,vacation,0
0.0,88932.0,10.0,17.42,0.1814684589695288,0,7,10,0.0,20,whole,TX,credit_card,0
0.0,67000.0,1.0,30.54,0.22339410680088562,0,17,10,0.0,20,whole,FL,credit_card,0
0.0,50000.0,2.0,6.51,0.31162321278385197,1,13,10,0.0,20,whole,IL,credit_card,0
0.0,36000.0,5.0,20.98,0.2853977528971156,0,6,10,0.0,20,whole,MI,major_purchase,0
0.0,18000.0,6.0,19.27,0.18941935483870967,0,13,10,0.0,20,whole,PA,other,0
0.0,76000.0,0.0,9.54,0.06225575434626216,1,18,10,0.0,20,whole,CA,debt_consolidation,0
0.0,50000.0,10.0,14.11,0.05066913664343448,0,14,10,0.0,20,whole,WV,credit_card,0
0.0,58000.0,1.0,24.75,0.5275320970042796,0,11,10,0.0,20,whole,CA,credit_card,0
0.0,121000.0,10.0,29.62,0.2517866858899452,0,14,10,0.0,20,whole,VT,major_purchase,0
0.0,87500.0,9.0,20.88,0.20043056249974175,0,12,10,0.0,20,whole,MD,home_improvement,0
0.0,46000.0,4.0,9.91,0.4850732256853173,0,10,10,0.0,20,whole,IL,debt_consolidation,0
0.0,275000.0,10.0,9.72,0.14407026825380675,0,23,10,0.0,20,whole,CA,credit_card,0
0.0,64000.0,2.0,3.04,0.04000855132739923,0,21,10,0.0,20,whole,FL,house,0
0.0,111900.0,6.0,25.32,0.3400685533485674,0,12,10,0.0,20,whole,FL,credit_card,0
0.0,41000.0,6.0,28.63,0.7923882668288881,0,13,10,0.0,20,whole,VA,home_improvement,0
0.0,25092.0,6.0,28.23,0.14455324357405142,0,21,10,0.0,20,whole,VA,debt_consolidation,0
0.0,57500.0,10.0,11.15,0.5131165063368454,0,31,10,0.0,20,whole,NC,credit_card,0
0.0,45000.0,10.0,24.24,0.39834448081210566,0,10,10,0.0,20,whole,AL,debt_consolidation,0
0.0,55000.0,0.0,18.13,0.624189408780962,0,8,10,0.0,20,whole,MD,credit_card,0
0.0,65000.0,8.0,16.89,0.5012351989096175,0,28,10,0.0,20,whole,FL,debt_consolidation,0
0.0,41000.0,6.0,18.38,0.4618872644828395,0,29,10,0.0,20,fractional,VA,other,0
0.0,75000.0,6.0,10.19,0.701304347826087,0,14,10,0.0,20,whole,FL,credit_card,0
0.0,55000.0,10.0,8.79,0.04356451447399925,0,11,10,0.0,20,whole,OH,medical,0
0.0,150000.0,3.0,3.08,0.10323493824623885,0,24,10,0.0,20,fractional,CA,other,0
0.0,70000.0,0.0,24.3,0.07392454853398626,0,12,10,0.0,20,fractional,CA,debt_consolidation,0
0.0,155000.0,10.0,33.38,0.24714185405901734,0,31,10,0.0,20,whole,NC,debt_consolidation,0
0.0,83800.0,10.0,13.94,0.28676519483973933,0,16,10,0.0,20,whole,MA,house,0
0.0,102500.0,2.0,3.52,1.3730073244291254,0,18,10,0.0,20,whole,GA,debt_consolidation,0
0.0,106000.0,10.0,9.97,0.2950167700750173,0,11,10,0.0,20,whole,NY,debt_consolidation,0
0.0,110000.0,8.0,19.26,0.9259525767543859,1,13,10,0.0,20,whole,NY,debt_consolidation,0
0.0,260000.0,0.0,9.08,0.11878921921613003,1,12,10,0.0,20,whole,MD,major_purchase,0
0.0,90000.0,1.0,20.26,0.6369054683070269,0,9,10,0.0,20,fractional,CA,credit_card,0
0.0,14500.0,0.0,8.36,0.8594690265486725,0,4,10,0.0,20,whole,NY,debt_consolidation,0
0.0,73500.0,2.0,13.38,0.2175872052665191,0,17,10,0.0,20,whole,RI,other,0
0.0,95000.0,3.0,1.07,0.050144927536231884,0,4,10,0.0,20,whole,FL,major_purchase,0
0.0,79999.0,10.0,0.98,0.010149311582601662,0,35,10,0.0,20,whole,TX,house,0
0.0,85000.0,9.0,20.29,0.6018262380964038,0,24,10,0.0,20,whole,MA,debt_consolidation,0
0.0,85000.0,3.0,11.07,0.12589324301235214,0,14,10,0.0,20,fractional,MD,debt_consolidation,0
0.0,209000.0,1.0,34.17,1.0215623627350499,0,21,10,0.0,20,fractional,FL,debt_consolidation,0
0.0,793000.0,10.0,2.97,0.7178305539011316,0,5,10,0.0,20,whole,CA,other,0
0.0,98500.0,5.0,28.39,0.2758660744154927,0,13,10,0.0,20,whole,CA,debt_consolidation,0
0.0,57000.0,2.0,15.54,1.1378290792462915,0,15,10,0.0,20,whole,MD,credit_card,0
0.0,62000.0,1.0,26.81,0.651904028708946,0,15,10,0.0,20,whole,TX,debt_consolidation,0
0.0,130000.0,10.0,13.8,0.34933922010193197,0,26,10,0.0,20,whole,CA,debt_consolidation,0
0.0,75000.0,0.0,19.28,0.8397071454865229,0,9,10,0.0,20,whole,FL,car,0
0.0,80000.0,5.0,32.05,0.2313150874151917,0,13,10,0.0,20,fractional,IN,home_improvement,0
0.0,163000.0,10.0,6.46,0.26309860432764276,0,20,10,0.0,20,whole,PA,home_improvement,0
0.0,46000.0,5.0,28.16,0.3312751677852349,0,5,10,0.0,20,whole,MD,debt_consolidation,0
0.0,62500.0,4.0,30.41,0.5779246775311728,0,22,10,0.0,20,whole,TX,credit_card,0
0.0,30000.0,4.0,24.08,0.5186111111111111,0,6,10,0.0,20,whole,MO,credit_card,0
0.0,63000.0,4.0,10.02,0.6766349583828776,1,5,10,0.0,20,whole,MD,other,0
0.0,62000.0,0.0,23.98,0.5259877223359043,0,19,10,0.0,20,fractional,NY,debt_consolidation,0
0.0,75000.0,5.0,19.26,0.28496466505860946,0,15,10,0.0,20,whole,NJ,renewable_energy,0
0.0,65000.0,0.0,27.04,0.9092225698065114,2,15,10,0.0,20,whole,PA,other,0
0.0,60000.0,3.0,11.84,0.9039845532736528,0,12,10,0.0,20,whole,CA,debt_consolidation,0
0.0,65000.0,2.0,13.37,0.19287142321629389,0,13,10,0.0,20,whole,MD,vacation,0
0.0,50000.0,10.0,35.84,0.5274727935212871,0,33,10,0.0,20,whole,MD,medical,0
0.0,101000.0,5.0,26.77,0.13187277642053635,0,16,10,0.0,20,whole,CO,major_purchase,0
0.0,179666.2,10.0,14.95,0.7892825758957439,0,11,10,0.0,20,whole,AL,debt_consolidation,0
0.0,115000.0,2.0,18.14,0.6333349558783647,0,13,10,0.0,20,whole,NM,debt_consolidation,0
0.0,30000.0,0.0,5.48,0.776,0,4,10,0.0,20,whole,TX,credit_card,0
0.0,142000.0,5.0,23.78,0.4130730877940871,1,36,10,0.0,20,whole,OK,medical,0
0.0,187000.0,5.0,34.91,0.6427614042412855,0,27,10,0.0,20,whole,DC,credit_card,0
0.0,100000.0,10.0,7.48,0.7669460571340689,0,25,10,0.0,20,whole,NY,debt_consolidation,0
0.0,85000.0,2.0,28.7,0.6637413355294763,0,16,10,0.0,20,fractional,IL,debt_consolidation,0
0.0,67400.0,10.0,13.82,0.09906907517657065,0,15,10,0.0,20,whole,FL,home_improvement,0
0.0,120000.0,10.0,30.79,0.48133036130315965,0,20,10,0.0,20,fractional,CT,credit_card,0
0.0,89000.0,6.0,13.49,0.024820589736378882,0,7,10,0.0,20,whole,ID,debt_consolidation,0
0.0,92000.0,5.0,5.86,0.06345068550971594,0,11,10,0.0,20,whole,NY,other,0
0.0,80000.0,10.0,20.5,0.6154696157515047,2,12,10,0.0,20,whole,VA,credit_card,0
0.0,92000.0,9.0,18.81,0.29525087307381176,0,11,10,0.0,20,whole,OR,home_improvement,0
0.0,71400.0,5.0,2.33,0.015794780545670226,1,11,10,0.0,20,whole,NC,home_improvement,0
0.0,18000.0,4.0,12.13,0.4930508474576271,0,13,10,0.0,20,fractional,OR,credit_card,0
0.0,80000.0,4.0,29.95,0.10434661465589301,0,5,10,0.0,20,whole,MN,debt_consolidation,0
0.0,70000.0,10.0,14.49,0.2402008032128514,0,18,10,0.0,20,whole,CA,debt_consolidation,0
0.0,114000.0,10.0,24.32,0.2584850519776258,0,12,10,0.0,20,whole,OR,credit_card,0
0.0,85000.0,6.0,31.6,0.37498531818430964,0,31,10,0.0,20,fractional,VA,other,0
0.0,65000.0,10.0,6.43,0.274089219330855,1,20,10,0.0,20,whole,CT,debt_consolidation,0
0.0,82000.0,8.0,26.35,0.5973058581920707,0,12,10,0.0,20,fractional,OK,debt_consolidation,0
0.0,135490.0,10.0,0.98,0.013273151750972762,0,13,10,0.0,20,whole,OR,credit_card,0
0.0,75000.0,10.0,1.36,0.3558695652173913,0,17,10,0.0,20,fractional,FL,debt_consolidation,0
0.0,54000.0,10.0,26.67,0.08168522604813465,0,20,10,0.0,20,fractional,CA,debt_consolidation,0
0.0,80000.0,5.0,20.27,0.7639655910990704,0,9,10,0.0,20,fractional,NY,credit_card,0
0.0,40000.0,0.0,20.25,0.9917856900848536,0,11,10,0.0,20,whole,TX,home_improvement,0
0.0,65000.0,10.0,29.51,0.8500961726089259,1,18,10,0.0,20,whole,CA,debt_consolidation,0
0.0,196000.0,10.0,11.21,0.14985975225134543,0,19,10,0.0,20,whole,NJ,credit_card,0
0.0,114000.0,10.0,30.64,0.8502812231036623,0,14,10,0.0,20,whole,AZ,small_business,0
0.0,162000.0,10.0,21.1,0.1361588958087864,0,19,10,0.0,20,fractional,OR,debt_consolidation,0
0.0,42000.0,6.0,17.43,0.2134860134679026,0,25,10,0.0,20,fractional,CO,credit_card,0
0.0,142000.0,9.0,15.48,0.09455542476693182,0,26,10,0.0,20,whole,IL,other,0
0.0,40000.0,9.0,31.32,0.7947766676461945,5,16,10,0.0,20,whole,PA,credit_card,0
0.0,42000.0,3.0,38.47,0.10041272519942095,0,19,10,0.0,20,whole,OH,other,0
0.0,100000.0,6.0,16.73,0.5858205689277899,0,11,10,0.0,20,whole,OH,debt_consolidation,0
0.0,170000.0,10.0,15.48,0.7086342528163134,0,19,10,0.0,20,whole,AZ,credit_card,0
0.0,81000.0,9.0,11.07,0.13901802735877455,0,6,10,0.0,20,whole,TX,debt_consolidation,0
0.0,228000.0,10.0,11.48,0.14801558819420693,0,24,10,0.0,20,whole,TX,credit_card,0
0.0,94000.0,10.0,0.0,0.0,0,18,10,0.0,20,whole,WA,car,0
0.0,37440.0,0.0,10.26,0.13329076620825148,0,10,10,0.0,20,whole,TN,credit_card,0
0.0,89000.0,6.0,6.94,0.1787593984962406,0,7,10,0.0,20,whole,CA,major_purchase,0
0.0,123000.0,4.0,28.45,0.3764675001640538,0,15,10,0.0,20,whole,AZ,debt_consolidation,0
0.0,82000.0,10.0,8.08,0.054395996842250355,0,21,10,0.0,20,whole,MS,other,0
0.0,78000.0,4.0,26.75,0.30854993101438843,1,18,10,0.0,20,whole,AK,debt_consolidation,0
0.0,48000.0,10.0,21.43,0.8352586206896552,0,13,10,0.0,20,whole,FL,house,0
0.0,102000.0,3.0,28.68,0.21407992186864166,0,13,10,0.0,20,whole,TX,debt_consolidation,0
0.0,101200.0,1.0,17.58,0.1905832995578767,0,17,10,0.0,20,whole,AL,debt_consolidation,0
0.0,213000.0,10.0,21.46,0.5651495864629082,0,16,10,0.0,20,fractional,IL,debt_consolidation,0
0.0,185220.0,10.0,12.83,0.09843144718609795,1,33,10,0.0,20,whole,CA,home_improvement,0
0.0,57000.0,3.0,4.15,1.0336034463291557,0,12,10,0.0,20,whole,IL,credit_card,0
0.0,36000.0,6.0,23.72,0.584516743482032,0,26,10,0.0,20,whole,OH,debt_consolidation,0
0.0,68000.0,1.0,24.48,0.6125054602184087,0,12,10,0.0,20,fractional,NY,debt_consolidation,0
0.0,14400.0,3.0,8.75,0.03655083281297649,0,20,10,0.0,20,whole,AL,debt_consolidation,0
0.0,131000.0,10.0,12.58,0.20293002495680554,0,15,10,0.0,20,whole,NY,debt_consolidation,0
0.0,115000.0,10.0,15.5,0.13951992032363592,0,16,10,0.0,20,whole,TN,debt_consolidation,0
0.0,117000.0,10.0,9.99,0.8236624207250762,0,19,10,0.0,20,whole,TN,debt_consolidation,0
0.0,75500.0,10.0,27.96,0.4360213875619056,0,20,10,0.0,20,whole,AL,credit_card,0
0.0,62400.0,6.0,5.96,0.2328125,1,9,10,0.0,20,fractional,FL,debt_consolidation,0
0.0,185000.0,1.0,13.52,0.7460893937450038,0,15,10,0.0,20,whole,AZ,credit_card,0
0.0,30000.0,1.0,4.96,0.10932642487046632,0,6,10,0.0,20,whole,IN,debt_consolidation,0
0.0,40000.0,3.0,6.0,0.0920139145881134,0,13,10,0.0,20,whole,MN,debt_consolidation,0
0.0,62400.0,1.0,25.67,0.19217088426323717,0,21,10,0.0,20,whole,CA,credit_card,0
0.0,92000.0,6.0,7.5,0.23121632514530568,0,7,10,0.0,20,whole,MA,major_purchase,0
0.0,72000.0,6.0,19.38,0.24526101461605376,0,24,10,0.0,20,whole,NY,debt_consolidation,0
0.0,50000.0,10.0,13.03,0.8975297760300134,0,16,10,0.0,20,whole,NJ,debt_consolidation,0
0.0,190000.0,3.0,14.61,0.8116068868735948,0,24,10,0.0,20,whole,OK,debt_consolidation,0
0.0,70000.0,10.0,7.01,0.4537189367044766,0,31,10,0.0,20,whole,TN,debt_consolidation,1
0.0,90000.0,6.0,7.15,0.07932976986845053,0,11,10,0.0,20,fractional,AZ,debt_consolidation,0
0.0,55000.0,0.0,7.2,0.1609323557787964,0,12,10,0.0,20,whole,NC,debt_consolidation,0
0.0,75000.0,0.0,18.14,0.6915957889728187,0,4,10,0.0,20,fractional,TX,vacation,0
0.0,65000.0,10.0,9.4,0.4568028846153846,0,12,10,0.0,20,fractional,CA,other,0
0.0,30000.0,6.0,21.16,0.685638367668285,0,15,10,0.0,20,whole,KY,debt_consolidation,0
0.0,89000.0,10.0,12.99,0.13147800754783606,0,11,10,0.0,20,whole,IL,debt_consolidation,0
0.0,88000.0,10.0,25.28,0.2996959887045176,0,16,10,0.0,20,whole,TN,credit_card,0
0.0,65000.0,10.0,3.99,0.06980665950590763,0,11,10,0.0,20,whole,MI,home_improvement,0
0.0,125000.0,10.0,22.84,0.09861061513291754,0,11,10,0.0,20,whole,GA,debt_consolidation,0
0.0,55000.0,7.0,25.14,0.7423544303797468,0,11,10,0.0,20,fractional,CA,debt_consolidation,0
0.0,59000.0,6.0,13.2,0.17434847297102724,0,12,10,0.0,20,whole,AZ,credit_card,0
0.0,180000.0,4.0,16.56,0.15025815834764622,0,25,10,0.0,20,whole,PA,home_improvement,0
0.0,120600.0,5.0,17.3,0.7057773391944021,0,15,10,0.0,20,whole,CA,debt_consolidation,0
0.0,100000.0,7.0,35.32,0.5948829274160916,1,20,10,0.0,20,whole,PA,debt_consolidation,0
0.0,86000.0,10.0,22.79,0.04718647029910251,0,15,10,0.0,20,whole,RI,debt_consolidation,0
0.0,102560.0,0.0,20.07,0.6669879148152255,0,10,10,0.0,20,whole,TX,debt_consolidation,0
0.0,45000.0,5.0,22.11,0.42989883722927363,0,16,10,0.0,20,whole,NY,debt_consolidation,0
0.0,134000.0,10.0,28.8,0.30116573461808815,0,20,10,0.0,20,fractional,TX,debt_consolidation,0
0.0,55000.0,10.0,25.49,0.46700615319329514,0,17,10,0.0,20,whole,TX,debt_consolidation,0
0.0,55000.0,7.0,16.63,0.6759287123415922,0,11,10,0.0,20,whole,AZ,home_improvement,0
0.0,40000.0,10.0,5.67,0.3056969696969697,0,23,10,0.0,20,whole,NM,car,0
0.0,135000.0,6.0,3.48,0.48445454545454547,0,30,10,0.0,20,fractional,NY,debt_consolidation,0
0.0,36000.0,2.0,29.23,0.45786481230977344,0,16,10,0.0,20,whole,TN,credit_card,0
0.0,94000.0,10.0,25.32,0.6888813482637711,0,12,10,0.0,20,whole,NY,credit_card,0
0.0,96960.0,1.0,26.72,0.3487447170678351,4,15,10,0.0,20,whole,NM,vacation,0
0.0,60000.0,5.0,21.96,0.7587958356229486,0,16,10,0.0,20,fractional,FL,credit_card,0
0.0,144000.0,4.0,7.95,0.08378069884752752,0,17,10,0.0,20,whole,CA,credit_card,0
0.0,100000.0,10.0,13.8,0.7416884360143434,0,16,10,0.0,20,whole,IL,other,0
0.0,120000.0,6.0,8.74,0.31787296898079764,0,6,10,0.0,20,whole,NY,other,1
0.0,34521.0,5.0,16.45,1.5764142188073296,0,23,10,0.0,20,whole,MI,debt_consolidation,0
0.0,60000.0,9.0,19.16,0.49758578273880555,0,4,10,0.0,20,whole,NY,debt_consolidation,0
0.0,82000.0,2.0,21.63,0.14606396592675924,0,23,10,0.0,20,whole,FL,home_improvement,0
0.0,74644.0,10.0,18.99,0.18467447897129655,0,20,10,0.0,20,whole,SC,debt_consolidation,0
0.0,40000.0,10.0,8.58,0.3497687861271676,0,23,10,0.0,20,fractional,PA,debt_consolidation,0
0.0,78000.0,3.0,26.13,0.532802262822178,0,16,10,0.0,20,whole,KS,debt_consolidation,0
0.0,24000.0,3.0,3.85,0.0487192118226601,0,18,10,0.0,20,whole,NC,debt_consolidation,0
0.0,76000.0,10.0,11.31,0.08388817699207615,0,10,10,0.0,20,whole,IN,home_improvement,0
0.0,25000.0,5.0,10.95,0.6604013208026416,0,22,10,0.0,20,whole,MA,debt_consolidation,0
0.0,160000.0,10.0,14.9,0.2933544121163153,0,22,10,0.0,20,whole,MD,credit_card,0
0.0,75000.0,10.0,21.86,0.04281400658737276,0,18,10,0.0,20,whole,NJ,small_business,0
0.0,55000.0,10.0,18.85,0.1642953089672475,1,13,10,0.0,20,whole,CA,house,0
0.0,100000.0,0.0,19.72,0.23217200093260126,0,16,10,0.0,20,whole,KS,other,0
0.0,67000.0,3.0,19.08,0.46224480369515014,0,24,10,0.0,20,whole,IL,debt_consolidation,0
0.0,85000.0,10.0,15.37,0.4023811413604254,0,28,10,0.0,20,whole,AZ,debt_consolidation,0
0.0,740000.0,10.0,3.41,0.05717278680603916,1,18,10,0.0,20,whole,CA,debt_consolidation,0
0.0,115000.0,10.0,11.98,0.1465357036962795,0,25,10,0.0,20,whole,TX,debt_consolidation,0
0.0,130000.0,10.0,10.84,0.124750927485496,0,34,10,0.0,20,whole,NC,credit_card,0
0.0,39000.0,1.0,22.16,0.11885940379047118,0,20,10,0.0,20,whole,ID,debt_consolidation,0
0.0,38000.0,3.0,24.58,0.6222893219873731,0,8,10,0.0,20,whole,IL,debt_consolidation,0
0.0,220000.0,6.0,16.18,0.1328392292892323,0,11,10,0.0,20,whole,FL,debt_consolidation,0
0.0,80000.0,1.0,19.92,0.476458267580983,0,7,10,0.0,20,whole,FL,credit_card,0
0.0,60000.0,2.0,25.5,0.3574499256995751,1,15,10,0.0,20,whole,NC,debt_consolidation,0
0.0,410000.0,1.0,7.01,0.07878365106609514,0,27,10,0.0,20,whole,IN,credit_card,0
0.0,91000.0,10.0,34.06,0.4026206394742021,0,32,10,0.0,20,whole,GA,debt_consolidation,0
0.0,32000.0,7.0,13.84,1.0975281578350593,0,17,10,0.0,20,whole,MA,debt_consolidation,0
0.0,123000.0,5.0,14.59,0.21514634361760626,0,10,10,0.0,20,fractional,LA,other,0
0.0,110000.0,1.0,18.87,0.772794736810221,1,17,10,0.0,20,whole,GA,home_improvement,0
0.0,45000.0,1.0,12.69,0.13697143231432876,2,5,10,0.0,20,fractional,MI,credit_card,0
0.0,21600.0,4.0,25.5,0.7568995114221576,0,20,10,0.0,20,whole,IL,debt_consolidation,0
0.0,155006.0,2.0,12.9,0.1097914350213956,0,29,10,0.0,20,fractional,UT,debt_consolidation,0
0.0,35000.0,5.0,19.58,0.5639910313901345,0,5,10,0.0,20,whole,NY,debt_consolidation,0
0.0,60000.0,10.0,5.28,0.5439102564102564,0,10,10,0.0,20,whole,NY,credit_card,0
0.0,60000.0,7.0,14.26,0.19090336076880213,0,7,10,0.0,20,whole,NC,debt_consolidation,0
0.0,55000.0,6.0,18.67,0.12827887831232312,0,6,10,0.0,20,whole,GA,credit_card,0
0.0,46680.0,9.0,4.09,0.20240121580547113,0,7,10,0.0,20,whole,NC,credit_card,0
0.0,40000.0,10.0,7.83,0.036972723780253555,0,13,10,0.0,20,whole,CA,debt_consolidation,0
0.0,40000.0,10.0,16.77,0.3548,0,15,10,0.0,20,whole,CA,debt_consolidation,0
0.0,80000.0,2.0,25.48,0.3021610229029085,0,15,10,0.0,20,fractional,TN,car,0
0.0,30000.0,0.0,31.76,0.576125,1,10,10,0.0,20,fractional,MA,debt_consolidation,0
0.0,73000.0,10.0,23.57,0.21142085429358307,0,10,10,0.0,20,whole,MI,home_improvement,0
0.0,104000.0,5.0,2.7,0.0347805885389778,0,9,10,0.0,20,whole,RI,debt_consolidation,0
0.0,95000.0,6.0,18.61,0.4655,0,6,10,0.0,20,fractional,TX,debt_consolidation,0
0.0,60000.0,3.0,8.71,0.10816168327796234,0,6,10,0.0,20,whole,GA,debt_consolidation,0
0.0,60000.0,1.0,15.78,0.6064802199707696,0,18,10,0.0,20,fractional,AR,major_purchase,0
0.0,95000.0,6.0,27.98,0.7684654901189657,0,19,10,0.0,20,whole,NY,debt_consolidation,0
0.0,48750.0,4.0,5.32,0.4111769686706181,0,7,10,0.0,20,whole,CA,other,0
0.0,60825.0,10.0,21.39,0.0648019304033313,0,20,10,0.0,20,whole,FL,medical,0
0.0,61000.0,10.0,33.29,0.19240967585719615,0,14,10,0.0,20,fractional,TX,other,0
0.0,127563.0,10.0,8.95,0.27543298969072166,0,19,10,0.0,20,whole,VA,debt_consolidation,0
0.0,35000.0,7.0,14.68,0.3383216783216783,0,13,10,0.0,20,whole,IL,major_purchase,0
0.0,289139.0,10.0,5.23,0.35475778546712805,1,22,10,0.0,20,fractional,WA,debt_consolidation,0
0.0,35000.0,3.0,25.41,0.504157505496702,3,16,10,0.0,20,fractional,NY,credit_card,0
0.0,86967.0,10.0,17.12,0.1638790494733632,0,32,10,0.0,20,whole,CO,debt_consolidation,0
0.0,53000.0,10.0,26.47,0.1873133826819129,0,31,10,0.0,20,whole,TX,car,0
0.0,250000.0,8.0,7.81,0.3050361794500724,0,22,10,0.0,20,whole,NY,debt_consolidation,0
0.0,75000.0,9.0,26.34,0.1554182104848246,0,17,10,0.0,20,whole,CA,debt_consolidation,0
0.0,135000.0,10.0,9.0,0.17809659098625366,0,21,10,0.0,20,whole,DE,debt_consolidation,0
0.0,83000.0,8.0,24.7,0.20513419860162802,2,35,10,0.0,20,whole,OH,debt_consolidation,1
0.0,95000.0,5.0,16.22,0.8623759318893643,1,13,10,0.0,20,whole,TX,debt_consolidation,0
0.0,145000.0,2.0,9.36,0.1213309018696744,0,13,10,0.0,20,whole,MO,debt_consolidation,0
0.0,90000.0,1.0,15.6,0.7453875,1,16,10,0.0,20,whole,MD,home_improvement,0
0.0,31500.0,6.0,19.09,0.7790068754774637,0,42,10,0.0,20,fractional,SD,credit_card,0
0.0,27000.0,0.0,9.38,0.14706572769953052,0,4,10,0.0,20,whole,CA,credit_card,0
0.0,79000.0,10.0,19.31,0.14980916030534353,0,29,10,0.0,20,fractional,CO,debt_consolidation,0
0.0,250000.0,10.0,2.42,0.1921731123388582,0,16,10,0.0,20,whole,FL,home_improvement,0
0.0,35000.0,9.0,14.64,0.4460280596824993,0,19,10,0.0,20,whole,NY,debt_consolidation,0
0.0,72000.0,5.0,26.42,0.6757787194273638,0,22,10,0.0,20,whole,GA,home_improvement,0
0.0,15000.0,6.0,19.44,0.08082554517133957,0,12,10,0.0,20,fractional,NY,other,0
0.0,85500.0,10.0,18.96,0.19537263144879602,3,21,10,0.0,20,whole,OH,debt_consolidation,0
0.0,63000.0,6.0,5.62,0.011976235146966854,0,13,10,0.0,20,whole,WA,other,0
0.0,185000.0,3.0,14.23,0.18339608251416395,2,21,10,0.0,20,whole,MI,debt_consolidation,0
0.0,115000.0,10.0,14.86,0.29565356332778725,0,25,10,0.0,20,whole,CA,credit_card,0
0.0,92400.0,8.0,14.51,0.14757760795641522,0,21,10,0.0,20,whole,PA,debt_consolidation,0
0.0,60000.0,9.0,20.76,0.4989554700384827,0,17,10,0.0,20,whole,FL,credit_card,0
0.0,73000.0,0.0,16.13,0.08294679686842327,1,8,10,0.0,20,whole,SC,debt_consolidation,0
0.0,42000.0,10.0,19.43,0.4676386297628436,0,7,10,0.0,20,whole,NY,moving,0
0.0,50000.0,6.0,31.08,0.33101231489203214,0,35,10,0.0,20,whole,OH,debt_consolidation,0
0.0,83000.0,5.0,20.34,0.8130421138517542,0,13,10,0.0,20,whole,CA,credit_card,0
0.0,55000.0,10.0,12.46,0.43229576118134494,0,14,10,0.0,20,whole,KY,house,0
0.0,128000.0,10.0,29.55,0.4897512854517112,1,32,10,0.0,20,whole,OH,debt_consolidation,0
0.0,72000.0,2.0,37.77,0.3622635119075914,0,19,10,0.0,20,whole,WV,medical,0
0.0,75000.0,7.0,9.55,0.8030434782608695,1,29,10,0.0,20,whole,NJ,other,0
0.0,104000.0,10.0,15.53,0.5359003083603774,1,14,10,0.0,20,fractional,CA,debt_consolidation,0
0.0,156000.0,10.0,35.22,0.6579361438997625,0,28,10,0.0,20,fractional,OK,home_improvement,0
0.0,95000.0,10.0,6.7,0.21594655308224173,0,26,10,0.0,20,whole,NV,debt_consolidation,0
0.0,35000.0,0.0,14.61,0.3177680525164114,0,14,10,0.0,20,whole,UT,debt_consolidation,0
0.0,135000.0,2.0,8.82,0.28315068493150686,0,11,10,0.0,20,whole,NY,debt_consolidation,0
0.0,65200.0,6.0,19.12,0.01751740411135506,0,10,10,0.0,20,fractional,SC,credit_card,0
0.0,78000.0,6.0,25.46,0.4905855143667272,0,19,10,0.0,20,fractional,IL,debt_consolidation,0
0.0,100000.0,1.0,7.44,0.368875,1,11,10,0.0,20,whole,NY,debt_consolidation,0
0.0,73364.0,2.0,26.19,0.511577173635037,0,37,10,0.0,20,fractional,RI,credit_card,0
0.0,30000.0,6.0,28.84,0.39332448321638536,0,11,10,0.0,20,whole,OH,credit_card,0
0.0,35000.0,8.0,23.9,0.366953125,0,12,10,0.0,20,fractional,OK,credit_card,0
0.0,175000.0,1.0,16.0,1.0833111189561884,0,12,10,0.0,20,fractional,NY,credit_card,0
0.0,85000.0,2.0,11.89,0.6173317865429234,0,10,10,0.0,20,whole,NY,debt_consolidation,0
0.0,45000.0,3.0,22.41,0.4388600779136994,0,10,10,0.0,20,whole,TX,debt_consolidation,0
0.0,24000.0,6.0,2.9,0.018914185639229423,0,14,10,0.0,20,whole,MO,other,0
0.0,35000.0,7.0,20.99,0.4131814291195655,0,11,10,0.0,20,fractional,CT,other,0
0.0,195000.0,2.0,13.44,0.40229085702597667,0,10,10,0.0,20,whole,NJ,small_business,0
0.0,98000.0,0.0,10.74,0.5020552424251861,0,7,10,0.0,20,whole,OH,debt_consolidation,0
0.0,81000.0,10.0,3.23,0.023360299753044367,0,40,10,0.0,20,whole,NJ,debt_consolidation,0
0.0,42000.0,5.0,3.57,0.05617283950617284,0,11,10,0.0,20,whole,NJ,house,0
0.0,90000.0,0.0,14.67,0.5787007623888183,0,7,10,0.0,20,whole,MA,credit_card,0
0.0,106500.0,6.0,11.03,0.14377167615007272,0,23,10,0.0,20,fractional,GA,debt_consolidation,0
0.0,47028.0,10.0,17.62,0.2146720786156804,0,16,10,0.0,20,whole,AR,major_purchase,0
0.0,114000.0,2.0,13.02,0.29617251272075695,1,12,10,0.0,20,whole,GA,debt_consolidation,0
0.0,31600.0,6.0,12.04,0.08467356579198865,0,5,10,0.0,20,whole,TX,car,0
0.0,80298.0,6.0,27.0,0.7879901069324217,1,16,10,0.0,20,whole,CO,medical,0
0.0,75000.0,6.0,15.08,0.2109569798068481,0,46,10,0.0,20,whole,NJ,medical,0
0.0,208888.0,4.0,9.51,0.09070899423316883,0,16,10,0.0,20,whole,CA,home_improvement,0
0.0,72000.0,6.0,21.18,0.8014544979478079,0,15,10,0.0,20,whole,AZ,debt_consolidation,0
0.0,44775.0,10.0,21.68,0.13407269868352822,0,15,10,0.0,20,whole,MI,credit_card,0
0.0,60000.0,3.0,12.29,0.3236509623332153,1,8,10,0.0,20,whole,CA,other,0
0.0,75000.0,10.0,26.26,0.26126751980499696,0,23,10,0.0,20,whole,FL,small_business,0
0.0,120000.0,10.0,16.25,0.23537996567338332,2,22,10,0.0,20,fractional,NY,medical,0
0.0,43000.0,4.0,10.49,0.4875,0,5,10,0.0,20,whole,NC,car,0
0.0,105000.0,7.0,33.27,0.49679239184728846,0,15,10,0.0,20,whole,IN,debt_consolidation,0
0.0,72000.0,1.0,1.43,0.08897478991596638,0,18,10,0.0,20,whole,CA,major_purchase,1
0.0,100800.0,6.0,9.92,0.10074936996178047,0,16,10,0.0,20,whole,MI,debt_consolidation,0
0.0,90000.0,10.0,26.0,0.4192516255043561,0,15,10,0.0,20,whole,FL,debt_consolidation,0
0.0,75000.0,5.0,23.17,0.9013230342009927,0,13,10,0.0,20,whole,NY,credit_card,0
0.0,33000.0,0.0,4.91,0.02815049864007253,0,9,10,0.0,20,whole,PA,credit_card,0
0.0,46328.0,1.0,36.4,0.5862813627710056,0,11,10,0.0,20,fractional,WV,debt_consolidation,0
0.0,77000.0,0.0,18.52,0.13208756961754772,0,14,10,0.0,20,whole,IL,debt_consolidation,0
0.0,62000.0,3.0,19.16,0.40185144544420726,0,11,10,0.0,20,whole,OH,medical,0
0.0,68000.0,6.0,27.14,0.8394370542438706,0,14,10,0.0,20,whole,NY,credit_card,0
0.0,36000.0,6.0,1.17,0.04010434653904978,1,9,10,0.0,20,whole,TX,house,0
0.0,140000.0,10.0,14.23,0.7620626790520011,0,16,10,0.0,20,whole,CA,small_business,0
0.0,42000.0,3.0,20.14,0.48518021472392636,0,35,10,0.0,20,whole,NC,debt_consolidation,0
0.0,73460.0,4.0,32.06,0.5349316111249108,0,18,10,0.0,20,whole,TX,credit_card,0
0.0,125000.0,6.0,28.55,0.41783533237980497,0,32,10,0.0,20,whole,FL,debt_consolidation,0
0.0,70000.0,9.0,22.99,0.5780510018214936,1,12,10,0.0,20,fractional,GA,debt_consolidation,0
0.0,26000.0,2.0,1.15,0.11823529411764706,0,17,10,0.0,20,whole,TX,medical,1
0.0,150000.0,10.0,23.23,0.2609024385085549,0,25,10,0.0,20,whole,MI,debt_consolidation,0
0.0,133000.0,2.0,9.75,0.0694150798276867,0,20,10,0.0,20,whole,PA,debt_consolidation,0
0.0,98000.0,7.0,21.28,0.2725460810856182,0,11,10,0.0,20,whole,MN,home_improvement,0
0.0,18000.0,1.0,8.47,0.13259668508287292,1,11,10,0.0,20,whole,TN,car,0
0.0,65000.0,2.0,24.91,0.5136950201472363,0,17,10,0.0,20,whole,SC,credit_card,0
0.0,68000.0,10.0,13.82,0.5433086667502822,0,11,10,0.0,20,fractional,NC,other,0
0.0,154000.0,8.0,4.38,0.27670309880146554,0,9,10,0.0,20,whole,CA,home_improvement,1
0.0,64992.0,10.0,11.69,0.06272405022730458,0,20,10,0.0,20,whole,TN,other,0
0.0,56000.0,2.0,1.61,0.005876802096985583,0,9,10,0.0,20,whole,CA,debt_consolidation,0
0.0,42000.0,2.0,23.34,0.6522620130675709,0,11,10,0.0,20,whole,WA,debt_consolidation,0
0.0,400000.0,2.0,7.77,1.012577123872805,0,12,10,0.0,20,whole,NY,other,0
0.0,63235.0,10.0,10.32,0.036206646350312004,0,28,10,0.0,20,whole,CA,debt_consolidation,0
0.0,42000.0,5.0,36.09,0.5412741139524451,0,9,10,0.0,20,whole,AR,debt_consolidation,0
0.0,120000.0,10.0,16.3,0.26245776851751934,0,15,10,0.0,20,whole,TX,debt_consolidation,0
0.0,142000.0,10.0,13.27,0.20218008230011633,0,20,10,0.0,20,fractional,MD,home_improvement,0
0.0,22000.0,10.0,10.09,0.19650746268656716,0,12,10,0.0,20,whole,NY,debt_consolidation,0
0.0,96000.0,3.0,6.73,0.5604360199752993,0,15,10,0.0,20,whole,VA,home_improvement,0
0.0,95000.0,10.0,22.7,0.1931875137176795,0,23,10,0.0,20,whole,MN,credit_card,0
0.0,43000.0,1.0,0.7,0.06163934426229508,0,4,10,0.0,20,fractional,IL,major_purchase,0
0.0,50000.0,10.0,32.69,0.5586651267400158,1,16,10,0.0,20,whole,TX,credit_card,0
0.0,55000.0,3.0,13.71,0.483887065003283,0,14,10,0.0,20,whole,CO,credit_card,0
0.0,98000.0,10.0,17.35,0.2643156075906083,0,18,10,0.0,20,fractional,OH,home_improvement,0
0.0,55000.0,7.0,16.02,0.6469200147740797,0,13,10,0.0,20,whole,TN,debt_consolidation,0
0.0,50000.0,2.0,19.64,0.1500175198292613,0,15,10,0.0,20,whole,CA,credit_card,0
0.0,196000.0,6.0,14.63,0.325132551678674,0,12,10,0.0,20,whole,MT,debt_consolidation,0
0.0,31000.0,0.0,31.24,0.9023352030870828,2,15,10,0.0,20,fractional,TN,medical,0
0.0,41000.0,10.0,24.68,0.9611882183005716,0,14,10,0.0,20,whole,MI,car,0
0.0,68000.0,1.0,10.68,0.15724772639318885,1,12,10,0.0,20,whole,FL,debt_consolidation,0
0.0,89000.0,10.0,12.0,0.13623744777541597,0,4,10,0.0,20,fractional,OH,credit_card,0
0.0,23040.0,0.0,9.9,0.8696513470681458,0,5,10,0.0,20,whole,GA,debt_consolidation,0
0.0,199000.0,5.0,11.67,0.09270951764641387,0,12,10,0.0,20,whole,CO,credit_card,0
0.0,35000.0,5.0,23.08,0.2655525362318841,0,19,10,0.0,20,whole,WV,debt_consolidation,0
0.0,48000.0,1.0,13.29,0.2872795425056466,0,4,10,0.0,20,whole,CT,debt_consolidation,0
0.0,78000.0,3.0,28.45,0.7782842600347916,0,18,10,0.0,20,fractional,NJ,credit_card,0
0.0,49000.0,10.0,24.03,0.8192841005658383,0,20,10,0.0,20,whole,NJ,vacation,0
0.0,80000.0,1.0,11.03,0.21132558583665184,0,6,10,0.0,20,whole,GA,major_purchase,0
0.0,104000.0,10.0,10.5,0.07110560659555983,2,16,10,0.0,20,fractional,CA,home_improvement,0
0.0,54000.0,8.0,34.09,0.8828293399144044,0,10,10,0.0,20,whole,AK,debt_consolidation,0
0.0,44000.0,10.0,21.22,0.625740192450037,0,7,10,0.0,20,fractional,CA,other,0
0.0,72000.0,2.0,2.28,0.1559667610447486,4,16,10,0.0,20,fractional,IL,medical,0
0.0,44268.0,6.0,23.77,0.14550645421048777,0,22,10,0.0,20,whole,VA,car,0
0.0,40000.0,10.0,15.24,0.5711553784860558,0,10,10,0.0,20,whole,AL,debt_consolidation,0
0.0,68000.0,3.0,11.61,0.3360526206925082,0,11,10,0.0,20,whole,MI,major_purchase,0
0.0,33000.0,10.0,20.55,0.5774243574091794,0,12,10,0.0,20,whole,MA,other,0
0.0,45000.0,6.0,16.99,0.6143979721166033,0,7,10,0.0,20,whole,TX,debt_consolidation,0
0.0,80000.0,10.0,16.79,0.41071368342945797,0,11,10,0.0,20,whole,TX,other,0
0.0,138000.0,4.0,16.77,0.12337650315210649,0,16,10,0.0,20,whole,MA,debt_consolidation,0
0.0,118000.0,6.0,24.21,0.13915017472704558,0,22,10,0.0,20,whole,CA,credit_card,0
0.0,68000.0,10.0,33.41,0.19554378626366212,0,10,10,0.0,20,whole,OK,medical,0
0.0,112500.0,3.0,11.2,0.16301674881857445,0,9,10,0.0,20,whole,TX,debt_consolidation,0
0.0,160000.0,5.0,23.35,0.43163831830373406,0,20,10,0.0,20,whole,IN,credit_card,0
0.0,80000.0,7.0,13.34,0.1494423491515326,0,9,10,0.0,20,whole,MD,medical,0
0.0,45000.0,3.0,27.36,0.445089552238806,0,10,10,0.0,20,whole,NY,credit_card,0
0.0,30000.0,4.0,7.32,0.054475779893419556,0,20,10,0.0,20,fractional,WI,credit_card,0
0.0,96000.0,9.0,16.04,0.08492975273250677,0,12,10,0.0,20,whole,CO,debt_consolidation,0
0.0,90000.0,10.0,24.24,0.14608915717225826,1,28,10,0.0,20,whole,CA,home_improvement,0
0.0,25000.0,6.0,8.83,0.15317073170731707,0,19,10,0.0,20,fractional,CA,debt_consolidation,0
0.0,45000.0,10.0,8.83,0.2550406504065041,1,17,10,0.0,20,fractional,SD,car,0
0.0,42000.0,2.0,19.59,0.4532462652725412,0,14,10,0.0,20,whole,TX,other,0
0.0,167000.0,8.0,9.6,0.13707256109496635,0,16,10,0.0,20,whole,NC,other,0
0.0,30000.0,6.0,9.59,0.7338888888888889,1,11,10,0.0,20,whole,FL,other,0
0.0,65000.0,8.0,17.74,0.09191202134213888,1,17,10,0.0,20,whole,MO,debt_consolidation,0
0.0,155000.0,10.0,8.56,0.11379975189442061,0,16,10,0.0,20,whole,WA,debt_consolidation,0
0.0,295000.0,10.0,18.82,0.15785784652898704,0,26,10,0.0,20,whole,GA,home_improvement,0
0.0,45000.0,3.0,4.11,0.3347402597402597,0,12,10,0.0,20,whole,NY,major_purchase,0
0.0,29000.0,1.0,9.31,0.5776190476190476,0,4,10,0.0,20,whole,AZ,major_purchase,0
0.0,69000.0,10.0,24.12,0.7464715517325932,0,23,10,0.0,20,whole,CA,credit_card,0
0.0,235000.0,9.0,8.83,0.14102785705671905,0,18,10,0.0,20,fractional,GA,debt_consolidation,0
0.0,173000.0,1.0,26.5,0.43525130323595945,0,24,10,0.0,20,whole,CA,debt_consolidation,0
0.0,34000.0,10.0,19.84,0.7258166048821431,0,13,10,0.0,20,whole,AR,credit_card,0
0.0,65000.0,2.0,16.3,0.7841211857164402,0,10,10,0.0,20,whole,TX,other,0
0.0,22800.0,6.0,13.32,0.453125,0,18,10,0.0,20,fractional,AZ,debt_consolidation,0
0.0,65000.0,1.0,12.04,0.8925505718822636,0,9,10,0.0,20,whole,CA,major_purchase,0
0.0,80000.0,3.0,12.01,0.5582815942319247,0,13,10,0.0,20,whole,CA,debt_consolidation,0
0.0,41000.0,2.0,23.48,0.7823853570379339,0,11,10,0.0,20,fractional,NH,debt_consolidation,0
0.0,173140.0,6.0,11.64,0.032128517913745075,0,27,10,0.0,20,fractional,CA,home_improvement,0
0.0,125000.0,8.0,4.14,0.055635355909578944,0,29,10,0.0,20,whole,NH,debt_consolidation,0
0.0,85000.0,4.0,33.94,0.6888665057395412,1,12,10,0.0,20,whole,MO,debt_consolidation,0
0.0,28800.0,2.0,19.17,0.17972465581977473,1,14,10,0.0,20,fractional,NY,debt_consolidation,0
0.0,100200.0,6.0,15.86,0.31076583742424096,0,8,10,0.0,20,whole,OH,debt_consolidation,0
0.0,55000.0,10.0,15.78,0.14380829112137336,1,17,10,0.0,20,fractional,TX,debt_consolidation,0
0.0,50000.0,1.0,12.43,0.6751512096774194,0,11,10,0.0,20,whole,HI,debt_consolidation,0
0.0,75000.0,10.0,30.75,0.4680019365597375,0,19,10,0.0,20,whole,CA,debt_consolidation,0
0.0,144000.0,0.0,17.52,0.7221692131167341,0,14,10,0.0,20,whole,NJ,debt_consolidation,0
0.0,31000.0,6.0,34.38,0.3670263684622748,0,20,10,0.0,20,whole,MA,major_purchase,0
0.0,85000.0,4.0,11.25,0.40621156211562115,2,16,10,0.0,20,whole,NY,credit_card,0
0.0,42000.0,6.0,21.89,0.9253148169942332,1,25,10,0.0,20,whole,PA,debt_consolidation,0
0.0,38000.0,10.0,3.95,0.6495833333333333,0,19,10,0.0,20,whole,SD,medical,0
0.0,62000.0,10.0,19.16,0.904160655695847,0,16,10,0.0,20,whole,CA,debt_consolidation,0
0.0,65000.0,3.0,4.86,0.09422121749839973,0,17,10,0.0,20,whole,MA,debt_consolidation,0
0.0,98300.0,6.0,39.78,0.5838050701452129,0,45,10,0.0,20,whole,CA,credit_card,0
0.0,33500.0,6.0,18.09,0.2389002267573696,0,28,10,0.0,20,whole,FL,credit_card,0
0.0,76500.0,2.0,13.08,0.5906695464362851,0,9,10,0.0,20,whole,MN,debt_consolidation,0
0.0,88000.0,10.0,30.1,0.8324111563066575,0,14,10,0.0,20,whole,HI,debt_consolidation,0
0.0,108000.0,10.0,12.88,0.500971867670498,0,17,10,0.0,20,whole,IL,other,0
0.0,105000.0,4.0,13.27,0.08786311647722934,0,12,10,0.0,20,whole,NY,other,0
0.0,38400.0,6.0,26.56,0.17654189041238727,0,43,10,0.0,20,whole,OH,debt_consolidation,0
0.0,75000.0,4.0,12.81,0.6067952310677036,0,13,10,0.0,20,whole,WA,credit_card,0
0.0,150000.0,2.0,12.72,0.7606466521943558,0,10,10,0.0,20,fractional,FL,credit_card,0
0.0,50000.0,10.0,5.16,0.3817058823529412,0,4,10,0.0,20,fractional,OH,car,0
0.0,33000.0,0.0,10.33,0.8764197300491385,0,15,10,0.0,20,whole,KS,credit_card,0
0.0,37000.0,10.0,15.73,0.3632193949983619,0,20,10,0.0,20,whole,OH,debt_consolidation,0
0.0,63000.0,6.0,29.37,0.7286360872796055,0,31,10,0.0,20,whole,NM,debt_consolidation,0
0.0,55000.0,3.0,15.36,0.2641301460823373,0,10,10,0.0,20,whole,NJ,debt_consolidation,0
0.0,79677.0,10.0,25.2,0.8927567638560546,0,11,10,0.0,20,whole,VA,credit_card,0
0.0,68748.0,4.0,11.4,0.8149344711978056,0,4,10,0.0,20,whole,CA,car,0
0.0,48000.0,5.0,33.93,0.728417861782612,0,23,10,0.0,20,whole,IL,debt_consolidation,0
0.0,127000.0,8.0,7.06,0.37866666666666665,0,13,10,0.0,20,whole,CT,debt_consolidation,0
0.0,37000.0,0.0,17.32,0.06402495225595234,2,14,10,0.0,20,whole,AZ,debt_consolidation,0
0.0,75000.0,6.0,1.95,0.11804245283018867,0,16,10,0.0,20,whole,NJ,house,0
0.0,135000.0,10.0,0.0,0.0,0,17,10,0.0,20,whole,CA,debt_consolidation,0
0.0,70000.0,3.0,5.79,0.3240948275862069,1,31,10,0.0,20,fractional,CA,debt_consolidation,0
0.0,90000.0,10.0,36.16,0.2369905548420659,0,16,10,0.0,20,whole,WA,debt_consolidation,0
0.0,53500.0,10.0,26.56,0.16133646630268092,0,45,10,0.0,20,whole,WI,debt_consolidation,0
0.0,48000.0,10.0,5.03,0.36673469387755103,0,16,10,0.0,20,fractional,NY,other,0
0.0,180000.0,5.0,12.16,0.1748317336336694,1,14,10,0.0,20,whole,CO,debt_consolidation,0
0.0,90000.0,10.0,8.84,0.044129667471670075,0,22,10,0.0,20,whole,CA,debt_consolidation,0
0.0,75000.0,1.0,18.0,0.634887210460615,0,18,10,0.0,20,whole,IL,major_purchase,0
0.0,74000.0,5.0,18.76,0.6810456350091448,0,10,10,0.0,20,fractional,CA,credit_card,0
0.0,43000.0,4.0,11.44,0.34896685987345694,0,13,10,0.0,20,fractional,PA,credit_card,0
0.0,102000.0,6.0,26.44,0.05501288659793815,0,30,10,0.0,20,whole,CA,major_purchase,0
0.0,27768.84,6.0,35.52,0.6261172625400213,1,16,10,0.0,20,whole,FL,debt_consolidation,0
0.0,58000.0,5.0,12.95,0.7205423728813559,0,19,10,0.0,20,fractional,NY,credit_card,0
0.0,120000.0,10.0,19.51,0.1545187524406187,2,16,10,0.0,20,whole,MD,credit_card,0
0.0,133000.0,5.0,12.78,0.28743952194518857,0,23,10,0.0,20,whole,FL,home_improvement,0
0.0,30000.0,10.0,19.29,0.7341363636363636,0,27,10,0.0,20,whole,RI,debt_consolidation,0
0.0,68000.0,7.0,14.49,0.4330615994029508,0,17,10,0.0,20,whole,NH,other,0
0.0,110000.0,6.0,21.33,0.13484534613529747,0,19,10,0.0,20,whole,NJ,credit_card,0
0.0,160000.0,10.0,5.96,0.33976978417266185,0,17,10,0.0,20,whole,CA,debt_consolidation,0
0.0,116100.0,3.0,25.93,0.6992904496324469,0,23,10,0.0,20,fractional,SC,debt_consolidation,0
0.0,85000.0,9.0,17.57,0.5407520778038243,2,29,10,0.0,20,whole,FL,credit_card,0
0.0,125000.0,2.0,17.2,0.48612484679430285,0,16,10,0.0,20,whole,NY,debt_consolidation,0
0.0,200000.0,9.0,19.12,0.2988082110734848,0,16,10,0.0,20,whole,AL,home_improvement,0
0.0,65000.0,10.0,10.06,0.03169642857142857,3,17,10,0.0,20,fractional,CA,debt_consolidation,0
0.0,125000.0,10.0,24.57,0.5609596247046447,0,21,10,0.0,20,whole,CA,debt_consolidation,0
0.0,60000.0,10.0,25.14,0.2534186960964081,0,16,10,0.0,20,whole,FL,debt_consolidation,0
0.0,30000.0,2.0,18.88,0.7769153470321217,0,17,10,0.0,20,whole,VA,debt_consolidation,0
0.0,67000.0,10.0,20.66,0.8512360301263362,0,10,10,0.0,20,whole,OH,debt_consolidation,0
0.0,145000.0,3.0,13.49,0.12847873627029474,0,18,10,0.0,20,whole,OK,major_purchase,0
0.0,26000.0,2.0,21.65,0.33422764227642277,0,5,10,0.0,20,fractional,FL,debt_consolidation,0
0.0,210000.0,7.0,13.67,0.2028413509026333,0,13,10,0.0,20,whole,IL,debt_consolidation,0
0.0,61000.0,10.0,12.3,0.07926744527200573,0,13,10,0.0,20,fractional,IL,debt_consolidation,0
0.0,155000.0,6.0,20.25,0.09112594992794422,0,15,10,0.0,20,whole,MD,credit_card,0
0.0,150000.0,6.0,12.9,0.09786661282724275,3,32,10,0.0,20,whole,NY,debt_consolidation,1
0.0,121728.0,6.0,17.05,0.18151600924459219,0,11,10,0.0,20,fractional,MO,debt_consolidation,0
0.0,330000.0,10.0,15.58,0.2865473782480162,0,24,10,0.0,20,whole,TX,debt_consolidation,0
0.0,104500.0,5.0,12.38,0.17989228666061124,0,13,10,0.0,20,whole,CO,debt_consolidation,0
0.0,85000.0,4.0,25.75,0.2711985984254022,0,16,10,0.0,20,whole,MI,home_improvement,0
0.0,157150.0,6.0,28.73,0.9741234567901235,0,21,10,0.0,20,whole,KY,debt_consolidation,0
0.0,96500.0,10.0,2.38,0.021469678217821784,1,17,10,0.0,20,whole,NY,house,0
0.0,132000.0,10.0,1.23,0.14715365239294712,0,23,10,0.0,20,whole,CA,debt_consolidation,0
0.0,52000.0,7.0,2.71,0.6091489361702128,0,10,10,0.0,20,fractional,NY,home_improvement,0
0.0,108000.0,0.0,16.31,0.8880108155414629,0,30,10,0.0,20,whole,TX,debt_consolidation,0
0.0,110000.0,10.0,13.7,0.22138745403607074,2,20,10,0.0,20,whole,OH,debt_consolidation,0
0.0,57000.0,10.0,9.94,0.7699473684210526,0,12,10,0.0,20,fractional,AL,credit_card,0
0.0,117000.0,1.0,11.81,0.04458669897684437,0,21,10,0.0,20,whole,CA,debt_consolidation,0
0.0,85000.0,4.0,18.58,0.8243006090636936,0,14,10,0.0,20,whole,NY,credit_card,0
0.0,87400.0,1.0,13.64,0.2100169948111587,0,23,10,0.0,20,whole,LA,debt_consolidation,0
0.0,83000.0,4.0,15.95,0.1758612925016888,0,16,10,0.0,20,whole,AZ,debt_consolidation,0
0.0,50000.0,10.0,25.35,0.5344274809160305,2,27,10,0.0,20,fractional,OH,other,0
0.0,36000.0,4.0,4.3,0.37866666666666665,0,5,10,0.0,20,whole,AL,debt_consolidation,0
0.0,45000.0,5.0,13.63,0.5567578125,0,22,10,0.0,20,whole,NV,debt_consolidation,0
0.0,87689.0,0.0,20.62,0.5100884659392181,0,33,10,0.0,20,whole,OH,debt_consolidation,0
0.0,25000.0,6.0,22.52,0.6116397149805862,1,13,10,0.0,20,whole,GA,debt_consolidation,0
0.0,155000.0,4.0,22.49,0.33097341718430495,0,28,10,0.0,20,whole,TN,debt_consolidation,0
0.0,70000.0,4.0,26.61,0.7813124902983098,0,15,10,0.0,20,whole,NM,debt_consolidation,0
0.0,67000.0,10.0,17.79,0.6024049744743655,0,11,10,0.0,20,whole,TN,debt_consolidation,0
0.0,175000.0,3.0,6.42,0.13478489141747768,0,22,10,0.0,20,whole,NY,other,0
0.0,92000.0,10.0,31.61,0.4716449406987926,0,21,10,0.0,20,whole,TX,debt_consolidation,0
0.0,56000.0,8.0,24.67,0.1403936343478346,0,12,10,0.0,20,fractional,NE,debt_consolidation,0
0.0,44393.0,10.0,18.36,0.18387695858350914,0,8,10,0.0,20,whole,OK,home_improvement,0
0.0,36000.0,3.0,27.67,0.47831054886757807,0,12,10,0.0,20,whole,CA,debt_consolidation,0
0.0,33000.0,9.0,16.18,0.8096072135188609,0,15,10,0.0,20,fractional,IN,medical,0
0.0,45000.0,6.0,24.26,0.32768705194233805,0,30,10,0.0,20,whole,WI,house,0
0.0,90000.0,6.0,8.92,0.853083382814488,0,14,10,0.0,20,whole,MI,other,0
0.0,87000.0,10.0,19.96,0.5163085399449036,0,21,10,0.0,20,whole,MI,credit_card,0
0.0,71000.0,4.0,16.7,0.2068922778466347,0,12,10,0.0,20,fractional,MI,credit_card,0
0.0,120000.0,10.0,13.37,0.5981002131408084,0,24,10,0.0,20,fractional,VA,debt_consolidation,0
0.0,44000.0,6.0,4.26,0.030629575087873933,0,11,10,0.0,20,whole,SC,debt_consolidation,0
0.0,49500.0,10.0,9.5,0.07747987616099071,0,12,10,0.0,20,whole,CA,debt_consolidation,0
0.0,14400.0,6.0,31.33,0.4190710382513661,0,31,10,0.0,20,fractional,OH,credit_card,0
0.0,96000.0,7.0,18.66,0.5573482988425114,0,16,10,0.0,20,whole,NM,home_improvement,0
0.0,120000.0,4.0,16.84,0.6084838709677419,0,44,10,0.0,20,whole,FL,credit_card,0
0.0,48712.0,5.0,4.48,0.2977128814297012,0,24,10,0.0,20,whole,PA,debt_consolidation,0
0.0,185000.0,10.0,19.56,0.2738578786482978,0,16,10,0.0,20,whole,TN,home_improvement,0
0.0,38666.0,10.0,34.61,0.3857598541809068,0,8,10,0.0,20,whole,WA,debt_consolidation,0
0.0,122500.0,6.0,21.1,0.6026040342401898,0,16,10,0.0,20,whole,NM,other,0
0.0,137000.0,8.0,34.11,0.36035255803043836,1,16,10,0.0,20,whole,NY,debt_consolidation,0
0.0,41640.62,9.0,31.93,1.2409880929704598,0,21,10,0.0,20,whole,CA,debt_consolidation,0
0.0,42000.0,2.0,20.89,0.3766108786610879,0,12,10,0.0,20,whole,NY,debt_consolidation,0
0.0,125000.0,10.0,35.19,0.2354586039354628,0,21,10,0.0,20,whole,MI,debt_consolidation,0
0.0,65000.0,10.0,1.75,0.01143,0,13,10,0.0,20,fractional,AZ,credit_card,0
0.0,110000.0,6.0,11.2,0.023074946935338767,0,55,10,0.0,20,whole,CA,home_improvement,0
0.0,40000.0,1.0,26.61,0.23063513223764553,0,17,10,0.0,20,fractional,CA,credit_card,0
0.0,195000.0,10.0,22.17,0.7749977045266734,0,40,10,0.0,20,whole,MA,debt_consolidation,1
0.0,68000.0,10.0,13.66,0.07210750855690305,0,15,10,0.0,20,whole,SC,debt_consolidation,0
0.0,200200.0,10.0,23.86,0.26038006033076283,0,21,10,0.0,20,fractional,MD,debt_consolidation,0
0.0,75000.0,2.0,15.04,0.4934330572878025,0,8,10,0.0,20,whole,MO,credit_card,0
0.0,28560.0,6.0,10.71,0.18080645161290324,2,16,10,0.0,20,whole,AR,other,0
0.0,68500.0,1.0,12.07,0.6333356930482797,0,4,10,0.0,20,whole,NY,debt_consolidation,0
0.0,55000.0,4.0,11.87,0.5374451097804391,0,11,10,0.0,20,whole,NY,debt_consolidation,0
0.0,70000.0,10.0,12.29,0.08285787767422659,0,16,10,0.0,20,whole,CA,debt_consolidation,0
0.0,40000.0,7.0,34.89,0.34070967661412116,0,16,10,0.0,20,whole,MN,small_business,0
0.0,29500.0,1.0,27.99,0.5276727249151774,0,5,10,0.0,20,fractional,IL,credit_card,0
0.0,67700.0,2.0,10.06,0.5517402597402598,0,5,10,0.0,20,whole,TX,debt_consolidation,0
0.0,38550.0,6.0,23.38,0.08804106916213605,0,22,10,0.0,20,whole,CO,debt_consolidation,0
0.0,60000.0,6.0,23.68,0.49940195723088077,0,12,10,0.0,20,whole,MO,debt_consolidation,0
0.0,81000.0,2.0,22.1,0.3124072275979063,0,16,10,0.0,20,whole,KY,debt_consolidation,0
0.0,65500.0,10.0,31.73,0.20417241908268138,0,12,10,0.0,20,whole,IN,debt_consolidation,0
0.0,71000.0,9.0,17.36,0.5130466983190721,0,21,10,0.0,20,whole,LA,debt_consolidation,0
0.0,90000.0,7.0,19.88,0.19307645777485433,0,14,10,0.0,20,whole,OH,credit_card,0
0.0,109000.0,8.0,34.43,0.4873260507522511,1,15,10,0.0,20,fractional,VA,debt_consolidation,0
0.0,60000.0,10.0,12.42,0.09035853613226826,2,17,10,0.0,20,whole,OH,credit_card,0
0.0,100000.0,2.0,14.05,0.5580322828593389,0,13,10,0.0,20,whole,CA,other,0
0.0,34385.0,6.0,23.05,0.14954202586206897,0,25,10,0.0,20,whole,SC,other,0
0.0,44865.0,2.0,11.21,0.734297427410862,0,10,10,0.0,20,whole,CA,debt_consolidation,0
0.0,75000.0,8.0,34.45,0.7284696667904528,0,12,10,0.0,20,whole,PA,home_improvement,0
0.0,144000.0,10.0,39.88,0.39539231841805045,0,19,10,0.0,20,whole,AZ,major_purchase,0
0.0,170000.0,10.0,16.11,0.5452543465068411,0,39,10,0.0,20,whole,AR,debt_consolidation,0
0.0,40000.0,0.0,18.09,0.7855990735762438,0,8,10,0.0,20,whole,IL,debt_consolidation,0
0.0,21000.0,3.0,8.11,0.1116,0,5,10,0.0,20,whole,FL,debt_consolidation,1
0.0,61000.0,2.0,27.98,0.8020390003655853,0,11,10,0.0,20,fractional,OR,credit_card,0
0.0,30000.0,2.0,37.36,0.5442982368562929,0,10,10,0.0,20,fractional,WI,debt_consolidation,0
0.0,75000.0,6.0,8.9,0.07050193769296342,0,31,10,0.0,20,whole,KS,house,0
0.0,30000.0,4.0,22.96,0.5631169738796191,0,14,10,0.0,20,whole,FL,medical,0
0.0,114352.0,6.0,28.3,0.19144608140158925,0,20,10,0.0,20,whole,TX,debt_consolidation,0
0.0,48000.0,4.0,22.78,0.2812792448223949,0,11,10,0.0,20,whole,TX,house,0
0.0,140000.0,10.0,7.89,0.7262268182858888,0,15,10,0.0,20,whole,CA,debt_consolidation,0
0.0,70000.0,10.0,0.0,0.0,0,10,10,0.0,20,whole,VA,other,0
0.0,66300.0,3.0,29.02,0.7105501813784765,0,7,10,0.0,20,whole,SC,debt_consolidation,0
0.0,65000.0,10.0,23.08,0.5235876587437358,0,20,10,0.0,20,whole,TN,debt_consolidation,0
0.0,75004.0,6.0,12.88,0.2144442054498319,0,8,10,0.0,20,whole,AZ,home_improvement,0
0.0,205100.0,7.0,17.17,0.14576739286815332,0,7,10,0.0,20,whole,CA,home_improvement,0
0.0,100000.0,6.0,23.72,0.76887984579139,1,19,10,0.0,20,whole,LA,credit_card,0
0.0,32000.0,3.0,18.19,0.21804761904761905,0,4,10,0.0,20,whole,OH,car,0
0.0,140000.0,3.0,9.74,0.11499498011900237,0,12,10,0.0,20,whole,FL,debt_consolidation,0
0.0,48000.0,10.0,7.13,0.5799117746861214,0,10,10,0.0,20,whole,CA,other,0
0.0,201500.0,3.0,22.38,0.008837027634020115,0,17,10,0.0,20,whole,VA,debt_consolidation,0
0.0,87500.0,4.0,23.71,0.7720078211192065,0,21,10,0.0,20,whole,TN,debt_consolidation,0
0.0,91000.0,1.0,4.48,0.45445887445887445,0,13,10,0.0,20,whole,VA,other,0
0.0,91000.0,0.0,22.31,0.2143346543352917,0,35,10,0.0,20,whole,TN,credit_card,0
0.0,144000.0,10.0,19.43,0.6231779921987272,0,26,10,0.0,20,whole,MT,debt_consolidation,0
0.0,25200.0,2.0,6.86,0.18677215189873417,0,13,10,0.0,20,whole,FL,debt_consolidation,0
0.0,175000.0,3.0,22.84,0.20601515667440073,0,19,10,0.0,20,whole,GA,credit_card,0
0.0,120000.0,10.0,25.23,0.407516561569744,0,14,10,0.0,20,whole,AR,debt_consolidation,0
0.0,36000.0,1.0,3.34,0.34403508771929825,1,4,10,0.0,20,whole,TN,debt_consolidation,0
0.0,90000.0,10.0,25.23,0.23710441699103063,1,16,10,0.0,20,whole,CA,car,0
0.0,220000.0,10.0,17.69,0.41306940338618653,0,27,10,0.0,20,whole,CA,debt_consolidation,0
0.0,61000.0,4.0,5.9,0.037891501137592175,0,8,10,0.0,20,whole,FL,debt_consolidation,0
0.0,88000.0,10.0,11.32,0.645332924612993,1,20,10,0.0,20,whole,NY,debt_consolidation,0
0.0,75000.0,10.0,30.69,0.2054129935891316,0,14,10,0.0,20,whole,MO,debt_consolidation,0
0.0,150000.0,4.0,7.77,0.5295501022494887,0,4,10,0.0,20,fractional,IL,debt_consolidation,0
0.0,34560.0,3.0,6.01,0.6005882352941176,0,7,10,0.0,20,whole,CA,debt_consolidation,0
0.0,79800.0,5.0,2.05,0.07553956834532374,0,17,10,0.0,20,whole,NY,medical,0
0.0,200000.0,0.0,14.45,0.476564897525857,1,13,10,0.0,20,whole,FL,other,0
0.0,40000.0,1.0,14.01,0.3504247104247104,0,16,10,0.0,20,whole,IL,credit_card,0
0.0,60000.0,9.0,25.66,0.3158715645673103,0,18,10,0.0,20,whole,AR,debt_consolidation,0
0.0,70000.0,5.0,12.41,0.6688599436014503,0,21,10,0.0,20,whole,WV,debt_consolidation,0
0.0,104000.0,10.0,18.24,0.49006393640919305,0,17,10,0.0,20,fractional,MS,debt_consolidation,0
0.0,250000.0,3.0,0.67,0.10558419243986254,0,20,10,0.0,20,fractional,FL,car,0
0.0,30000.0,6.0,35.56,0.5556698380046284,0,20,10,0.0,20,fractional,TX,car,0
0.0,79000.0,6.0,27.42,0.8304666107851355,0,24,10,0.0,20,whole,MO,debt_consolidation,0
0.0,65000.0,10.0,15.18,0.2884224326075783,0,29,10,0.0,20,whole,MS,debt_consolidation,0
0.0,32000.0,7.0,8.7,0.5127659574468085,0,11,10,0.0,20,whole,NV,debt_consolidation,0
0.0,85000.0,0.0,2.06,1.1369053355176513,0,6,10,0.0,20,whole,GA,credit_card,0
0.0,100000.0,5.0,11.53,0.6593386791602847,0,9,10,0.0,20,whole,TX,other,0
0.0,99000.0,10.0,24.29,0.1984378858412826,0,37,10,0.0,20,whole,MD,debt_consolidation,0
0.0,71000.0,9.0,17.67,0.11980401454085665,0,22,10,0.0,20,whole,MO,debt_consolidation,0
0.0,120000.0,10.0,33.22,0.37562365955525456,0,15,10,0.0,20,fractional,NC,debt_consolidation,0
0.0,60000.0,0.0,12.8,0.5439655770698869,0,12,10,0.0,20,whole,MN,credit_card,0
0.0,53000.0,4.0,28.96,0.35333470918033916,1,11,10,0.0,20,whole,IN,credit_card,0
0.0,106686.0,6.0,19.96,0.12589941911968094,0,24,10,0.0,20,whole,DC,home_improvement,0
0.0,70400.0,6.0,22.08,0.2993061272492062,0,20,10,0.0,20,whole,PA,other,0
0.0,100000.0,8.0,28.24,0.8259993500162496,0,19,10,0.0,20,whole,CA,small_business,0
0.0,120000.0,10.0,23.28,0.19310316666326385,0,22,10,0.0,20,fractional,NC,debt_consolidation,0
0.0,102000.0,6.0,18.96,0.2027365737447424,0,27,10,0.0,20,whole,WI,debt_consolidation,0
0.0,75000.0,1.0,6.29,0.4874117647058824,0,21,10,0.0,20,whole,WA,debt_consolidation,0
0.0,107000.0,10.0,9.79,0.19180040596827658,0,17,10,0.0,20,whole,SC,debt_consolidation,0
0.0,59000.0,10.0,18.26,0.656775242301558,0,6,10,0.0,20,whole,NY,other,0
0.0,117204.0,2.0,10.18,0.4745411560278356,0,19,10,0.0,20,whole,KY,credit_card,0
0.0,50000.0,3.0,22.13,0.2697187905719219,0,24,10,0.0,20,whole,PA,credit_card,0
0.0,60000.0,6.0,23.56,0.27819912987104284,0,18,10,0.0,20,whole,TX,credit_card,0
0.0,45000.0,10.0,31.44,0.21850278128824893,0,15,10,0.0,20,fractional,AZ,credit_card,0
0.0,85000.0,10.0,27.12,0.1667027716743122,0,23,10,0.0,20,fractional,MN,credit_card,0
0.0,110000.0,10.0,12.28,0.5999299729318448,0,20,10,0.0,20,whole,LA,other,0
0.0,240000.0,6.0,2.99,0.25919550194436874,0,30,10,0.0,20,whole,NY,other,0
0.0,65000.0,10.0,28.31,0.10381830409318542,0,21,10,0.0,20,whole,NC,home_improvement,0
0.0,78000.0,2.0,25.46,0.19734546167903938,0,28,10,0.0,20,whole,PA,debt_consolidation,0
0.0,36000.0,2.0,12.23,0.4740995260663507,0,10,10,0.0,20,whole,VA,debt_consolidation,0
0.0,60000.0,10.0,12.02,0.06934687230835487,0,17,10,0.0,20,fractional,CA,debt_consolidation,0
0.0,80000.0,1.0,4.65,0.07236762437280515,1,13,10,0.0,20,fractional,AZ,credit_card,0
0.0,129000.0,10.0,17.19,0.35140563796314134,0,7,10,0.0,20,whole,MO,home_improvement,0
0.0,62000.0,0.0,20.79,0.38135964089675783,0,35,10,0.0,20,whole,TX,debt_consolidation,0
0.0,75000.0,6.0,19.98,0.14581902448557948,0,10,10,0.0,20,whole,OH,credit_card,0
0.0,55000.0,10.0,22.67,0.18753533552144794,0,24,10,0.0,20,whole,TX,debt_consolidation,0
0.0,72949.0,10.0,6.02,0.9524604966139955,0,22,10,0.0,20,whole,TX,credit_card,0
0.0,216000.0,9.0,4.27,0.06426387199775786,0,10,10,0.0,20,whole,CA,debt_consolidation,0
0.0,150000.0,10.0,39.41,0.6378213861569387,0,23,10,0.0,20,whole,WY,other,0
0.0,82500.0,10.0,26.98,0.6347744437640335,0,16,10,0.0,20,whole,GA,debt_consolidation,0
0.0,88000.0,10.0,12.21,0.33532018085600646,1,22,10,0.0,20,whole,VA,credit_card,0
0.0,125000.0,0.0,37.1,0.6364755224700976,0,5,10,0.0,20,fractional,MN,debt_consolidation,0
0.0,175000.0,10.0,12.35,0.35177125454002944,0,17,10,0.0,20,whole,NY,debt_consolidation,0
0.0,65000.0,8.0,20.66,0.140254639316211,0,14,10,0.0,20,whole,GA,debt_consolidation,0
0.0,125900.0,2.0,21.72,0.17108140541308992,0,17,10,0.0,20,whole,OR,credit_card,0
0.0,80000.0,6.0,26.93,0.13240740740740742,0,17,10,0.0,20,whole,NC,credit_card,0
0.0,58320.0,2.0,19.88,0.22204559855045075,0,12,10,0.0,20,whole,KY,credit_card,0
0.0,112000.0,4.0,8.64,0.14530776296071213,2,13,10,0.0,20,whole,NY,home_improvement,0
0.0,59000.0,10.0,25.94,0.26720108441619145,0,16,10,0.0,20,whole,TX,medical,0
0.0,750000.0,4.0,9.63,0.24009618607107433,1,33,10,0.0,20,whole,WY,debt_consolidation,0
0.0,85000.0,6.0,18.07,0.17943658230490042,0,27,10,0.0,20,whole,NY,debt_consolidation,0
0.0,33000.0,5.0,22.25,0.14796018635191843,0,14,10,0.0,20,whole,WI,debt_consolidation,0
0.0,104000.0,6.0,2.43,0.09029761904761904,1,16,10,0.0,20,fractional,CA,debt_consolidation,0
0.0,92000.0,6.0,17.94,0.5156887060943731,2,26,10,0.0,20,whole,FL,debt_consolidation,0
0.0,50000.0,5.0,18.7,0.7181956559920379,0,15,10,0.0,20,fractional,NH,credit_card,0
0.0,98000.0,0.0,21.27,0.6440194021122158,0,10,10,0.0,20,whole,NY,debt_consolidation,0
0.0,169000.0,9.0,12.01,0.06913017205854906,1,14,10,0.0,20,whole,FL,major_purchase,0
0.0,46000.0,5.0,24.47,0.8320277149321267,0,12,10,0.0,20,fractional,WA,debt_consolidation,0
0.0,80000.0,10.0,20.91,0.5374176385943653,0,14,10,0.0,20,whole,CT,credit_card,0
0.0,64106.0,10.0,33.04,0.2801417437115365,0,14,10,0.0,20,whole,OK,credit_card,0
0.0,70000.0,8.0,12.05,0.4086590525461999,0,18,10,0.0,20,whole,NC,house,0
0.0,103000.0,3.0,14.69,0.13496849128876806,0,14,10,0.0,20,whole,NE,credit_card,0
0.0,53000.0,3.0,21.13,0.7608313214680067,0,20,10,0.0,20,fractional,CA,car,0
0.0,101000.0,1.0,27.74,0.23050034954559073,0,12,10,0.0,20,whole,KS,debt_consolidation,0
0.0,108000.0,2.0,5.71,0.4148670072221244,0,14,10,0.0,20,fractional,AZ,debt_consolidation,0
0.0,36900.0,9.0,22.57,0.10909046822336994,0,15,10,0.0,20,whole,TN,debt_consolidation,0
0.0,35000.0,0.0,12.72,0.0860815322574427,0,23,10,0.0,20,whole,NY,credit_card,0
0.0,40000.0,10.0,21.42,0.8029363593823117,0,4,10,0.0,20,whole,CA,credit_card,0
0.0,121550.0,7.0,14.05,0.05084339534642691,1,24,10,0.0,20,whole,NY,other,0
0.0,135000.0,1.0,14.62,0.8821555537304502,0,10,10,0.0,20,whole,MO,debt_consolidation,0
0.0,105000.0,6.0,17.66,0.07587741209974534,1,13,10,0.0,20,whole,NY,debt_consolidation,0
0.0,78500.0,2.0,17.53,0.4076313772251086,0,9,10,0.0,20,fractional,CA,debt_consolidation,0
0.0,68000.0,10.0,16.85,0.25240400557066117,0,12,10,0.0,20,whole,SD,credit_card,0
0.0,105000.0,10.0,22.54,0.15912843402763466,0,20,10,0.0,20,whole,MD,credit_card,0
0.0,50000.0,4.0,12.67,0.05635568070451503,0,6,10,0.0,20,whole,CA,debt_consolidation,0
0.0,68000.0,6.0,23.28,0.7152704222138935,0,11,10,0.0,20,whole,PA,credit_card,0
0.0,73000.0,10.0,15.09,0.13006367430663382,0,16,10,0.0,20,fractional,TX,debt_consolidation,0
0.0,60372.0,10.0,13.3,0.25817693738667674,0,21,10,0.0,20,fractional,MS,other,0
0.0,60000.0,6.0,19.64,0.21507155938411449,0,11,10,0.0,20,whole,MO,home_improvement,0
0.0,157000.0,7.0,5.74,0.38413767053281783,0,5,10,0.0,20,whole,CA,debt_consolidation,0
0.0,165000.0,10.0,31.64,0.4007728773955829,0,14,10,0.0,20,whole,SC,credit_card,0
0.0,140000.0,7.0,3.23,0.9115189873417722,0,17,10,0.0,20,fractional,CA,other,0
0.0,44100.0,6.0,10.69,0.3804318322023442,0,46,10,0.0,20,whole,NY,debt_consolidation,0
0.0,90000.0,6.0,10.33,0.8613484542488737,0,6,10,0.0,20,whole,CT,debt_consolidation,0
0.0,105000.0,5.0,12.54,0.5935983722022226,0,4,10,0.0,20,fractional,OR,small_business,0
0.0,53038.52,1.0,8.92,0.09837151199542458,0,24,10,0.0,20,whole,OR,debt_consolidation,0
0.0,54000.0,4.0,14.24,0.06770205337700434,0,17,10,0.0,20,whole,NC,debt_consolidation,0
0.0,190000.0,10.0,21.21,0.14859854947845152,0,20,10,0.0,20,whole,CA,debt_consolidation,0
0.0,113460.0,3.0,19.19,0.38631517301479223,0,33,10,0.0,20,whole,FL,debt_consolidation,0
0.0,61000.0,10.0,25.65,0.21050822575383324,0,26,10,0.0,20,whole,MN,debt_consolidation,0
0.0,30000.0,1.0,10.52,0.7878462313244922,0,17,10,0.0,20,whole,ID,major_purchase,0
0.0,54000.0,2.0,6.31,0.6543693693693694,0,10,10,0.0,20,fractional,IL,major_purchase,0
0.0,86400.0,0.0,21.97,0.27240689086752984,0,11,10,0.0,20,whole,AR,credit_card,0
0.0,120000.0,10.0,37.72,0.6432636235672632,2,41,10,0.0,20,whole,MD,debt_consolidation,0
0.0,43000.0,2.0,19.7,0.10009226722157875,0,18,10,0.0,20,whole,NV,debt_consolidation,0
0.0,55000.0,4.0,28.95,0.24755955141565575,0,17,10,0.0,20,whole,NY,credit_card,0
0.0,91000.0,10.0,10.06,0.42867256637168144,0,21,10,0.0,20,whole,AZ,debt_consolidation,0
0.0,165000.0,0.0,13.56,0.15339213370416938,0,19,10,0.0,20,whole,DC,credit_card,0
0.0,150000.0,2.0,31.74,0.833777408159675,0,15,10,0.0,20,whole,WA,home_improvement,0
0.0,65000.0,2.0,33.81,0.46857504556318275,0,19,10,0.0,20,whole,CO,debt_consolidation,0
0.0,32000.0,3.0,36.01,0.6585418041117629,0,4,10,0.0,20,whole,AZ,credit_card,0
0.0,84000.0,10.0,4.64,0.04809704004220714,2,11,10,0.0,20,whole,GA,debt_consolidation,0
0.0,112000.0,1.0,20.56,0.5705017202918825,0,20,10,0.0,20,fractional,FL,debt_consolidation,0
0.0,54000.0,10.0,12.82,0.21421383647798742,1,19,10,0.0,20,whole,SD,credit_card,0
0.0,44640.0,10.0,0.0,0.0,2,11,10,0.0,20,whole,MA,other,0
0.0,82000.0,2.0,24.78,0.22678672951015094,0,14,10,0.0,20,whole,MO,credit_card,0
0.0,100000.0,10.0,7.7,0.36968229183263757,0,15,10,0.0,20,whole,OH,home_improvement,0
0.0,48200.0,6.0,27.61,0.25054901931189577,0,38,10,0.0,20,fractional,AZ,debt_consolidation,0
0.0,166000.0,4.0,14.6,0.1828657019703091,0,13,10,0.0,20,whole,FL,credit_card,0
0.0,110000.0,5.0,7.77,0.10416565138051842,0,16,10,0.0,20,whole,MI,debt_consolidation,0
0.0,313000.0,10.0,24.29,0.2388493783519664,0,26,10,0.0,20,whole,GA,debt_consolidation,0
0.0,42000.0,10.0,20.54,0.7842562990453621,0,16,10,0.0,20,whole,KY,home_improvement,0
0.0,70000.0,7.0,28.58,1.8352795434698728,0,25,10,0.0,20,whole,FL,debt_consolidation,0
0.0,58544.0,10.0,21.6,0.6168787051222274,0,32,10,0.0,20,whole,TX,debt_consolidation,0
0.0,50000.0,6.0,22.49,0.19753566679030551,0,11,10,0.0,20,whole,FL,debt_consolidation,0
0.0,45000.0,1.0,15.44,0.8581549200395895,0,14,10,0.0,20,whole,NC,debt_consolidation,0
0.0,39000.0,6.0,12.92,0.18770135309278352,0,13,10,0.0,20,whole,OH,credit_card,0
0.0,130000.0,9.0,8.87,0.13209996085621872,1,23,10,0.0,20,whole,MO,home_improvement,0
0.0,65000.0,5.0,25.96,0.7067911344033191,1,14,10,0.0,20,whole,MA,debt_consolidation,0
0.0,43500.0,6.0,23.34,0.4232099538305032,0,25,10,0.0,20,whole,MS,debt_consolidation,0
0.0,48000.0,2.0,10.45,0.07887829684851357,0,9,10,0.0,20,whole,FL,house,0
0.0,28000.0,10.0,29.66,0.41886319845857417,0,12,10,0.0,20,whole,TX,credit_card,0
0.0,90000.0,10.0,32.37,0.15186834293696524,0,28,10,0.0,20,whole,CA,debt_consolidation,0
0.0,97000.0,0.0,18.21,0.6728609116913881,2,11,10,0.0,20,whole,OH,home_improvement,0
0.0,70000.0,4.0,13.0,0.03172343162601322,0,8,10,0.0,20,whole,LA,other,0
0.0,140000.0,6.0,10.38,0.5030141460720032,0,7,10,0.0,20,whole,CA,debt_consolidation,0
0.0,89000.0,10.0,33.69,0.21323435231833318,0,28,10,0.0,20,whole,NH,debt_consolidation,0
0.0,110100.0,10.0,25.71,0.6970977831823592,0,29,10,0.0,20,whole,NC,debt_consolidation,0
0.0,71978.0,6.0,21.34,0.14780545259292618,0,46,10,0.0,20,whole,NY,debt_consolidation,1
0.0,96568.0,2.0,28.78,0.20795513369481466,0,15,10,0.0,20,whole,LA,credit_card,0
0.0,258000.0,4.0,23.08,0.28619132137829734,0,29,10,0.0,20,whole,CT,debt_consolidation,0
0.0,90000.0,4.0,10.27,0.32372185871132303,0,12,10,0.0,20,whole,IN,debt_consolidation,0
0.0,100000.0,10.0,18.4,0.11031125623941773,2,16,10,0.0,20,whole,MD,debt_consolidation,0
0.0,25000.0,3.0,24.48,0.4949055249940206,0,14,10,0.0,20,whole,NY,debt_consolidation,0
0.0,59000.0,10.0,13.05,0.05660400908659727,0,14,10,0.0,20,whole,RI,credit_card,0
0.0,70000.0,2.0,11.64,0.5216107533533928,0,16,10,0.0,20,whole,MA,debt_consolidation,0
0.0,60000.0,1.0,29.72,0.3488959413552655,0,12,10,0.0,20,whole,UT,debt_consolidation,0
0.0,50000.0,10.0,15.26,0.2463401310997815,0,22,10,0.0,20,fractional,MS,debt_consolidation,0
0.0,80000.0,10.0,19.75,0.8293559542993717,0,11,10,0.0,20,whole,OH,credit_card,0
0.0,125000.0,6.0,9.71,0.8538354658051537,0,5,10,0.0,20,fractional,CA,small_business,0
0.0,190000.0,10.0,39.12,0.26754318466747246,1,35,10,0.0,20,whole,CA,debt_consolidation,0
0.0,27000.0,5.0,15.44,0.4009009009009009,1,14,10,0.0,20,fractional,WA,other,0
0.0,26000.0,6.0,29.69,0.7380357980421527,0,14,10,0.0,20,whole,TX,debt_consolidation,0
0.0,72000.0,10.0,12.04,0.4815937149270483,0,11,10,0.0,20,whole,CA,debt_consolidation,0
0.0,61300.0,3.0,26.06,0.9243413625238212,0,8,10,0.0,20,whole,KS,debt_consolidation,0
0.0,29000.0,4.0,24.63,0.442080759244337,0,6,10,0.0,20,whole,TX,debt_consolidation,0
0.0,113000.0,4.0,5.93,0.5233971044467425,0,30,10,0.0,20,fractional,CA,debt_consolidation,0
0.0,109000.0,10.0,21.64,0.22426923841718036,0,24,10,0.0,20,whole,NY,debt_consolidation,0
0.0,32000.0,1.0,5.96,0.48338028169014086,0,4,10,0.0,20,fractional,DE,credit_card,0
0.0,98000.0,9.0,19.02,0.24467741874262203,0,14,10,0.0,20,whole,NY,debt_consolidation,1
0.0,48000.0,0.0,8.9,0.3085,0,12,10,0.0,20,whole,KY,debt_consolidation,0
0.0,80000.0,6.0,25.7,0.6924187378196954,0,16,10,0.0,20,whole,NY,other,0
0.0,165000.0,1.0,21.52,0.10386829157810006,0,16,10,0.0,20,whole,NJ,home_improvement,0
0.0,230200.0,10.0,3.12,0.05854533767054826,0,15,10,0.0,20,whole,NY,major_purchase,0
0.0,60000.0,0.0,19.8,0.4993087454845471,0,13,10,0.0,20,fractional,NJ,credit_card,0
0.0,115000.0,5.0,8.66,0.1866584937963687,0,12,10,0.0,20,whole,FL,debt_consolidation,0
0.0,98000.0,10.0,18.35,0.21877401822640266,0,19,10,0.0,20,whole,CA,credit_card,0
0.0,50400.0,2.0,25.14,0.8333895297249334,0,12,10,0.0,20,whole,FL,credit_card,0
0.0,105000.0,5.0,23.01,0.4337557930577887,0,14,10,0.0,20,whole,CA,other,0
0.0,101000.0,2.0,8.69,0.06882886107666543,1,13,10,0.0,20,whole,MA,credit_card,0
0.0,30000.0,3.0,30.84,0.651457023916415,0,6,10,0.0,20,whole,NY,debt_consolidation,0
0.0,49000.0,4.0,27.53,0.21259038596990043,0,12,10,0.0,20,whole,MO,credit_card,0
0.0,67000.0,10.0,1.56,0.055143598117375854,0,12,10,0.0,20,whole,IL,car,0
0.0,80000.0,10.0,34.01,0.4241525209446589,0,19,10,0.0,20,whole,NJ,credit_card,0
0.0,55000.0,3.0,12.81,0.09941543768178636,0,4,10,0.0,20,whole,FL,other,0
0.0,70000.0,1.0,15.21,0.658823294216429,0,21,10,0.0,20,whole,FL,credit_card,0
0.0,116000.0,10.0,15.58,0.3218219532719798,2,28,10,0.0,20,whole,NC,debt_consolidation,0
0.0,48000.0,9.0,34.23,0.17115740245449404,0,14,10,0.0,20,whole,SC,debt_consolidation,0
0.0,152000.0,10.0,12.67,0.4747277424301898,0,15,10,0.0,20,whole,KY,debt_consolidation,0
0.0,15000.0,0.0,7.68,0.2320754716981132,0,4,10,0.0,20,whole,CA,debt_consolidation,0
0.0,62000.0,10.0,11.37,0.8247533632286995,0,11,10,0.0,20,whole,MA,other,0
0.0,60000.0,3.0,5.39,0.4456420233463035,0,24,10,0.0,20,whole,CA,other,1
0.0,28000.0,10.0,12.39,0.5476551724137931,0,5,10,0.0,20,fractional,TN,car,0
0.0,150000.0,3.0,16.79,0.9123176328740019,0,11,10,0.0,20,whole,TX,debt_consolidation,0
0.0,38000.0,3.0,28.46,0.5066468707172225,0,10,10,0.0,20,whole,CA,debt_consolidation,0
0.0,140000.0,1.0,22.14,0.2668481147818062,0,22,10,0.0,20,whole,MI,debt_consolidation,0
0.0,36000.0,1.0,23.61,0.2734973502841923,0,14,10,0.0,20,whole,OH,credit_card,0
0.0,71000.0,10.0,12.33,0.8320309252639455,0,12,10,0.0,20,fractional,GA,other,0
0.0,105000.0,10.0,10.03,0.36933173695179816,0,15,10,0.0,20,whole,GA,debt_consolidation,0
0.0,75000.0,10.0,18.87,0.17306149226615528,0,33,10,0.0,20,whole,TX,debt_consolidation,0
0.0,98000.0,10.0,27.53,0.41979556568169313,0,22,10,0.0,20,whole,KS,credit_card,0
0.0,37536.0,6.0,39.26,0.17824742268041238,0,29,10,0.0,20,whole,PA,credit_card,0
0.0,45000.0,10.0,25.92,0.6433241569167241,0,10,10,0.0,20,whole,CA,car,0
0.0,106000.0,10.0,20.4,0.03952678243533917,0,24,10,0.0,20,whole,CA,credit_card,0
0.0,32000.0,6.0,29.11,0.13254807712721914,0,21,10,0.0,20,fractional,CO,credit_card,0
0.0,240000.0,9.0,9.75,0.08733647594428086,1,18,10,0.0,20,fractional,TX,debt_consolidation,0
0.0,85000.0,10.0,34.09,0.2787427196006181,0,12,10,0.0,20,whole,MT,home_improvement,0
0.0,71000.0,1.0,9.11,0.4479237288135593,0,9,10,0.0,20,whole,CA,credit_card,0
0.0,54000.0,0.0,5.41,0.611453488372093,0,4,10,0.0,20,whole,TX,debt_consolidation,0
0.0,72000.0,2.0,20.17,0.18456327338356118,1,21,10,0.0,20,whole,FL,debt_consolidation,0
0.0,42000.0,10.0,32.8,0.5999838475205944,4,44,10,0.0,20,whole,TX,debt_consolidation,0
0.0,84000.0,4.0,18.46,0.6667860586857693,2,12,10,0.0,20,fractional,TX,debt_consolidation,0
0.0,78000.0,9.0,22.97,0.7109889948210922,0,17,10,0.0,20,whole,MA,debt_consolidation,0
0.0,71000.0,10.0,8.38,0.03204968944099379,0,20,10,0.0,20,whole,CA,credit_card,0
0.0,50000.0,2.0,32.8,0.6803558870189556,0,18,10,0.0,20,whole,SC,major_purchase,0
0.0,50000.0,10.0,30.91,0.16609729658706435,0,18,10,0.0,20,whole,DE,debt_consolidation,0
0.0,85000.0,10.0,12.48,0.485928235392367,0,13,10,0.0,20,fractional,TX,debt_consolidation,0
0.0,45000.0,10.0,22.08,0.2498825440097445,0,20,10,0.0,20,fractional,NY,debt_consolidation,0
0.0,110000.0,10.0,20.77,0.7266283221641778,0,20,10,0.0,20,whole,TX,debt_consolidation,0
0.0,70000.0,10.0,24.09,0.29353568191053736,0,24,10,0.0,20,whole,MI,other,0
0.0,92000.0,5.0,34.37,0.5552042951409075,0,15,10,0.0,20,whole,AL,debt_consolidation,0
0.0,60000.0,2.0,22.42,0.8298020954598371,0,15,10,0.0,20,whole,IN,credit_card,0
0.0,60000.0,10.0,19.18,0.4478330373001776,0,14,10,0.0,20,whole,IL,debt_consolidation,0
0.0,104000.0,6.0,33.34,0.2741886510701842,0,20,10,0.0,20,fractional,TX,home_improvement,0
0.0,166500.0,3.0,34.36,1.0206251001002487,0,7,10,0.0,20,fractional,CA,credit_card,0
0.0,120000.0,3.0,9.88,0.8823049645390071,0,13,10,0.0,20,fractional,IL,debt_consolidation,0
0.0,90000.0,10.0,21.07,0.4011159330440174,2,13,10,0.0,20,whole,MD,debt_consolidation,0
0.0,37000.0,6.0,36.2,0.21173495765300848,0,20,10,0.0,20,fractional,PA,credit_card,0
0.0,150000.0,10.0,12.55,0.29647668393782384,0,13,10,0.0,20,fractional,OH,major_purchase,0
0.0,100000.0,10.0,37.42,0.8548589446103629,0,19,10,0.0,20,fractional,NY,debt_consolidation,0
0.0,187000.0,5.0,12.51,0.8334589551613821,0,16,10,0.0,20,whole,OH,major_purchase,0
0.0,55000.0,10.0,23.15,0.22639301172993684,0,16,10,0.0,20,whole,TX,debt_consolidation,0
0.0,46800.0,6.0,32.41,0.29157073142476503,0,26,10,0.0,20,whole,PA,debt_consolidation,0
0.0,49000.0,3.0,28.02,0.561182533224844,0,20,10,0.0,20,whole,CA,debt_consolidation,0
0.0,160000.0,5.0,12.98,0.1441191734742912,0,19,10,0.0,20,fractional,PA,debt_consolidation,0
0.0,84000.0,10.0,10.43,0.3051375294982398,0,27,10,0.0,20,whole,MA,credit_card,0
0.0,90000.0,7.0,21.41,0.27923484611087646,0,8,10,0.0,20,whole,WA,debt_consolidation,0
0.0,32000.0,0.0,22.51,0.8014270797076227,0,34,10,0.0,20,whole,FL,debt_consolidation,0
0.0,56309.0,6.0,6.91,0.06532284742897967,0,10,10,0.0,20,whole,CO,debt_consolidation,0
0.0,90000.0,10.0,18.7,0.32720095124851367,0,25,10,0.0,20,whole,TX,house,0
0.0,146000.0,1.0,17.43,0.7151363427819114,0,14,10,0.0,20,whole,CA,debt_consolidation,0
0.0,115000.0,1.0,22.37,0.9376237403510334,0,9,10,0.0,20,fractional,MN,debt_consolidation,0
0.0,25000.0,1.0,16.47,0.5688041392942271,0,16,10,0.0,20,fractional,FL,debt_consolidation,0
0.0,90000.0,10.0,17.17,0.6436895696072559,0,13,10,0.0,20,whole,CA,debt_consolidation,0
0.0,115000.0,5.0,27.04,0.09230769230769231,0,5,10,0.0,20,whole,CA,home_improvement,0
0.0,80000.0,7.0,20.69,0.36806028009190916,0,19,10,0.0,20,whole,MO,other,0
0.0,25252.0,2.0,35.5,0.6568749700254184,0,12,10,0.0,20,whole,IL,debt_consolidation,0
0.0,51000.0,10.0,10.89,0.31088183012597576,0,30,10,0.0,20,whole,SC,debt_consolidation,0
0.0,50000.0,10.0,10.06,0.0873668503362251,3,23,10,0.0,20,whole,TX,credit_card,0
0.0,18000.0,6.0,30.67,0.5169601203912716,0,12,10,0.0,20,fractional,PA,credit_card,1
0.0,150000.0,10.0,19.92,0.653151871667569,0,9,10,0.0,20,whole,CA,credit_card,0
0.0,115000.0,2.0,15.59,0.6477731290075013,0,24,10,0.0,20,whole,CA,credit_card,0
0.0,104000.0,3.0,13.14,0.24132214980329453,0,30,10,0.0,20,whole,ND,credit_card,0
0.0,63000.0,4.0,15.12,0.3251155115511551,0,25,10,0.0,20,whole,MI,credit_card,0
0.0,103000.0,2.0,23.56,0.5769565469629285,1,14,10,0.0,20,whole,CA,home_improvement,0
0.0,35000.0,10.0,22.98,0.6218643262684069,0,17,10,0.0,20,whole,CA,debt_consolidation,0
0.0,94000.0,3.0,9.26,0.7640404040404041,0,16,10,0.0,20,whole,CT,debt_consolidation,0
0.0,135000.0,5.0,27.11,0.4835382677025571,0,19,10,0.0,20,whole,AL,major_purchase,0
0.0,30000.0,2.0,2.0,0.04626506024096386,0,5,10,0.0,20,whole,NY,moving,0
0.0,40000.0,6.0,18.36,0.5983463374868988,0,14,10,0.0,20,whole,CA,home_improvement,0
0.0,57000.0,10.0,8.84,0.05395928876970448,0,11,10,0.0,20,whole,FL,debt_consolidation,0
0.0,72000.0,8.0,13.88,0.11136284419658418,0,41,10,0.0,20,fractional,NY,debt_consolidation,0
0.0,100000.0,10.0,28.99,0.7510236320553442,1,25,10,0.0,20,fractional,CA,other,0
0.0,550000.0,1.0,4.14,0.6550097567721217,0,28,10,0.0,20,whole,CA,debt_consolidation,0
0.0,15000.0,6.0,25.46,0.2682720588235294,0,21,10,0.0,20,whole,LA,other,0
0.0,62400.0,6.0,16.44,0.5203732106339468,0,6,10,0.0,20,whole,NV,credit_card,0
0.0,12000.0,1.0,10.13,0.12699248120300752,0,13,10,0.0,20,whole,IL,other,0
0.0,42996.0,10.0,4.19,0.04029030992546097,2,13,10,0.0,20,whole,GA,other,0
0.0,180000.0,10.0,7.81,0.08430616672507531,4,17,10,0.0,20,whole,PA,debt_consolidation,0
0.0,124000.0,7.0,19.03,0.18516856837598714,0,29,10,0.0,20,whole,TX,debt_consolidation,0
0.0,70000.0,4.0,16.36,0.7595748302536266,0,11,10,0.0,20,whole,CA,renewable_energy,0
0.0,210865.0,9.0,13.2,0.10584199012587714,0,32,10,0.0,20,whole,KS,credit_card,0
0.0,135000.0,6.0,12.58,0.20893940475340803,0,16,10,0.0,20,whole,PA,other,0
0.0,85720.0,10.0,24.52,0.6447265496150113,0,20,10,0.0,20,whole,LA,credit_card,0
0.0,77000.0,0.0,13.28,0.726712539796652,0,15,10,0.0,20,fractional,TX,major_purchase,0
0.0,50000.0,4.0,6.34,0.597232361062621,0,13,10,0.0,20,whole,VA,moving,0
0.0,16356.0,6.0,16.07,0.7610256410256411,0,11,10,0.0,20,whole,GA,major_purchase,0
0.0,137500.0,4.0,9.1,0.6624904201792676,0,15,10,0.0,20,whole,TX,credit_card,0
0.0,42000.0,10.0,35.2,0.38860028511368305,0,18,10,0.0,20,whole,CO,credit_card,0
0.0,100000.0,8.0,10.42,0.08344974501904202,2,27,10,0.0,20,whole,MA,house,0
0.0,178300.0,9.0,19.34,0.16209864881134295,0,19,10,0.0,20,whole,IL,debt_consolidation,0
0.0,50000.0,10.0,12.79,0.2627776173557143,0,18,10,0.0,20,whole,FL,credit_card,0
0.0,29982.0,1.0,30.9,0.7349230524425451,0,26,10,0.0,20,fractional,TN,debt_consolidation,0
0.0,50000.0,2.0,9.15,0.562170961485176,0,11,10,0.0,20,whole,NY,debt_consolidation,0
0.0,75000.0,10.0,16.5,0.42962535399267665,0,16,10,0.0,20,whole,RI,credit_card,0
0.0,120000.0,10.0,36.15,0.31388125172392317,0,30,10,0.0,20,whole,NV,credit_card,0
0.0,100000.0,10.0,22.0,0.1504664490938102,0,23,10,0.0,20,whole,AL,debt_consolidation,0
0.0,66872.0,2.0,18.09,0.8205262371056959,0,12,10,0.0,20,fractional,PA,credit_card,0
0.0,75000.0,8.0,16.02,0.059349363226649576,0,25,10,0.0,20,whole,CA,vacation,0
0.0,40000.0,6.0,34.98,0.2701320895788087,1,21,10,0.0,20,whole,FL,debt_consolidation,0
0.0,125000.0,10.0,18.22,0.10736498895233723,0,20,10,0.0,20,whole,NY,debt_consolidation,0
0.0,55000.0,10.0,9.9,0.9317031146454605,0,8,10,0.0,20,whole,NY,major_purchase,0
0.0,56000.0,10.0,12.99,0.6005768438401319,0,13,10,0.0,20,whole,NY,debt_consolidation,0
0.0,49000.0,1.0,23.59,0.09941079289895624,1,14,10,0.0,20,whole,AZ,major_purchase,0
0.0,41000.0,5.0,13.82,0.4241666666666667,0,12,10,0.0,20,whole,NH,debt_consolidation,0
0.0,44000.0,3.0,27.88,0.7539310954063604,3,12,10,0.0,20,whole,VA,debt_consolidation,0
0.0,221000.0,2.0,12.95,0.01710937463726733,1,11,10,0.0,20,fractional,CA,debt_consolidation,0
0.0,80000.0,2.0,22.16,0.13640137804187313,0,14,10,0.0,20,whole,SC,debt_consolidation,0
0.0,54000.0,3.0,10.49,0.5780872081195325,0,8,10,0.0,20,fractional,CO,other,0
0.0,43200.0,0.0,24.5,0.5794410838635502,0,16,10,0.0,20,fractional,MA,credit_card,0
0.0,80000.0,9.0,11.4,0.18055454831145598,0,13,10,0.0,20,whole,MI,debt_consolidation,0
0.0,57000.0,10.0,29.33,0.14059322033898305,0,13,10,0.0,20,whole,AR,credit_card,0
0.0,122000.0,10.0,15.63,0.09387872641450375,0,19,10,0.0,20,whole,OH,debt_consolidation,0
0.0,31000.0,6.0,26.6,0.5923066049404531,0,18,10,0.0,20,whole,FL,credit_card,0
0.0,70000.0,6.0,25.36,0.2457606339678897,0,23,10,0.0,20,whole,OH,debt_consolidation,0
0.0,45000.0,2.0,22.88,0.8984789161844704,0,5,10,0.0,20,whole,MD,credit_card,0
0.0,53000.0,3.0,8.0,0.7073654390934844,0,4,10,0.0,20,whole,GA,debt_consolidation,0
0.0,58000.0,0.0,14.08,0.740041928721174,0,7,10,0.0,20,fractional,CA,debt_consolidation,0
0.0,120000.0,7.0,15.77,0.15465049222942018,0,24,10,0.0,20,whole,SC,debt_consolidation,0
0.0,20000.0,6.0,12.35,0.6457894736842106,0,11,10,0.0,20,fractional,TN,debt_consolidation,0
0.0,35000.0,6.0,21.09,0.3868232554607811,0,38,10,0.0,20,whole,WV,debt_consolidation,0
0.0,123000.0,2.0,27.76,0.18140539068079248,0,27,10,0.0,20,whole,MN,other,0
0.0,106000.0,8.0,10.31,0.9519282854138564,1,9,10,0.0,20,whole,AZ,credit_card,0
0.0,70000.0,0.0,14.3,0.6003267388774506,0,11,10,0.0,20,whole,IN,major_purchase,0
0.0,51000.0,2.0,21.55,0.5134335763080563,0,8,10,0.0,20,fractional,FL,debt_consolidation,0
0.0,80000.0,10.0,18.89,0.3315037230764105,0,15,10,0.0,20,whole,MN,credit_card,0
0.0,78384.0,6.0,24.98,0.2876224359819036,0,35,10,0.0,20,whole,TX,debt_consolidation,0
0.0,63000.0,4.0,19.05,0.15153371531072699,0,6,10,0.0,20,whole,SC,credit_card,0
0.0,82200.0,0.0,23.21,0.5853905053598775,0,18,10,0.0,20,fractional,OH,debt_consolidation,0
0.0,49920.0,10.0,17.19,0.31742027164790804,0,21,10,0.0,20,whole,NY,debt_consolidation,0
0.0,18000.0,0.0,37.07,0.6285501542389108,0,7,10,0.0,20,fractional,CA,credit_card,0
0.0,112000.0,3.0,2.68,0.028558389261744966,0,14,10,0.0,20,whole,CA,small_business,0
0.0,70000.0,0.0,8.4,0.5486666666666666,0,21,10,0.0,20,fractional,IL,credit_card,0
0.0,50000.0,7.0,23.84,0.29535134592709666,3,26,10,0.0,20,fractional,CA,debt_consolidation,0
0.0,51800.0,10.0,35.38,0.6701536861839981,0,25,10,0.0,20,whole,CT,debt_consolidation,0
0.0,152000.0,2.0,26.92,0.5708788866137836,0,12,10,0.0,20,whole,FL,debt_consolidation,0
0.0,85000.0,4.0,10.72,0.9338864537674807,0,12,10,0.0,20,fractional,GA,credit_card,0
0.0,58000.0,10.0,17.71,0.06614782059380922,0,12,10,0.0,20,whole,CA,other,0
0.0,100000.0,5.0,31.2,0.7923957841582373,0,32,10,0.0,20,whole,KY,vacation,0
0.0,50622.0,9.0,5.95,0.4268827636285719,0,6,10,0.0,20,whole,AL,debt_consolidation,0
0.0,128000.0,6.0,24.05,0.2299876447321505,0,17,10,0.0,20,whole,MD,credit_card,0
0.0,31200.0,4.0,17.95,0.5041361054431147,0,11,10,0.0,20,whole,TX,small_business,0
0.0,140000.0,3.0,25.46,0.5488686586333246,0,21,10,0.0,20,whole,OK,debt_consolidation,0
0.0,75000.0,5.0,16.37,0.5680536775773656,0,16,10,0.0,20,fractional,FL,debt_consolidation,0
0.0,43000.0,0.0,15.92,0.40104925677645004,1,24,10,0.0,20,whole,TN,credit_card,0
0.0,100000.0,10.0,9.37,0.15908575223442817,0,25,10,0.0,20,fractional,NY,debt_consolidation,0
0.0,159000.0,3.0,18.5,1.2044650770204683,0,24,10,0.0,20,whole,GA,credit_card,0
0.0,103960.0,3.0,7.47,0.10757681343047197,0,14,10,0.0,20,whole,TX,home_improvement,0
0.0,67000.0,9.0,33.28,0.5345348837209303,0,25,10,0.0,20,whole,CA,credit_card,0
0.0,70000.0,0.0,8.55,0.508612912925813,0,9,10,0.0,20,whole,CA,major_purchase,0
0.0,30000.0,10.0,18.8,0.30995006242197254,0,20,10,0.0,20,whole,NY,debt_consolidation,0
0.0,107000.0,6.0,28.93,0.8754622973847961,0,18,10,0.0,20,fractional,IL,debt_consolidation,0
0.0,38000.0,3.0,3.27,0.15617977528089888,0,4,10,0.0,20,whole,CA,debt_consolidation,0
0.0,70000.0,10.0,30.64,0.4815513257556133,0,19,10,0.0,20,whole,CA,debt_consolidation,0
0.0,100000.0,6.0,31.02,0.07653914778123497,0,32,10,0.0,20,whole,OK,debt_consolidation,0
0.0,105000.0,10.0,29.27,0.6967209467876846,0,12,10,0.0,20,whole,CA,debt_consolidation,0
0.0,75000.0,0.0,6.77,0.24170596393897364,0,28,10,0.0,20,whole,WA,car,0
0.0,75000.0,6.0,14.77,0.7009061581769988,0,11,10,0.0,20,whole,CA,credit_card,0
0.0,86447.0,7.0,21.03,0.12586981790003873,0,27,10,0.0,20,whole,UT,other,0
0.0,103000.0,3.0,26.79,0.11305703447443376,0,39,10,0.0,20,whole,TN,debt_consolidation,0
0.0,30000.0,0.0,4.28,0.3055855855855856,0,9,10,0.0,20,whole,NJ,other,0
0.0,340000.0,0.0,7.98,0.531525276447837,4,39,10,0.0,20,whole,LA,debt_consolidation,0
0.0,42000.0,0.0,7.95,0.09663134213486473,0,29,10,0.0,20,whole,MO,debt_consolidation,0
0.0,80000.0,2.0,20.48,0.8368839759251534,0,19,10,0.0,20,whole,MA,debt_consolidation,0
0.0,73000.0,10.0,18.01,0.296890756302521,0,19,10,0.0,20,whole,VA,credit_card,0
0.0,87000.0,10.0,32.08,0.16468590831918506,0,37,10,0.0,20,whole,FL,debt_consolidation,0
0.0,95014.0,6.0,33.44,0.7639150121908742,0,29,10,0.0,20,whole,WI,other,0
0.0,65000.0,10.0,37.24,0.5817001520193927,0,32,10,0.0,20,whole,IL,major_purchase,0
0.0,120000.0,10.0,9.38,0.09954684015630434,3,28,10,0.0,20,whole,NC,home_improvement,0
0.0,245000.0,10.0,7.99,0.08280909518683746,0,12,10,0.0,20,whole,RI,credit_card,0
0.0,56000.0,10.0,9.07,0.07081461338377867,1,19,10,0.0,20,whole,IL,other,0
0.0,140000.0,4.0,15.02,0.5560257676211972,0,7,10,0.0,20,fractional,NY,other,0
0.0,119566.91,6.0,15.15,0.03049077121190442,0,22,10,0.0,20,whole,CA,debt_consolidation,0
0.0,72000.0,7.0,17.93,0.13357388057831568,0,15,10,0.0,20,whole,IN,debt_consolidation,0
0.0,40000.0,1.0,22.59,0.6351475853382625,0,7,10,0.0,20,whole,CT,credit_card,0
0.0,59000.0,10.0,11.33,0.14196482598426735,1,26,10,0.0,20,whole,NC,moving,0
0.0,70000.0,4.0,25.3,0.7621878077164086,0,18,10,0.0,20,whole,MI,debt_consolidation,0
0.0,110000.0,2.0,19.55,0.17659237891406504,0,12,10,0.0,20,fractional,MO,debt_consolidation,0
0.0,50000.0,0.0,9.36,0.8208196721311476,0,9,10,0.0,20,whole,AZ,debt_consolidation,0
0.0,75000.0,5.0,11.57,0.7427130819173919,0,12,10,0.0,20,whole,NV,debt_consolidation,0
0.0,55000.0,10.0,10.56,0.7070935084479103,0,13,10,0.0,20,whole,KY,home_improvement,0
0.0,88000.0,10.0,23.21,0.7086456771614192,0,24,10,0.0,20,whole,FL,debt_consolidation,0
0.0,80000.0,3.0,22.65,0.6818370685849326,0,11,10,0.0,20,whole,AZ,credit_card,0
0.0,88000.0,10.0,3.47,0.12292682926829268,0,31,10,0.0,20,whole,NY,debt_consolidation,0
0.0,195000.0,6.0,24.15,0.7345202695072834,0,46,10,0.0,20,whole,NY,debt_consolidation,0
0.0,54750.0,1.0,21.44,1.0316519429741244,0,10,10,0.0,20,whole,FL,credit_card,0
0.0,64000.0,10.0,18.56,1.0360002562295818,0,12,10,0.0,20,whole,CO,debt_consolidation,0
0.0,86000.0,6.0,29.97,0.6682071582923241,0,12,10,0.0,20,whole,NY,debt_consolidation,0
0.0,50000.0,2.0,20.04,0.06601029159519725,1,20,10,0.0,20,whole,VA,credit_card,0
0.0,48000.0,1.0,1.5,0.08959798994974874,0,7,10,0.0,20,fractional,LA,major_purchase,0
0.0,38000.0,2.0,15.0,0.7070928367434763,0,12,10,0.0,20,whole,IL,medical,0
0.0,75000.0,10.0,22.64,0.2921535226637566,0,9,10,0.0,20,whole,IN,debt_consolidation,0
0.0,59871.0,6.0,29.17,0.30690708005189155,0,50,10,0.0,20,whole,AL,debt_consolidation,0
0.0,194000.0,6.0,35.28,0.841466008254521,0,44,10,0.0,20,whole,TX,other,0
0.0,40000.0,3.0,35.16,0.709554857617443,0,15,10,0.0,20,whole,WV,other,0
0.0,100000.0,10.0,21.98,0.46773434941803355,0,13,10,0.0,20,whole,NY,debt_consolidation,0
0.0,233000.0,10.0,14.94,0.2338895326985718,0,15,10,0.0,20,whole,TN,other,0
0.0,95000.0,10.0,14.05,0.12071537548737074,3,14,10,0.0,20,whole,IL,debt_consolidation,0
0.0,20000.0,0.0,3.6,0.5730785683730215,0,9,10,0.0,20,whole,MI,debt_consolidation,0
0.0,89000.0,3.0,23.72,0.3205911127130426,0,9,10,0.0,20,whole,IL,debt_consolidation,0
0.0,26895.0,6.0,2.98,0.0037627651217596227,0,14,10,0.0,20,whole,FL,major_purchase,1
0.0,110000.0,5.0,2.1,0.32728813559322034,0,11,10,0.0,20,whole,MI,credit_card,0
0.0,200000.0,5.0,4.66,0.016756903173379856,1,15,10,0.0,20,whole,IL,home_improvement,1
0.0,64000.0,10.0,13.54,0.21917920712804614,1,15,10,0.0,20,whole,NY,debt_consolidation,0
0.0,121500.0,1.0,25.76,0.9675060610958461,1,13,10,0.0,20,whole,ID,debt_consolidation,0
0.0,226000.0,2.0,17.32,0.1750397648722746,0,22,10,0.0,20,whole,VA,credit_card,0
0.0,47000.0,3.0,18.23,0.12862179487179487,1,24,10,0.0,20,fractional,MI,major_purchase,0
0.0,130000.0,2.0,15.07,0.5130704219947623,0,6,10,0.0,20,whole,WA,debt_consolidation,0
0.0,31000.0,2.0,30.89,0.7123445266882286,0,6,10,0.0,20,fractional,OH,debt_consolidation,0
0.0,50000.0,3.0,4.99,0.15885395941106248,0,5,10,0.0,20,whole,NY,small_business,0
0.0,37000.0,0.0,6.26,0.25240802675585283,0,10,10,0.0,20,whole,NE,credit_card,0
0.0,61000.0,2.0,10.58,0.3637529982707648,1,29,10,0.0,20,whole,FL,home_improvement,0
0.0,32900.0,9.0,30.35,0.753125,0,37,10,0.0,20,whole,WA,debt_consolidation,0
0.0,92000.0,10.0,18.41,0.08901751957922123,0,16,10,0.0,20,whole,NJ,debt_consolidation,0
0.0,120000.0,10.0,17.91,0.11412316722483225,0,17,10,0.0,20,whole,GA,debt_consolidation,0
0.0,116000.0,10.0,11.52,0.4357782799588887,1,23,10,0.0,20,whole,MD,home_improvement,0
0.0,92000.0,10.0,13.71,0.4750223754433653,1,22,10,0.0,20,whole,NJ,debt_consolidation,0
0.0,167000.0,10.0,21.9,0.749723960250276,1,15,10,0.0,20,whole,VA,credit_card,0
0.0,109400.0,8.0,32.07,0.23458521664208257,0,13,10,0.0,20,whole,AZ,credit_card,0
0.0,31000.0,6.0,21.33,0.51241172241722,0,12,10,0.0,20,whole,MI,major_purchase,0
0.0,50000.0,3.0,4.37,0.015014499225658333,0,9,10,0.0,20,whole,FL,debt_consolidation,0
0.0,75000.0,6.0,28.42,1.0040225911592784,0,12,10,0.0,20,whole,AK,debt_consolidation,0
0.0,54000.0,6.0,13.37,0.10792063840377647,0,16,10,0.0,20,whole,TN,credit_card,0
0.0,115000.0,4.0,27.78,0.8290693567612909,0,16,10,0.0,20,whole,CT,debt_consolidation,0
0.0,45000.0,5.0,28.67,0.8465177741161884,2,20,10,0.0,20,whole,CA,debt_consolidation,0
0.0,79312.0,7.0,30.9,0.7733859872974688,0,13,10,0.0,20,fractional,CO,debt_consolidation,0
0.0,155000.0,2.0,27.35,0.33127821039133426,0,19,10,0.0,20,whole,NY,debt_consolidation,0
0.0,126000.0,2.0,23.24,0.4983346806790622,0,25,10,0.0,20,whole,CA,credit_card,0
0.0,23000.0,10.0,24.93,0.6173309608540926,1,34,10,0.0,20,fractional,FL,house,0
0.0,65000.0,0.0,12.26,0.7379012277707427,0,5,10,0.0,20,whole,NY,debt_consolidation,0
0.0,66900.0,2.0,30.68,0.2685131081765416,1,19,10,0.0,20,whole,NY,credit_card,0
0.0,72000.0,10.0,15.23,0.1489285329695969,0,19,10,0.0,20,whole,NJ,house,0
0.0,115000.0,10.0,13.77,0.13392614716263915,0,22,10,0.0,20,fractional,OK,credit_card,0
0.0,137000.0,3.0,6.93,0.9062233106904295,0,15,10,0.0,20,fractional,MI,car,0
0.0,30000.0,3.0,1.0,1.0076535832685303,0,4,10,0.0,20,whole,NY,major_purchase,0
0.0,21000.0,6.0,20.91,0.5505603448275862,0,8,10,0.0,20,whole,CA,other,0
0.0,62000.0,10.0,28.44,0.6687084154316228,0,17,10,0.0,20,fractional,NY,moving,0
0.0,160000.0,10.0,13.68,0.410426338568015,0,11,10,0.0,20,whole,WA,home_improvement,0
0.0,95000.0,6.0,15.98,0.20045442557766824,0,42,10,0.0,20,whole,TX,debt_consolidation,0
0.0,60000.0,2.0,16.36,0.8801469743943048,0,14,10,0.0,20,fractional,CA,vacation,0
0.0,93000.0,8.0,19.29,0.11808321270536626,0,14,10,0.0,20,whole,CO,home_improvement,0
0.0,120000.0,8.0,22.74,0.1816351282011413,0,7,10,0.0,20,whole,TX,credit_card,0
0.0,58000.0,6.0,31.92,0.9522111727235232,0,11,10,0.0,20,fractional,MA,debt_consolidation,0
0.0,65000.0,10.0,8.95,0.33845123642799063,1,12,10,0.0,20,whole,AZ,major_purchase,0
0.0,28000.0,2.0,8.96,0.8435704323570432,1,15,10,0.0,20,whole,GA,debt_consolidation,0
0.0,111000.0,4.0,4.7,0.085609568387984,0,15,10,0.0,20,whole,GA,home_improvement,0
0.0,70000.0,10.0,19.65,0.46165953281252997,0,30,10,0.0,20,whole,CO,debt_consolidation,0
0.0,57500.0,10.0,8.97,0.15713322091062396,1,14,10,0.0,20,whole,NC,other,0
0.0,133500.0,2.0,38.93,0.6798487455603303,1,20,10,0.0,20,whole,TX,credit_card,0
0.0,40000.0,1.0,25.83,0.747726592536317,0,9,10,0.0,20,whole,NV,debt_consolidation,0
0.0,143000.0,2.0,25.29,0.5099832857812034,1,35,10,0.0,20,whole,MI,credit_card,0
0.0,32000.0,4.0,24.53,0.1718717359515354,0,9,10,0.0,20,whole,AZ,debt_consolidation,0
0.0,85000.0,6.0,18.3,0.6693484568715379,0,14,10,0.0,20,whole,FL,credit_card,0
0.0,35000.0,10.0,17.35,0.7830596369922213,0,11,10,0.0,20,whole,OR,debt_consolidation,0
0.0,72000.0,0.0,9.65,0.7196947573889922,0,18,10,0.0,20,whole,FL,credit_card,0
0.0,58000.0,2.0,31.91,0.6056448821622983,0,13,10,0.0,20,whole,VA,debt_consolidation,0
0.0,80000.0,10.0,19.29,0.22902875670236603,0,17,10,0.0,20,whole,WI,debt_consolidation,0
0.0,155000.0,10.0,16.67,0.2930144741135437,0,13,10,0.0,20,whole,TX,major_purchase,0
0.0,50000.0,10.0,19.97,0.17092263519623802,0,17,10,0.0,20,whole,IL,debt_consolidation,0
0.0,38000.0,2.0,25.55,1.0171217475104402,0,14,10,0.0,20,whole,FL,debt_consolidation,0
0.0,110000.0,8.0,22.52,0.4504127535153788,0,16,10,0.0,20,whole,OH,debt_consolidation,0
0.0,81000.0,0.0,32.35,0.6247063700428355,0,30,10,0.0,20,fractional,TX,debt_consolidation,0
0.0,128000.0,6.0,9.99,0.163066152102492,0,17,10,0.0,20,whole,AZ,home_improvement,0
0.0,197280.0,10.0,21.12,0.1833434587144816,1,41,10,0.0,20,fractional,MI,other,0
0.0,120000.0,10.0,21.61,0.5702670851044108,0,28,10,0.0,20,whole,MS,debt_consolidation,0
0.0,142500.0,6.0,7.19,0.5385962230590721,0,12,10,0.0,20,whole,TN,debt_consolidation,0
0.0,34000.0,5.0,16.13,0.6659550561797752,0,13,10,0.0,20,whole,WI,credit_card,0
0.0,60000.0,10.0,9.06,0.36085616438356166,0,12,10,0.0,20,whole,TX,debt_consolidation,0
0.0,130000.0,1.0,6.14,0.26529323928957305,0,5,10,0.0,20,whole,NY,debt_consolidation,0
0.0,95000.0,10.0,20.2,0.26877340823970036,0,29,10,0.0,20,whole,CA,other,0
0.0,23920.0,3.0,12.29,0.5174721189591078,0,25,10,0.0,20,whole,OH,major_purchase,0
0.0,140000.0,4.0,28.59,0.221962202499484,0,18,10,0.0,20,whole,CT,debt_consolidation,0
0.0,170000.0,10.0,20.68,0.1838371375694016,0,23,10,0.0,20,whole,KY,credit_card,0
0.0,80000.0,6.0,15.5,0.11098840191260899,0,22,10,0.0,20,whole,CA,credit_card,0
0.0,80000.0,10.0,21.26,0.3687730873529349,0,8,10,0.0,20,fractional,NV,credit_card,0
0.0,51921.0,10.0,31.53,0.34989333333333333,0,14,10,0.0,20,fractional,CA,credit_card,0
0.0,150000.0,4.0,6.36,0.11168062513297615,0,11,10,0.0,20,whole,NC,medical,0
0.0,77000.0,10.0,17.77,0.3594623655913978,0,13,10,0.0,20,whole,NY,debt_consolidation,0
0.0,100000.0,10.0,13.73,0.7230811974716955,0,16,10,0.0,20,whole,MI,home_improvement,0
0.0,60000.0,3.0,12.82,0.5205204460966543,0,19,10,0.0,20,whole,MS,debt_consolidation,0
0.0,250000.0,10.0,22.42,0.17899094866958493,0,30,10,0.0,20,whole,OR,credit_card,0
0.0,42000.0,10.0,27.74,0.7655976346961451,0,22,10,0.0,20,whole,MI,credit_card,0
0.0,47000.0,3.0,28.19,0.5136716887575093,1,33,10,0.0,20,fractional,IL,home_improvement,0
0.0,32000.0,1.0,14.82,0.5739453851424097,0,11,10,0.0,20,whole,FL,house,0
0.0,92000.0,4.0,25.3,0.86514167799084,0,10,10,0.0,20,whole,MD,debt_consolidation,0
0.0,85000.0,3.0,3.52,0.17014732965009208,0,12,10,0.0,20,whole,FL,credit_card,0
0.0,240000.0,10.0,15.46,0.6405360598268225,0,35,10,0.0,20,whole,NY,debt_consolidation,0
0.0,130000.0,7.0,19.73,0.2005438989293451,0,21,10,0.0,20,whole,CT,debt_consolidation,0
0.0,84000.0,10.0,14.24,0.7219838940317603,0,14,10,0.0,20,fractional,NJ,moving,0
0.0,60000.0,4.0,28.02,0.6438252915852272,0,6,10,0.0,20,whole,CA,debt_consolidation,0
0.0,59500.0,4.0,27.83,0.4098869614084222,0,39,10,0.0,20,whole,NC,debt_consolidation,0
0.0,175900.0,2.0,12.51,0.2046492904140407,0,14,10,0.0,20,whole,FL,debt_consolidation,0
0.0,115000.0,6.0,24.28,0.18283787439253033,0,14,10,0.0,20,whole,MD,other,0
0.0,50000.0,0.0,18.18,0.09683459199149429,0,12,10,0.0,20,whole,CA,debt_consolidation,0
0.0,45000.0,1.0,11.65,1.1220743996820126,0,14,10,0.0,20,whole,NC,debt_consolidation,0
0.0,307300.0,10.0,1.35,0.0855489132817867,0,45,10,0.0,20,whole,AR,medical,0
0.0,45000.0,3.0,22.96,0.8357055110772229,0,6,10,0.0,20,whole,NJ,debt_consolidation,0
0.0,98000.0,10.0,23.6,0.261541966184064,0,13,10,0.0,20,whole,PA,debt_consolidation,0
0.0,50000.0,6.0,10.9,0.08605670828119392,0,10,10,0.0,20,whole,TX,debt_consolidation,0
0.0,64000.0,6.0,16.71,0.02464788732394366,0,15,10,0.0,20,whole,OH,home_improvement,0
0.0,86000.0,10.0,8.37,0.3185489721886336,0,15,10,0.0,20,whole,WA,debt_consolidation,0
0.0,38000.0,5.0,22.64,0.5251621621621622,0,23,10,0.0,20,fractional,DE,debt_consolidation,0
0.0,20376.0,6.0,22.08,0.4526875,0,19,10,0.0,20,fractional,OH,other,0
0.0,95634.0,10.0,18.38,0.5313338997451147,0,21,10,0.0,20,whole,CA,debt_consolidation,0
0.0,107316.0,6.0,14.47,0.15036812791496854,0,13,10,0.0,20,whole,FL,debt_consolidation,0
0.0,155000.0,0.0,19.39,0.05214468183584884,0,23,10,0.0,20,whole,NY,credit_card,0
0.0,93000.0,2.0,22.77,0.3083259641951617,0,21,10,0.0,20,whole,FL,other,0
0.0,35000.0,1.0,17.73,0.4188122605363985,0,8,10,0.0,20,whole,KS,debt_consolidation,0
0.0,90000.0,10.0,8.32,0.07429541013800577,0,13,10,0.0,20,fractional,AZ,debt_consolidation,0
0.0,175000.0,6.0,18.74,0.8567679147868233,0,20,10,0.0,20,whole,MD,medical,0
0.0,143000.0,6.0,27.63,0.40507459405995,0,15,10,0.0,20,whole,IL,debt_consolidation,0
0.0,142000.0,10.0,14.98,0.12338814314523554,0,25,10,0.0,20,whole,IN,credit_card,0
0.0,65000.0,5.0,9.64,0.8072558139534883,0,16,10,0.0,20,whole,CA,debt_consolidation,0
0.0,140000.0,10.0,10.77,0.06179721136272436,0,18,10,0.0,20,whole,WA,debt_consolidation,0
0.0,50066.0,10.0,28.4,0.685721594231144,0,34,10,0.0,20,whole,NY,debt_consolidation,0
0.0,50000.0,9.0,36.89,0.5158573744588819,0,15,10,0.0,20,whole,NY,debt_consolidation,0
0.0,38600.0,2.0,11.88,0.7671345029239766,1,22,10,0.0,20,whole,TX,debt_consolidation,0
0.0,71000.0,3.0,23.48,0.669631529593469,0,13,10,0.0,20,whole,TX,medical,0
0.0,126000.0,0.0,6.76,0.10920390536988359,2,20,10,0.0,20,whole,TX,credit_card,0
0.0,21049.0,6.0,25.31,0.2869596512976367,0,18,10,0.0,20,whole,TX,debt_consolidation,0
0.0,117000.0,5.0,19.48,0.48919041590024126,0,16,10,0.0,20,whole,OH,debt_consolidation,0
0.0,65000.0,10.0,33.22,0.41524723528664037,0,14,10,0.0,20,whole,FL,debt_consolidation,0
0.0,52000.0,10.0,13.09,0.46643741246398923,0,30,10,0.0,20,whole,NJ,other,0
0.0,95000.0,2.0,24.46,1.0614962324669217,0,11,10,0.0,20,whole,NV,debt_consolidation,0
0.0,30000.0,3.0,30.8,0.6775788471578171,0,4,10,0.0,20,whole,NY,credit_card,0
0.0,50000.0,1.0,17.38,0.5172427709506225,0,13,10,0.0,20,whole,GA,other,0
0.0,168500.0,10.0,19.22,0.3124891423000433,0,15,10,0.0,20,whole,TX,debt_consolidation,0
0.0,170000.0,7.0,11.61,0.17970377126019985,1,24,10,0.0,20,whole,NJ,credit_card,0
0.0,56000.0,2.0,18.86,0.04164170161773517,0,16,10,0.0,20,whole,ID,debt_consolidation,0
0.0,38500.0,2.0,10.91,0.37269121813031164,0,13,10,0.0,20,whole,WA,debt_consolidation,0
0.0,60000.0,3.0,9.89,0.2952408156090701,0,6,10,0.0,20,whole,CA,other,0
0.0,85000.0,4.0,12.88,0.08916268311488049,0,16,10,0.0,20,whole,SD,debt_consolidation,0
0.0,122000.0,2.0,2.2,0.35869047619047617,1,24,10,0.0,20,whole,CA,home_improvement,0
0.0,115000.0,10.0,19.2,0.4617235334842362,0,15,10,0.0,20,whole,NJ,home_improvement,0
0.0,110000.0,3.0,6.79,0.038944361453992715,0,12,10,0.0,20,whole,CA,credit_card,0
0.0,50000.0,10.0,13.73,0.13212008666047664,0,13,10,0.0,20,whole,OH,credit_card,0
0.0,41500.0,1.0,24.15,0.597319587628866,0,18,10,0.0,20,whole,NJ,debt_consolidation,0
0.0,180000.0,3.0,15.76,0.18179132842444667,1,35,10,0.0,20,fractional,PA,debt_consolidation,0
0.0,110000.0,10.0,10.66,0.33708229426433917,0,17,10,0.0,20,whole,IL,debt_consolidation,0
0.0,34840.0,1.0,19.49,0.7711242603550296,0,22,10,0.0,20,whole,TX,debt_consolidation,0
0.0,63000.0,10.0,12.25,0.14116494592887618,3,22,10,0.0,20,whole,GA,car,0
0.0,105000.0,10.0,14.46,0.11917788576435911,0,17,10,0.0,20,whole,NE,debt_consolidation,0
0.0,80000.0,2.0,18.86,0.6069035134453075,1,12,10,0.0,20,whole,OR,debt_consolidation,0
0.0,230000.0,2.0,24.08,0.434429179836004,0,29,10,0.0,20,whole,TX,debt_consolidation,0
0.0,45000.0,10.0,25.92,0.42693999254565784,0,13,10,0.0,20,whole,RI,debt_consolidation,0
0.0,48000.0,7.0,7.38,0.4477325581395349,0,15,10,0.0,20,whole,IN,debt_consolidation,0
0.0,60000.0,10.0,4.74,0.6867764915405165,0,17,10,0.0,20,whole,NY,debt_consolidation,0
0.0,94000.0,3.0,17.14,0.17639024634739242,0,15,10,0.0,20,whole,NV,debt_consolidation,0
0.0,140000.0,10.0,13.78,0.08905600912286418,0,14,10,0.0,20,whole,CA,other,0
0.0,120000.0,8.0,32.98,0.5880333092454011,0,20,10,0.0,20,whole,TX,major_purchase,0
0.0,235000.0,10.0,3.3,0.6127746012639181,0,12,10,0.0,20,whole,CA,debt_consolidation,0
0.0,68000.0,6.0,29.96,0.7277511221173193,0,8,10,0.0,20,whole,FL,debt_consolidation,0
0.0,225000.0,10.0,11.01,0.47063546493150227,1,14,10,0.0,20,whole,CT,moving,0
0.0,45000.0,4.0,18.24,0.3898385462697506,0,23,10,0.0,20,whole,MA,credit_card,0
0.0,85000.0,2.0,19.17,0.1377882456044257,2,18,10,0.0,20,fractional,IL,home_improvement,0
0.0,12250.0,6.0,6.18,0.33253623188405795,0,19,10,0.0,20,fractional,CO,other,0
0.0,100000.0,10.0,4.94,0.23475448157762405,0,27,10,0.0,20,whole,NY,home_improvement,0
0.0,72000.0,3.0,5.7,0.3683288409703504,0,12,10,0.0,20,whole,TX,small_business,0
0.0,90000.0,8.0,29.51,0.5102702241680763,0,36,10,0.0,20,whole,CA,debt_consolidation,0
0.0,165406.0,2.0,25.24,0.7220076625994368,0,11,10,0.0,20,whole,TX,credit_card,0
0.0,43000.0,6.0,15.94,0.46800270486260526,0,17,10,0.0,20,whole,UT,vacation,0
0.0,35000.0,3.0,16.34,0.2874560583811685,0,10,10,0.0,20,fractional,VA,major_purchase,0
0.0,52500.0,0.0,22.56,0.0053242869396555054,0,12,10,0.0,20,whole,KY,debt_consolidation,0
0.0,123000.0,0.0,15.86,0.1831320630693645,0,14,10,0.0,20,whole,GA,home_improvement,0
0.0,44725.5,10.0,0.94,0.02174874306021847,1,24,10,0.0,20,whole,OH,home_improvement,0
0.0,143000.0,10.0,21.95,0.66438872015211,0,19,10,0.0,20,whole,LA,debt_consolidation,0
0.0,93000.0,6.0,10.05,0.08876179426986558,0,26,10,0.0,20,whole,PA,credit_card,0
0.0,150000.0,5.0,17.5,0.15007283989496556,3,40,10,0.0,20,whole,CA,other,0
0.0,66000.0,6.0,12.58,0.5641547861507128,0,5,10,0.0,20,whole,NY,credit_card,0
0.0,21000.0,10.0,7.37,0.05662874390527049,0,13,10,0.0,20,whole,WA,credit_card,0
0.0,42240.0,7.0,7.78,0.09441002831189828,0,12,10,0.0,20,whole,NY,credit_card,0
0.0,62000.0,8.0,11.15,0.283108428832983,0,25,10,0.0,20,whole,WA,medical,0
0.0,75000.0,2.0,10.59,0.09018127351321996,0,13,10,0.0,20,whole,MI,debt_consolidation,0
0.0,350000.0,8.0,14.26,0.3173319858514401,0,12,10,0.0,20,fractional,CT,small_business,0
0.0,33300.0,6.0,17.91,0.6492307692307693,1,21,10,0.0,20,whole,CA,home_improvement,0
0.0,65000.0,0.0,6.96,0.4232558139534884,0,4,10,0.0,20,whole,TX,debt_consolidation,0
0.0,140000.0,10.0,19.54,0.674493379416425,0,35,10,0.0,20,whole,CA,debt_consolidation,0
0.0,35000.0,6.0,30.66,0.7326754385964912,0,20,10,0.0,20,whole,CA,vacation,0
0.0,77000.0,2.0,36.76,0.7133891685667201,0,4,10,0.0,20,whole,AR,debt_consolidation,0
0.0,38000.0,10.0,37.43,0.14915272408086142,0,9,10,0.0,20,whole,MI,debt_consolidation,0
0.0,230000.0,10.0,14.59,0.204543934453641,0,14,10,0.0,20,whole,NY,other,1
0.0,72000.0,0.0,9.65,0.21106666666666668,0,6,10,0.0,20,fractional,IL,debt_consolidation,0
0.0,30000.0,0.0,30.19,0.6185416666666667,0,9,10,0.0,20,whole,NY,debt_consolidation,0
0.0,27000.0,7.0,15.91,0.4822529644268775,1,10,10,0.0,20,whole,NY,other,0
0.0,50000.0,10.0,8.02,0.7573106600481644,0,13,10,0.0,20,whole,MI,debt_consolidation,0
0.0,170700.0,10.0,37.66,0.34111817082314055,0,30,10,0.0,20,fractional,FL,home_improvement,0
0.0,14000.0,6.0,14.41,0.17682692307692308,0,6,10,0.0,20,whole,CA,home_improvement,0
0.0,75000.0,10.0,27.26,0.20201257489167235,0,14,10,0.0,20,fractional,MI,debt_consolidation,0
0.0,56000.0,10.0,15.82,0.15157703653278876,0,24,10,0.0,20,whole,VA,credit_card,0
0.0,97000.0,2.0,17.41,0.46594180328642487,1,14,10,0.0,20,whole,LA,credit_card,0
0.0,43025.8,10.0,20.75,0.6767361111111111,0,13,10,0.0,20,whole,OH,debt_consolidation,0
0.0,80000.0,7.0,13.83,0.4503448134733051,0,30,10,0.0,20,whole,MD,other,0
0.0,39000.0,10.0,0.0,0.0,0,12,10,0.0,20,whole,FL,other,1
0.0,48000.0,10.0,23.3,0.42750897950559896,0,19,10,0.0,20,whole,TN,debt_consolidation,0
0.0,114000.0,10.0,30.36,0.7412289545317068,0,17,10,0.0,20,whole,OH,credit_card,0
0.0,72000.0,6.0,17.69,0.5427075812274368,2,48,10,0.0,20,whole,CA,debt_consolidation,0
0.0,75000.0,10.0,26.21,0.7482868824139123,0,5,10,0.0,20,whole,NC,credit_card,0
0.0,198999.0,0.0,11.63,0.7717495270686761,1,16,10,0.0,20,fractional,TX,debt_consolidation,0
0.0,65895.0,5.0,16.79,0.6723595505617977,0,31,10,0.0,20,whole,AZ,other,0
0.0,60000.0,10.0,20.0,0.09413134732566013,0,28,10,0.0,20,whole,CA,credit_card,0
0.0,44500.0,10.0,23.89,0.3864340325426387,0,8,10,0.0,20,fractional,TX,other,0
0.0,51000.0,8.0,27.04,0.231809550918678,0,13,10,0.0,20,whole,AK,credit_card,0
0.0,155000.0,10.0,18.68,0.2405981916742388,0,13,10,0.0,20,whole,OH,debt_consolidation,0
0.0,120000.0,5.0,7.46,0.43603415559772296,0,12,10,0.0,20,whole,MO,credit_card,0
0.0,92000.0,9.0,29.13,0.7725926139438952,0,17,10,0.0,20,whole,NY,debt_consolidation,0
0.0,27000.0,6.0,7.6,0.5051960784313726,0,16,10,0.0,20,whole,TX,credit_card,0
0.0,35000.0,10.0,13.07,0.5927425586498933,0,12,10,0.0,20,whole,NM,credit_card,0
0.0,56000.0,10.0,29.25,0.46005417863657716,0,15,10,0.0,20,whole,MO,home_improvement,0
0.0,55000.0,10.0,18.28,0.1749594574671974,1,14,10,0.0,20,whole,CA,debt_consolidation,0
0.0,54200.0,10.0,35.27,0.16409611408457714,0,12,10,0.0,20,whole,LA,debt_consolidation,0
0.0,150000.0,4.0,17.57,0.26374538455671553,2,24,10,0.0,20,whole,MD,debt_consolidation,0
0.0,75000.0,6.0,25.09,0.15387602708926648,0,23,10,0.0,20,whole,NJ,major_purchase,0
0.0,62000.0,6.0,11.98,0.31528487229862473,0,8,10,0.0,20,whole,FL,credit_card,0
0.0,355000.0,10.0,18.41,0.29616063882493515,0,18,10,0.0,20,whole,CT,debt_consolidation,0
0.0,110000.0,4.0,20.75,0.0822604348536043,0,25,10,0.0,20,whole,CA,debt_consolidation,0
0.0,100000.0,10.0,26.61,0.1836273616965262,0,19,10,0.0,20,whole,NY,debt_consolidation,0
0.0,195000.0,10.0,3.77,0.7288220551378446,0,17,10,0.0,20,whole,CA,other,0
0.0,18900.0,6.0,12.19,0.430935960591133,0,31,10,0.0,20,whole,CT,debt_consolidation,0
0.0,107000.0,8.0,4.23,0.13224269016908122,1,5,10,0.0,20,whole,GA,home_improvement,0
0.0,72000.0,10.0,20.7,0.6655290102389079,0,8,10,0.0,20,whole,FL,debt_consolidation,0
0.0,55000.0,2.0,14.79,0.2615822908889176,0,10,10,0.0,20,fractional,DE,credit_card,0
0.0,97000.0,7.0,27.6,0.8528121272336235,0,9,10,0.0,20,whole,WA,credit_card,0
0.0,68000.0,10.0,10.52,0.685063801729822,2,11,10,0.0,20,whole,OH,debt_consolidation,0
0.0,233000.0,4.0,23.15,0.21129111636721562,0,16,10,0.0,20,fractional,GA,moving,0
0.0,115000.0,10.0,27.59,0.7504364227381263,0,21,10,0.0,20,whole,NY,debt_consolidation,0
0.0,175000.0,2.0,16.58,0.413756784135354,0,10,10,0.0,20,whole,FL,home_improvement,0
0.0,42000.0,7.0,16.2,0.7974091593205762,0,15,10,0.0,20,whole,FL,small_business,0
0.0,61000.0,0.0,16.45,0.5334065934065934,0,13,10,0.0,20,whole,CA,debt_consolidation,0
0.0,46080.0,0.0,19.38,0.502872261816795,0,13,10,0.0,20,whole,CA,debt_consolidation,0
0.0,125000.0,1.0,4.09,0.41261112259665084,2,17,10,0.0,20,whole,IL,debt_consolidation,0
0.0,81000.0,5.0,2.81,0.00025,0,5,10,0.0,20,whole,VA,debt_consolidation,0
0.0,110000.0,5.0,19.29,0.6516250869694862,0,6,10,0.0,20,whole,NC,credit_card,0
0.0,38000.0,10.0,23.47,0.7935620938370349,0,14,10,0.0,20,whole,OH,credit_card,0
0.0,144000.0,8.0,34.26,0.2152703276764564,0,42,10,0.0,20,whole,TX,credit_card,0
0.0,55000.0,6.0,22.13,0.34741953656983293,0,15,10,0.0,20,whole,IN,debt_consolidation,0
0.0,29120.0,0.0,5.11,0.19655172413793104,0,5,10,0.0,20,whole,IL,other,0
0.0,150000.0,4.0,15.4,0.6867797526049314,0,13,10,0.0,20,whole,CA,debt_consolidation,0
0.0,150000.0,7.0,20.52,0.17171739873786548,0,20,10,0.0,20,whole,PA,home_improvement,0
0.0,80000.0,1.0,15.35,0.12657682745474066,0,18,10,0.0,20,fractional,IL,debt_consolidation,0
0.0,145000.0,4.0,16.14,0.05822077913214398,0,22,10,0.0,20,whole,MA,debt_consolidation,0
0.0,65000.0,8.0,18.71,0.5953136618364497,0,4,10,0.0,20,fractional,CA,debt_consolidation,0
0.0,106000.0,6.0,8.74,0.5297745901639345,0,6,10,0.0,20,whole,CA,other,0
0.0,74000.0,10.0,21.1,0.6432392918816413,0,14,10,0.0,20,whole,MA,home_improvement,0
0.0,29000.0,2.0,3.44,0.008734959349593495,1,13,10,0.0,20,whole,IL,car,0
0.0,86000.0,7.0,32.17,0.7405808811022283,0,10,10,0.0,20,whole,NY,debt_consolidation,0
0.0,111300.0,4.0,24.01,0.33447607228728765,0,5,10,0.0,20,whole,MI,credit_card,0
0.0,71000.0,3.0,20.64,0.4012234049009018,0,32,10,0.0,20,whole,IL,debt_consolidation,0
0.0,56000.0,10.0,18.02,0.5232291666666666,0,14,10,0.0,20,fractional,IL,credit_card,0
0.0,190000.0,10.0,8.24,0.1650799152288424,0,22,10,0.0,20,fractional,TX,home_improvement,0
0.0,55000.0,6.0,16.65,0.12007544943368227,1,43,10,0.0,20,whole,SC,other,0
0.0,74000.0,10.0,26.24,0.15413994448166937,0,39,10,0.0,20,whole,AZ,credit_card,0
0.0,115000.0,7.0,24.54,0.3196535031053967,1,11,10,0.0,20,whole,AZ,debt_consolidation,0
0.0,108000.0,4.0,20.82,0.6971806955575435,0,13,10,0.0,20,whole,NY,debt_consolidation,0
0.0,105000.0,3.0,13.02,0.7189147286821705,0,9,10,0.0,20,whole,OH,debt_consolidation,0
0.0,75000.0,5.0,17.7,0.33941942784737317,3,17,10,0.0,20,fractional,VA,debt_consolidation,0
0.0,62400.0,10.0,20.27,0.08104780358588212,0,18,10,0.0,20,whole,NM,debt_consolidation,0
0.0,148000.0,10.0,14.79,0.3082127283526736,0,24,10,0.0,20,whole,VA,debt_consolidation,0
0.0,51072.0,5.0,31.3,0.5551534553552787,0,8,10,0.0,20,whole,NC,debt_consolidation,0
0.0,120000.0,4.0,14.85,0.15219986438865066,0,11,10,0.0,20,whole,IL,credit_card,0
0.0,95000.0,2.0,24.47,0.32951655079474157,0,12,10,0.0,20,whole,NC,debt_consolidation,0
0.0,79500.0,10.0,11.03,0.1743779016275553,1,13,10,0.0,20,whole,SC,debt_consolidation,0
0.0,66900.0,0.0,20.66,0.23177721088435374,0,27,10,0.0,20,whole,PA,credit_card,0
0.0,25000.0,6.0,22.22,0.20749244712990936,0,17,10,0.0,20,whole,IL,credit_card,0
0.0,165000.0,9.0,20.6,0.2697399008402174,0,12,10,0.0,20,whole,LA,debt_consolidation,0
0.0,150000.0,9.0,32.52,0.6667417237804392,0,22,10,0.0,20,fractional,NJ,major_purchase,0
0.0,42000.0,4.0,19.09,0.5284538909838875,0,21,10,0.0,20,whole,MN,credit_card,0
0.0,50000.0,3.0,1.8,0.13070539419087138,0,4,10,0.0,20,whole,IL,debt_consolidation,0
0.0,65000.0,9.0,8.01,0.34491207056133283,0,12,10,0.0,20,whole,CA,small_business,0
0.0,65000.0,2.0,34.51,0.28771217688095907,0,11,10,0.0,20,whole,OK,debt_consolidation,0
0.0,180000.0,9.0,8.83,0.15268680843947713,1,14,10,0.0,20,whole,AZ,debt_consolidation,0
0.0,57000.0,10.0,16.97,0.6072832445934399,0,14,10,0.0,20,whole,FL,credit_card,0
0.0,171000.0,6.0,28.03,0.5710237209450221,0,13,10,0.0,20,whole,MS,major_purchase,0
0.0,59019.0,6.0,16.27,0.24994763353448707,0,35,10,0.0,20,fractional,MT,other,0
0.0,49000.0,2.0,21.48,0.03908574046559277,0,14,10,0.0,20,fractional,IL,debt_consolidation,1
0.0,104000.0,1.0,21.22,0.7105647554468995,0,24,10,0.0,20,whole,VA,other,0
0.0,72000.0,10.0,13.68,0.24250811421827143,0,32,10,0.0,20,whole,MN,other,0
0.0,48000.0,6.0,3.18,0.31396069155825873,0,12,10,0.0,20,whole,FL,credit_card,0
0.0,69612.0,2.0,17.07,0.5789102816521937,0,10,10,0.0,20,whole,AZ,debt_consolidation,0
0.0,135000.0,2.0,8.81,0.09373376112117156,0,19,10,0.0,20,fractional,NY,major_purchase,0
0.0,140000.0,5.0,19.91,0.38439125445250905,2,12,10,0.0,20,whole,CA,debt_consolidation,0
0.0,25000.0,6.0,27.84,0.3742106186410946,0,17,10,0.0,20,whole,WI,debt_consolidation,0
0.0,107000.0,10.0,25.07,0.213355901250515,0,35,10,0.0,20,whole,PA,debt_consolidation,0
0.0,85000.0,10.0,6.72,0.0707746811525744,1,23,10,0.0,20,whole,AZ,credit_card,0
0.0,35000.0,2.0,4.87,0.4791156462585034,0,15,10,0.0,20,whole,NY,other,0
0.0,61766.0,2.0,11.83,0.34189319254842326,0,14,10,0.0,20,whole,NY,credit_card,0
0.0,75765.0,6.0,35.08,0.597125515646759,0,38,10,0.0,20,whole,CA,debt_consolidation,0
0.0,94000.0,2.0,20.55,0.53146241263405,0,24,10,0.0,20,whole,IL,debt_consolidation,0
0.0,195000.0,10.0,10.29,0.057990577829054896,0,20,10,0.0,20,whole,TX,home_improvement,0
0.0,31000.0,10.0,6.31,0.2984905660377358,0,11,10,0.0,20,whole,NC,debt_consolidation,0
0.0,37000.0,3.0,16.57,0.21027253668763102,0,6,10,0.0,20,fractional,NE,other,0
0.0,133000.0,10.0,19.09,0.16507937639452241,1,13,10,0.0,20,whole,OH,other,0
0.0,99000.0,2.0,9.84,0.5631770422156931,0,11,10,0.0,20,fractional,IN,debt_consolidation,0
0.0,76000.0,10.0,24.21,0.13069461065698465,0,17,10,0.0,20,fractional,CA,debt_consolidation,0
0.0,109000.0,5.0,5.41,0.024102238207570712,3,18,10,0.0,20,whole,GA,vacation,0
0.0,129000.0,10.0,11.14,0.1469149549502037,0,36,10,0.0,20,whole,CA,other,0
0.0,63500.0,1.0,0.95,0.13412186379928315,0,8,10,0.0,20,whole,CA,home_improvement,0
0.0,155000.0,10.0,18.21,0.1332608450904523,0,16,10,0.0,20,whole,TX,small_business,0
0.0,84500.0,6.0,30.32,0.27175158428390367,1,17,10,0.0,20,whole,KS,medical,0
0.0,67200.0,6.0,18.77,0.6859500057521324,0,20,10,0.0,20,fractional,FL,home_improvement,0
0.0,50000.0,1.0,18.43,0.18536473002544263,0,7,10,0.0,20,fractional,NC,home_improvement,0
0.0,254000.0,4.0,7.27,0.14313128373310238,0,25,10,0.0,20,whole,OH,home_improvement,0
0.0,135400.0,10.0,17.89,0.28261819354620954,0,22,10,0.0,20,whole,NY,credit_card,0
0.0,29000.0,10.0,16.89,0.06979573541653326,1,6,10,0.0,20,fractional,MS,debt_consolidation,0
0.0,45000.0,2.0,6.71,0.8325806451612904,0,7,10,0.0,20,whole,NY,debt_consolidation,1
0.0,60000.0,1.0,16.46,0.17191087609250646,0,13,10,0.0,20,whole,CO,other,0
0.0,72000.0,4.0,22.68,0.24860800013549506,0,11,10,0.0,20,whole,OR,moving,0
0.0,80000.0,1.0,23.09,0.7493612059769621,0,9,10,0.0,20,whole,GA,debt_consolidation,0
0.0,63000.0,3.0,11.06,0.43530321492173585,0,21,10,0.0,20,fractional,DE,debt_consolidation,0
0.0,100000.0,6.0,18.38,0.11259302250104047,0,17,10,0.0,20,whole,CA,credit_card,0
0.0,39910.0,10.0,20.66,0.640176448288934,0,8,10,0.0,20,whole,IL,debt_consolidation,0
0.0,56000.0,7.0,6.73,0.031570400341301624,2,12,10,0.0,20,whole,NV,debt_consolidation,0
0.0,48000.0,6.0,24.6,0.44136936601702403,0,13,10,0.0,20,whole,MN,debt_consolidation,0
0.0,99000.0,2.0,36.67,0.5351447868954273,0,13,10,0.0,20,whole,CA,debt_consolidation,0
0.0,57000.0,10.0,32.3,0.5923878754628995,0,8,10,0.0,20,whole,TX,debt_consolidation,0
0.0,105000.0,5.0,21.22,0.8203156713388572,0,13,10,0.0,20,whole,TN,debt_consolidation,0
0.0,55000.0,4.0,27.69,0.39522845575477156,0,18,10,0.0,20,whole,NC,debt_consolidation,0
0.0,39000.0,2.0,32.74,0.4704140671027388,0,18,10,0.0,20,whole,NY,debt_consolidation,0
0.0,185000.0,5.0,0.0,0.0,0,18,10,0.0,20,whole,NY,home_improvement,0
0.0,60000.0,10.0,25.78,0.6491438256092572,0,7,10,0.0,20,fractional,DE,debt_consolidation,0
0.0,43000.0,2.0,13.17,0.23622790058465912,0,7,10,0.0,20,whole,OH,credit_card,0
0.0,61000.0,10.0,8.5,0.16132197864342504,0,14,10,0.0,20,whole,VA,debt_consolidation,0
0.0,37000.0,4.0,33.41,0.667030118000533,0,18,10,0.0,20,whole,FL,debt_consolidation,0
0.0,81120.0,10.0,18.05,0.06884962907662277,0,19,10,0.0,20,whole,VA,debt_consolidation,0
0.0,24000.0,1.0,8.62,0.8401075268817204,0,4,10,0.0,20,whole,MN,debt_consolidation,0
0.0,140000.0,1.0,3.44,0.04037243098737603,0,11,10,0.0,20,whole,GA,debt_consolidation,0
0.0,80000.0,10.0,18.09,0.6531609850644168,1,14,10,0.0,20,whole,NH,other,0
0.0,25000.0,3.0,5.57,0.45140845070422536,1,6,10,0.0,20,whole,GA,car,0
0.0,63695.0,3.0,20.5,0.2124836658609187,0,6,10,0.0,20,whole,MS,debt_consolidation,0
0.0,300000.0,10.0,11.99,0.2719339485267809,0,22,10,0.0,20,whole,CA,credit_card,0
0.0,115000.0,0.0,18.52,0.6422596545458343,0,18,10,0.0,20,whole,KS,debt_consolidation,0
0.0,96996.0,0.0,26.24,0.5930594280710648,0,18,10,0.0,20,fractional,TX,credit_card,0
0.0,198000.0,1.0,19.07,0.4651456806378192,0,29,10,0.0,20,whole,NY,debt_consolidation,0
0.0,90000.0,5.0,19.48,0.5099386503067485,0,24,10,0.0,20,whole,CO,debt_consolidation,0
0.0,70000.0,2.0,14.14,0.5588063660477454,0,12,10,0.0,20,whole,TX,other,0
0.0,150000.0,6.0,28.06,0.15137319843322294,0,23,10,0.0,20,fractional,NC,debt_consolidation,0
0.0,135000.0,10.0,18.57,0.12421395671688323,1,13,10,0.0,20,fractional,PA,debt_consolidation,0
0.0,65000.0,2.0,10.87,0.1915736184417168,0,18,10,0.0,20,whole,FL,debt_consolidation,0
0.0,32000.0,0.0,5.21,0.6961839141380681,0,13,10,0.0,20,fractional,WI,other,0
0.0,215000.0,5.0,19.72,0.052850949563078925,0,19,10,0.0,20,whole,MD,credit_card,0
0.0,172000.0,5.0,12.69,0.06367713004484304,0,14,10,0.0,20,fractional,IL,debt_consolidation,0
0.0,85000.0,0.0,26.27,0.5234102294341831,1,36,10,0.0,20,whole,OH,debt_consolidation,0
0.0,40000.0,10.0,8.04,0.09353013530135301,0,38,10,0.0,20,fractional,MA,home_improvement,0
0.0,63130.0,6.0,26.39,0.6285883726533108,0,12,10,0.0,20,whole,FL,credit_card,0
0.0,100000.0,10.0,13.73,0.8776996805111821,0,34,10,0.0,20,fractional,CA,debt_consolidation,0
0.0,34000.0,2.0,32.37,0.8546877351392024,0,12,10,0.0,20,whole,SD,credit_card,0
0.0,250000.0,7.0,4.43,0.1409169251982075,0,8,10,0.0,20,fractional,CT,home_improvement,0
0.0,60000.0,0.0,27.97,0.1363006026988106,0,9,10,0.0,20,whole,CA,small_business,0
0.0,50000.0,6.0,28.38,0.7576621017576978,2,19,10,0.0,20,whole,VA,credit_card,0
0.0,150000.0,3.0,22.38,0.19098246972885216,0,17,10,0.0,20,whole,NJ,home_improvement,0
0.0,63024.0,8.0,4.95,0.05907459338194055,1,17,10,0.0,20,whole,GA,home_improvement,0
0.0,30000.0,6.0,31.32,0.5763213811420983,0,19,10,0.0,20,whole,CA,credit_card,0
0.0,42563.0,5.0,14.19,0.8568777214647727,0,5,10,0.0,20,whole,FL,debt_consolidation,0
0.0,55836.0,8.0,37.67,0.8532806324110672,0,15,10,0.0,20,fractional,TX,credit_card,0
0.0,137150.0,6.0,10.3,0.5535699373695199,0,10,10,0.0,20,whole,WA,debt_consolidation,0
0.0,50000.0,9.0,8.25,0.4924223602484472,0,9,10,0.0,20,fractional,LA,credit_card,0
0.0,144500.0,3.0,28.67,0.2888418916604077,0,21,10,0.0,20,whole,WV,home_improvement,0
0.0,42000.0,0.0,12.34,0.3431001890359168,0,8,10,0.0,20,whole,UT,debt_consolidation,0
0.0,60000.0,10.0,24.08,0.4464510241330359,0,17,10,0.0,20,whole,CA,debt_consolidation,0
0.0,54269.0,10.0,21.47,0.14014522821576764,0,16,10,0.0,20,whole,WA,debt_consolidation,0
0.0,150000.0,7.0,18.8,0.8075899608824111,0,55,10,0.0,20,whole,CO,debt_consolidation,0
0.0,55000.0,1.0,26.82,0.8432730732635585,0,10,10,0.0,20,whole,MT,credit_card,0
0.0,170000.0,3.0,19.13,0.8787897962504294,0,17,10,0.0,20,whole,VA,credit_card,0
0.0,36000.0,1.0,5.07,0.3305925925925926,0,5,10,0.0,20,whole,WA,credit_card,1
0.0,65000.0,3.0,20.62,0.7548984681154257,0,7,10,0.0,20,whole,WA,credit_card,0
0.0,30000.0,5.0,29.16,0.8126479984965232,0,31,10,0.0,20,fractional,RI,house,0
0.0,41438.0,6.0,26.79,0.664774011299435,0,16,10,0.0,20,whole,NV,debt_consolidation,0
0.0,135000.0,7.0,11.65,0.37763681263784943,0,21,10,0.0,20,whole,PA,debt_consolidation,0
0.0,45000.0,9.0,9.28,0.30926406926406924,0,14,10,0.0,20,whole,TX,debt_consolidation,0
0.0,140000.0,4.0,16.07,0.26978004911633063,0,19,10,0.0,20,whole,NJ,debt_consolidation,0
0.0,59000.0,1.0,5.26,0.8319386848341233,0,8,10,0.0,20,whole,CA,credit_card,0
0.0,65000.0,6.0,21.58,0.18900124128018816,0,9,10,0.0,20,fractional,CO,credit_card,0
0.0,83000.0,4.0,22.66,0.4545175400792967,0,13,10,0.0,20,whole,TX,credit_card,0
0.0,189000.0,10.0,16.62,0.19405421562090452,1,23,10,0.0,20,whole,CA,debt_consolidation,0
0.0,130000.0,5.0,15.02,0.49866141943083553,0,26,10,0.0,20,whole,CA,debt_consolidation,0
0.0,48500.0,10.0,22.23,0.08825579498435392,0,13,10,0.0,20,whole,MD,debt_consolidation,0
0.0,47000.0,8.0,12.95,0.05916955017301038,1,26,10,0.0,20,fractional,AZ,debt_consolidation,0
0.0,60000.0,4.0,12.6,0.08483006263048017,1,12,10,0.0,20,whole,CT,home_improvement,0
0.0,117000.0,0.0,25.56,0.6590594968496324,0,19,10,0.0,20,whole,NC,other,0
0.0,15000.0,2.0,31.26,0.5141156462585034,0,13,10,0.0,20,whole,CA,debt_consolidation,0
0.0,41280.0,6.0,4.39,0.79875,0,16,10,0.0,20,whole,NY,debt_consolidation,0
0.0,72800.0,2.0,18.73,0.1182107411992095,1,13,10,0.0,20,whole,GA,debt_consolidation,0
0.0,50000.0,2.0,24.44,0.3868161968516291,0,12,10,0.0,20,whole,IN,credit_card,0
0.0,40000.0,5.0,7.44,0.7433333333333333,0,5,10,0.0,20,whole,NY,credit_card,0
0.0,87000.0,6.0,29.59,0.6680028295213393,0,31,10,0.0,20,whole,NY,debt_consolidation,0
0.0,62000.0,7.0,18.33,0.49717155954354825,0,45,10,0.0,20,whole,SD,home_improvement,0
0.0,35000.0,6.0,12.52,0.08686092104251557,0,18,10,0.0,20,whole,VA,debt_consolidation,0
0.0,125000.0,10.0,10.38,0.12865084764882767,0,14,10,0.0,20,whole,TX,debt_consolidation,0
0.0,70000.0,0.0,14.73,0.36805018238089976,0,12,10,0.0,20,whole,CA,debt_consolidation,0
0.0,30000.0,1.0,5.48,0.46946564885496184,0,4,10,0.0,20,whole,FL,credit_card,0
0.0,81000.0,4.0,11.04,0.8168381919572018,0,11,10,0.0,20,whole,NJ,credit_card,0
0.0,37200.0,6.0,24.55,0.2584767141342065,0,6,10,0.0,20,whole,NY,credit_card,0
0.0,30000.0,10.0,27.1,0.7164110464715215,0,15,10,0.0,20,whole,MN,medical,0
0.0,60000.0,10.0,0.5,0.014444444444444444,0,15,10,0.0,20,whole,NJ,other,0
0.0,42000.0,9.0,25.6,0.5846637489983357,1,23,10,0.0,20,whole,NY,debt_consolidation,0
0.0,195000.0,3.0,21.82,0.19120216503655874,1,14,10,0.0,20,whole,LA,debt_consolidation,0
0.0,140000.0,10.0,17.51,0.8200136261397892,0,15,10,0.0,20,fractional,NC,debt_consolidation,0
0.0,97000.0,0.0,13.09,0.11518564299775672,0,12,10,0.0,20,whole,IL,home_improvement,0
0.0,48000.0,5.0,14.33,0.4183676801985695,0,11,10,0.0,20,whole,NV,debt_consolidation,0
0.0,108129.0,5.0,28.14,0.2868883964531256,0,19,10,0.0,20,whole,KS,home_improvement,0
0.0,58000.0,1.0,10.35,0.04866368047779022,0,14,10,0.0,20,whole,PA,other,0
0.0,100000.0,3.0,10.9,0.1449748626658704,0,7,10,0.0,20,whole,MO,debt_consolidation,0
0.0,60000.0,0.0,19.52,0.8960267070183923,0,10,10,0.0,20,whole,TX,credit_card,0
0.0,40059.96,10.0,24.98,0.867437187070698,0,13,10,0.0,20,whole,FL,debt_consolidation,0
0.0,120000.0,6.0,6.44,0.2895033097671905,0,11,10,0.0,20,whole,CA,other,0
0.0,80000.0,7.0,20.95,0.738187226787107,0,10,10,0.0,20,whole,CA,debt_consolidation,1
0.0,215000.0,10.0,23.97,0.8333074804566887,2,28,10,0.0,20,fractional,MA,other,0
0.0,175000.0,7.0,20.88,0.5612175386711417,1,18,10,0.0,20,whole,FL,debt_consolidation,0
0.0,120000.0,10.0,18.17,0.6716221682847896,0,21,10,0.0,20,fractional,WA,debt_consolidation,0
0.0,139200.0,1.0,20.53,0.13251228923304614,7,34,10,0.0,20,whole,CA,debt_consolidation,0
0.0,62400.0,0.0,23.77,0.4943643765427044,0,15,10,0.0,20,whole,WA,debt_consolidation,0
0.0,120000.0,10.0,6.31,0.6705911330049261,0,36,10,0.0,20,whole,FL,debt_consolidation,0
0.0,145000.0,10.0,23.87,0.4955712981876657,0,17,10,0.0,20,whole,TN,debt_consolidation,0
0.0,30000.0,6.0,10.14,0.1475100191671023,0,13,10,0.0,20,fractional,NC,other,0
0.0,188655.0,10.0,20.07,0.046532144387504824,0,22,10,0.0,20,whole,CA,debt_consolidation,0
0.0,84000.0,3.0,0.43,0.0017511112821598322,0,16,10,0.0,20,whole,TX,medical,0
0.0,175000.0,7.0,15.59,0.2426142363007464,0,10,10,0.0,20,whole,LA,credit_card,0
0.0,62000.0,10.0,16.43,0.21536089698668534,0,20,10,0.0,20,fractional,MO,debt_consolidation,0
0.0,120000.0,7.0,13.87,0.09842786179443164,1,14,10,0.0,20,whole,CA,debt_consolidation,0
0.0,68000.0,6.0,10.57,0.09091497475828694,0,16,10,0.0,20,whole,FL,debt_consolidation,0
0.0,23000.0,6.0,31.42,0.6446476268748715,0,15,10,0.0,20,fractional,ME,debt_consolidation,0
0.0,268509.0,10.0,16.21,0.3171965604237389,0,25,10,0.0,20,fractional,CO,debt_consolidation,0
0.0,352250.0,1.0,5.22,0.8496048109965636,0,48,10,0.0,20,whole,FL,house,0
0.0,65000.0,3.0,11.6,0.13082672953617835,1,16,10,0.0,20,fractional,GA,credit_card,0
0.0,72000.0,10.0,25.38,0.6282946847512861,1,33,10,0.0,20,whole,IL,debt_consolidation,0
0.0,49500.0,3.0,21.5,0.821780303030303,1,31,10,0.0,20,whole,PA,debt_consolidation,0
0.0,249996.0,10.0,6.83,0.09259206465729213,0,12,10,0.0,20,whole,FL,car,0
0.0,62000.0,10.0,28.98,0.6952879900094423,0,14,10,0.0,20,whole,TX,debt_consolidation,0
0.0,180000.0,10.0,12.66,0.6224651048585621,0,16,10,0.0,20,fractional,OH,debt_consolidation,0
0.0,180000.0,0.0,9.03,0.08664520482186557,0,25,10,0.0,20,fractional,IL,debt_consolidation,0
0.0,65000.0,10.0,28.64,0.6260899378959426,0,14,10,0.0,20,whole,UT,other,0
0.0,47000.0,5.0,18.26,0.1909037634462003,0,13,10,0.0,20,whole,NY,debt_consolidation,0
0.0,54000.0,2.0,14.51,0.5454832098376162,0,20,10,0.0,20,fractional,AL,debt_consolidation,0
0.0,60000.0,7.0,15.0,0.5069360675512666,0,16,10,0.0,20,whole,KY,credit_card,0
0.0,110000.0,6.0,6.68,0.08232201364033208,0,16,10,0.0,20,whole,MA,debt_consolidation,0
0.0,108000.0,5.0,22.57,0.7606386050002887,0,27,10,0.0,20,whole,IN,debt_consolidation,0
0.0,54000.0,6.0,12.96,0.2922623828647925,1,15,10,0.0,20,whole,IL,debt_consolidation,0
0.0,70000.0,6.0,10.97,0.11204479409099226,0,8,10,0.0,20,whole,TX,other,0
0.0,58380.0,3.0,10.11,0.4672299027137737,0,6,10,0.0,20,whole,TN,debt_consolidation,0
0.0,75000.0,10.0,16.26,0.7595474758043421,0,27,10,0.0,20,whole,MA,debt_consolidation,0
0.0,105000.0,10.0,10.13,0.40289156626506023,0,19,10,0.0,20,whole,CO,credit_card,0
0.0,96821.31,10.0,26.17,0.8867554080428203,0,27,10,0.0,20,fractional,WA,debt_consolidation,0
0.0,80000.0,0.0,15.96,0.20453480745807176,2,15,10,0.0,20,whole,GA,debt_consolidation,0
0.0,22800.0,0.0,13.68,0.5876436781609196,0,7,10,0.0,20,fractional,CA,debt_consolidation,0
0.0,52000.0,10.0,18.56,0.22076467159693888,0,14,10,0.0,20,whole,MN,debt_consolidation,0
0.0,139000.0,5.0,19.1,0.23568716432236345,0,14,10,0.0,20,fractional,AZ,home_improvement,0
0.0,55000.0,10.0,7.48,0.38343283582089555,0,14,10,0.0,20,whole,FL,debt_consolidation,0
0.0,60787.2,2.0,19.25,0.8104349133556366,1,12,10,0.0,20,whole,AZ,debt_consolidation,0
0.0,95504.0,1.0,26.1,0.6597676851562247,0,12,10,0.0,20,fractional,WA,debt_consolidation,0
0.0,110000.0,6.0,15.91,0.12470124387222833,0,7,10,0.0,20,fractional,NC,debt_consolidation,0
0.0,70000.0,0.0,1.97,0.10693333333333334,0,28,10,0.0,20,whole,CA,debt_consolidation,0
0.0,100000.0,10.0,24.37,0.15827616326679161,0,16,10,0.0,20,whole,IN,other,0
0.0,155000.0,10.0,11.47,0.24066725781423187,0,36,10,0.0,20,whole,OK,home_improvement,0
0.0,48000.0,6.0,3.85,0.12619718309859154,0,6,10,0.0,20,whole,WV,other,0
0.0,42000.0,8.0,21.34,0.8058166491043204,0,8,10,0.0,20,fractional,CA,other,0
0.0,154000.0,6.0,9.02,0.06557439067834815,0,13,10,0.0,20,fractional,CA,medical,0
0.0,86000.0,3.0,16.91,0.12283957845433255,0,14,10,0.0,20,whole,TX,credit_card,0
0.0,54000.0,8.0,9.66,0.3666400976411687,0,18,10,0.0,20,whole,WA,credit_card,0
0.0,72900.0,10.0,21.17,0.0678146203407577,0,13,10,0.0,20,whole,FL,small_business,0
0.0,160000.0,7.0,12.74,0.1509563660338343,0,21,10,0.0,20,fractional,CA,home_improvement,0
0.0,101794.0,10.0,26.22,0.6117485440086682,0,40,10,0.0,20,whole,MS,debt_consolidation,0
0.0,41000.0,10.0,15.93,0.5150049269909522,0,18,10,0.0,20,whole,PA,debt_consolidation,0
0.0,107000.0,0.0,10.11,0.6176295198684472,0,13,10,0.0,20,whole,IL,debt_consolidation,0
0.0,120000.0,0.0,8.46,0.2361694664521393,1,18,10,0.0,20,whole,CT,home_improvement,0
0.0,100203.0,8.0,20.41,0.7301263958767947,0,16,10,0.0,20,whole,VA,debt_consolidation,0
0.0,105000.0,10.0,3.13,0.05823057659999366,0,18,10,0.0,20,whole,WA,debt_consolidation,0
0.0,160000.0,10.0,28.55,0.21817305701825343,0,40,10,0.0,20,whole,IN,debt_consolidation,0
0.0,70000.0,1.0,14.2,0.09208713431265038,1,13,10,0.0,20,whole,CT,home_improvement,0
0.0,48000.0,0.0,19.18,0.4518498367791077,0,4,10,0.0,20,fractional,CA,debt_consolidation,0
0.0,50000.0,10.0,25.28,0.07928794140024764,1,7,10,0.0,20,whole,CO,debt_consolidation,0
0.0,75000.0,6.0,16.13,0.09044826141600334,0,13,10,0.0,20,whole,KY,credit_card,0
0.0,168000.0,0.0,13.58,0.26288381630780855,0,10,10,0.0,20,whole,MN,credit_card,0
0.0,85000.0,3.0,23.37,0.2210523163761449,0,17,10,0.0,20,whole,CT,debt_consolidation,0
0.0,200000.0,1.0,22.96,0.1989027453325293,0,31,10,0.0,20,whole,MI,credit_card,0
0.0,95000.0,7.0,24.86,0.5796711872637093,0,13,10,0.0,20,fractional,PA,major_purchase,0
0.0,75000.0,2.0,29.46,0.6023596398068737,0,15,10,0.0,20,whole,IL,debt_consolidation,0
0.0,140000.0,1.0,18.76,0.2839861542583621,0,19,10,0.0,20,whole,TX,debt_consolidation,0
0.0,70000.0,3.0,4.75,0.6915562829233366,0,12,10,0.0,20,whole,TX,credit_card,0
0.0,35000.0,6.0,23.94,0.15946652115971835,0,18,10,0.0,20,whole,IN,debt_consolidation,0
0.0,65000.0,10.0,2.1,0.011511001730061648,0,12,10,0.0,20,whole,NV,house,0
0.0,144000.0,3.0,7.16,0.8216903378851008,0,23,10,0.0,20,whole,CA,other,0
0.0,95000.0,4.0,14.87,0.19953842533954774,1,11,10,0.0,20,fractional,PA,house,0
0.0,65000.0,10.0,19.89,0.4126734420389376,0,11,10,0.0,20,whole,NM,debt_consolidation,0
0.0,35000.0,0.0,20.64,0.25156327543424317,0,15,10,0.0,20,fractional,PA,debt_consolidation,0
0.0,60000.0,10.0,7.7,0.07444729761527208,0,17,10,0.0,20,whole,GA,credit_card,0
0.0,65000.0,7.0,16.3,0.6079105599398722,0,16,10,0.0,20,whole,CO,debt_consolidation,0
0.0,64000.0,10.0,6.58,0.2810804371134914,0,13,10,0.0,20,whole,NY,moving,0
0.0,180000.0,10.0,21.05,0.40220948410630536,1,27,10,0.0,20,whole,OK,debt_consolidation,0
0.0,35568.0,3.0,6.31,0.32659115426105717,0,26,10,0.0,20,whole,TX,major_purchase,0
0.0,65000.0,9.0,18.92,0.5972511724856696,0,14,10,0.0,20,whole,NC,other,0
0.0,55000.0,4.0,24.2,0.627946611909651,0,28,10,0.0,20,whole,IL,other,0
0.0,150000.0,3.0,12.4,0.7984288519907159,0,12,10,0.0,20,whole,GA,credit_card,0
0.0,42000.0,10.0,21.79,0.489993626513703,0,23,10,0.0,20,whole,FL,debt_consolidation,0
0.0,50000.0,1.0,8.45,0.5516101694915254,0,6,10,0.0,20,whole,NY,other,0
0.0,145000.0,9.0,31.7,0.8428123820124448,0,18,10,0.0,20,fractional,AZ,debt_consolidation,0
0.0,53000.0,10.0,22.88,0.09914420676070071,0,15,10,0.0,20,whole,NC,credit_card,0
0.0,353000.0,2.0,12.09,0.3639069351423033,0,24,10,0.0,20,fractional,NV,debt_consolidation,0
0.0,104550.0,3.0,10.95,0.47781661488385857,0,11,10,0.0,20,fractional,TX,credit_card,0
0.0,132000.0,10.0,7.5,0.4870118364164718,0,21,10,0.0,20,whole,NY,moving,0
0.0,45804.0,10.0,15.09,0.18189770955441545,0,20,10,0.0,20,whole,TN,debt_consolidation,0
0.0,72000.0,10.0,4.4,0.340776158202581,0,19,10,0.0,20,whole,AZ,debt_consolidation,0
0.0,55000.0,6.0,20.45,0.3479215214613245,0,24,10,0.0,20,whole,TX,debt_consolidation,0
0.0,285000.0,4.0,14.46,0.8469231690900249,1,14,10,0.0,20,whole,IL,credit_card,0
0.0,60000.0,4.0,12.6,0.6882426778242677,0,19,10,0.0,20,fractional,IL,debt_consolidation,0
0.0,100000.0,7.0,17.86,0.7894744856781739,0,14,10,0.0,20,fractional,NY,debt_consolidation,0
0.0,75000.0,0.0,6.03,0.08177538008827857,0,27,10,0.0,20,whole,AZ,medical,0
0.0,55000.0,6.0,15.47,0.11286708917254307,0,11,10,0.0,20,whole,TX,debt_consolidation,0
0.0,145000.0,2.0,13.62,0.8669747016192041,0,5,10,0.0,20,whole,FL,debt_consolidation,0
0.0,63000.0,10.0,6.04,0.2916535433070866,0,7,10,0.0,20,whole,TX,debt_consolidation,0
0.0,42000.0,10.0,22.83,0.19130843992444396,0,19,10,0.0,20,whole,KY,home_improvement,0
0.0,105000.0,10.0,24.06,0.1968634053565304,0,14,10,0.0,20,whole,OH,credit_card,0
0.0,100000.0,6.0,19.15,0.39441007690172875,0,13,10,0.0,20,whole,FL,debt_consolidation,0
0.0,103000.0,5.0,19.78,0.5397495728834619,1,19,10,0.0,20,whole,TX,debt_consolidation,0
0.0,52505.4,9.0,28.73,0.8017934629681738,0,28,10,0.0,20,whole,NH,credit_card,0
0.0,70000.0,4.0,17.56,0.12564676895509017,0,26,10,0.0,20,whole,NY,debt_consolidation,0
0.0,80000.0,10.0,38.73,0.1798165137614679,1,26,10,0.0,20,fractional,FL,debt_consolidation,0
0.0,65000.0,10.0,15.69,0.4288074598827603,0,13,10,0.0,20,whole,LA,credit_card,0
0.0,100000.0,1.0,16.37,0.2636856545597073,0,4,10,0.0,20,whole,VA,debt_consolidation,0
0.0,325000.0,10.0,23.98,0.44216420450162525,0,19,10,0.0,20,whole,TX,debt_consolidation,0
0.0,72000.0,2.0,31.03,0.6101442541238093,0,31,10,0.0,20,whole,GA,credit_card,0
0.0,46000.0,10.0,23.24,0.8182298267849598,0,25,10,0.0,20,whole,MD,debt_consolidation,0
0.0,120000.0,5.0,12.87,0.1811852667243265,0,18,10,0.0,20,whole,NY,debt_consolidation,0
0.0,155000.0,6.0,16.29,0.15464353132270953,2,20,10,0.0,20,whole,VA,debt_consolidation,0
0.0,99976.0,6.0,21.36,0.5209218770538492,0,11,10,0.0,20,whole,WI,credit_card,0
0.0,50000.0,10.0,28.49,0.2753981664569477,0,19,10,0.0,20,whole,WV,credit_card,0
0.0,85000.0,2.0,34.8,0.778520105886802,0,12,10,0.0,20,whole,SC,medical,0
0.0,72000.0,5.0,31.33,0.8033667768689959,1,9,10,0.0,20,fractional,OH,debt_consolidation,0
0.0,60000.0,9.0,29.32,0.5900814728123874,0,13,10,0.0,20,fractional,NH,debt_consolidation,0
0.0,58000.0,2.0,1.76,0.1831437125748503,0,10,10,0.0,20,fractional,LA,other,0
0.0,64000.0,1.0,15.28,0.12934193298946425,0,28,10,0.0,20,whole,FL,credit_card,0
0.0,96000.0,10.0,20.18,0.19352766892860557,1,35,10,0.0,20,whole,CA,debt_consolidation,0
0.0,65000.0,1.0,8.79,0.4599746636906557,0,9,10,0.0,20,whole,NY,debt_consolidation,0
0.0,90000.0,10.0,22.33,0.04515235457063712,0,18,10,0.0,20,whole,OR,debt_consolidation,0
0.0,86000.0,6.0,10.33,0.07270689345736162,0,12,10,0.0,20,whole,FL,major_purchase,0
0.0,225000.0,10.0,32.5,0.2525851424845968,0,35,10,0.0,20,whole,GA,debt_consolidation,0
0.0,75000.0,2.0,21.66,0.5244686907020872,0,18,10,0.0,20,whole,SD,credit_card,0
0.0,115000.0,2.0,15.91,0.15271077549180676,1,9,10,0.0,20,whole,PA,major_purchase,0
0.0,55000.0,2.0,26.01,0.5061962726084863,0,15,10,0.0,20,whole,TX,credit_card,0
0.0,148650.0,10.0,0.53,0.005165948821890043,0,27,10,0.0,20,whole,IL,debt_consolidation,0
0.0,100000.0,10.0,15.22,0.12098417376818095,0,23,10,0.0,20,whole,FL,debt_consolidation,0
0.0,300000.0,10.0,15.25,0.5897392759170207,0,16,10,0.0,20,whole,CT,major_purchase,0
0.0,115000.0,2.0,17.27,0.13282159614593572,0,14,10,0.0,20,whole,MD,credit_card,0
0.0,80000.0,10.0,23.21,0.26851706674610765,0,13,10,0.0,20,fractional,AZ,debt_consolidation,0
0.0,107000.0,10.0,18.65,0.731585334951521,0,13,10,0.0,20,whole,VT,debt_consolidation,0
0.0,60000.0,3.0,24.68,0.5815046199076018,0,8,10,0.0,20,fractional,NJ,credit_card,0
0.0,124000.0,1.0,29.79,0.32867392380009897,0,28,10,0.0,20,whole,AL,debt_consolidation,0
0.0,40000.0,3.0,5.22,0.010116801779112535,0,14,10,0.0,20,whole,GA,house,0
0.0,76000.0,3.0,9.44,0.5192617584852453,0,13,10,0.0,20,whole,AZ,credit_card,0
0.0,70000.0,3.0,17.3,0.8281491842560851,2,15,10,0.0,20,whole,VA,debt_consolidation,0
0.0,60000.0,0.0,14.7,0.6478396436525612,0,11,10,0.0,20,whole,NE,credit_card,0
0.0,32000.0,4.0,34.73,0.3655417089022718,0,7,10,0.0,20,whole,FL,debt_consolidation,0
0.0,43000.0,2.0,4.13,0.5187058823529411,0,3,10,0.0,20,whole,NC,other,0
0.0,37000.0,5.0,15.86,0.4141881284738428,0,5,10,0.0,20,fractional,WV,other,0
0.0,34000.0,10.0,18.96,0.6259426229508197,0,9,10,0.0,20,whole,TX,debt_consolidation,0
0.0,108000.0,6.0,10.6,0.16227758007117438,0,28,10,0.0,20,whole,TN,debt_consolidation,0
0.0,110000.0,3.0,18.69,0.30390850237904843,0,15,10,0.0,20,whole,CA,debt_consolidation,1
0.0,108000.0,3.0,2.99,0.011934449998967608,0,18,10,0.0,20,whole,CA,debt_consolidation,0
0.0,130000.0,10.0,8.45,0.43506469500924216,0,11,10,0.0,20,whole,WI,house,0
0.0,55000.0,5.0,29.65,0.377785978832492,0,10,10,0.0,20,fractional,TX,home_improvement,0
0.0,130000.0,10.0,22.06,0.1573839566015038,0,23,10,0.0,20,whole,NE,home_improvement,0
0.0,44000.0,10.0,20.24,0.25968271115912456,0,14,10,0.0,20,fractional,ME,debt_consolidation,0
0.0,52000.0,7.0,14.49,0.92491102220996,0,15,10,0.0,20,whole,IL,credit_card,0
0.0,115000.0,10.0,21.26,0.23322609767132513,0,13,10,0.0,20,whole,MA,debt_consolidation,0
0.0,25000.0,6.0,25.92,0.6506151734765127,0,10,10,0.0,20,whole,NM,other,0
0.0,67500.0,5.0,4.71,0.3607722007722008,0,13,10,0.0,20,whole,WI,credit_card,0
0.0,49000.0,3.0,36.71,0.7853986608948338,1,12,10,0.0,20,whole,PA,credit_card,0
0.0,62000.0,7.0,17.44,0.7137777777777777,0,10,10,0.0,20,whole,CA,debt_consolidation,0
0.0,51000.0,5.0,2.21,0.0816137339055794,0,6,10,0.0,20,whole,OH,debt_consolidation,0
0.0,43000.0,6.0,13.23,0.4349678793943894,0,6,10,0.0,20,whole,NE,debt_consolidation,0
0.0,56891.0,9.0,11.29,0.5979847908745247,1,40,10,0.0,20,fractional,PA,debt_consolidation,0
0.0,70000.0,10.0,25.6,0.21164383814040558,0,17,10,0.0,20,whole,GA,debt_consolidation,0
0.0,126049.0,7.0,18.11,0.38135739550382985,0,18,10,0.0,20,whole,VA,vacation,1
0.0,180000.0,10.0,5.21,0.05119031455080335,0,14,10,0.0,20,whole,CA,debt_consolidation,0
0.0,80000.0,0.0,23.47,0.37346517119244393,0,10,10,0.0,20,whole,MD,debt_consolidation,0
0.0,45000.0,3.0,8.83,0.07332716049382716,0,15,10,0.0,20,whole,TX,debt_consolidation,0
0.0,50000.0,6.0,30.51,0.4448798869524258,0,10,10,0.0,20,fractional,WA,other,0
0.0,150000.0,10.0,10.58,0.15620667399722712,5,23,10,0.0,20,whole,NJ,debt_consolidation,0
0.0,65000.0,7.0,19.15,0.11238508518161362,0,15,10,0.0,20,whole,MI,credit_card,0
0.0,135000.0,2.0,14.83,0.4831791936681396,0,36,10,0.0,20,whole,WA,debt_consolidation,0
0.0,32000.0,0.0,31.43,0.46671786566939916,0,20,10,0.0,20,whole,FL,debt_consolidation,0
0.0,47840.0,10.0,19.17,0.3677440973296216,1,19,10,0.0,20,whole,NH,debt_consolidation,0
0.0,110000.0,2.0,18.62,0.6821776383907805,0,29,10,0.0,20,whole,ND,debt_consolidation,0
0.0,65000.0,10.0,10.53,0.5454120267260579,0,10,10,0.0,20,whole,IL,debt_consolidation,0
0.0,37000.0,10.0,20.99,0.2451040516783188,0,14,10,0.0,20,whole,CT,debt_consolidation,0
0.0,38000.0,6.0,20.4,0.14498490219246424,1,19,10,0.0,20,whole,VA,debt_consolidation,0
0.0,45000.0,4.0,20.25,0.9509733560599264,0,7,10,0.0,20,whole,CO,other,0
0.0,29200.0,6.0,37.61,0.46320015710576273,1,40,10,0.0,20,whole,FL,debt_consolidation,0
0.0,86000.0,9.0,13.89,0.14168169180945958,0,12,10,0.0,20,whole,PA,home_improvement,0
0.0,49000.0,2.0,5.46,0.1550217391304348,0,13,10,0.0,20,whole,CA,debt_consolidation,0
0.0,42000.0,6.0,14.0,0.5148449612403101,0,9,10,0.0,20,whole,AZ,debt_consolidation,0
0.0,120000.0,10.0,21.71,0.27338749122769707,0,14,10,0.0,20,whole,IL,debt_consolidation,0
0.0,92000.0,3.0,18.78,0.0934120099891507,0,16,10,0.0,20,whole,CA,debt_consolidation,0
0.0,110000.0,10.0,12.68,0.9428664177893199,0,26,10,0.0,20,whole,NY,debt_consolidation,0
0.0,111000.0,10.0,15.01,0.06348474084189094,0,23,10,0.0,20,whole,OH,debt_consolidation,0
0.0,40000.0,0.0,11.37,0.5252450841502805,0,5,10,0.0,20,fractional,MO,major_purchase,0
0.0,56446.0,5.0,7.07,0.3282961843596524,0,10,10,0.0,20,fractional,CA,debt_consolidation,0
0.0,90000.0,5.0,18.65,0.6479493986003327,0,15,10,0.0,20,whole,CA,debt_consolidation,0
0.0,100000.0,0.0,10.31,0.9493984962406015,0,16,10,0.0,20,whole,NC,debt_consolidation,0
0.0,52000.0,10.0,33.39,0.44297639722134513,0,13,10,0.0,20,whole,IL,debt_consolidation,0
0.0,60000.0,10.0,13.91,0.12322956162065615,0,12,10,0.0,20,whole,FL,debt_consolidation,0
0.0,52000.0,4.0,20.75,0.6754308380906435,0,16,10,0.0,20,whole,IN,debt_consolidation,0
0.0,57500.0,10.0,18.7,0.03280466837314399,0,22,10,0.0,20,whole,MI,debt_consolidation,0
0.0,80000.0,7.0,13.89,0.22083905077882482,0,19,10,0.0,20,whole,WA,home_improvement,0
0.0,84396.0,6.0,17.0,0.7623950963824363,0,19,10,0.0,20,whole,CA,debt_consolidation,0
0.0,126000.0,5.0,8.43,0.016858882750575406,1,17,10,0.0,20,whole,CA,other,0
0.0,40000.0,0.0,9.27,0.49522727272727274,0,4,10,0.0,20,fractional,NY,debt_consolidation,0
0.0,550000.0,6.0,7.0,0.3102107873527588,0,15,10,0.0,20,whole,CA,home_improvement,0
0.0,13200.0,0.0,31.73,0.17142740386580033,0,10,10,0.0,20,whole,PA,other,0
0.0,52464.0,6.0,36.53,0.26144,0,14,10,0.0,20,whole,FL,debt_consolidation,0
0.0,47600.0,1.0,4.55,0.1988106796116505,0,5,10,0.0,20,whole,CA,debt_consolidation,0
0.0,27000.0,10.0,7.96,0.7083928571428572,0,5,10,0.0,20,whole,WV,debt_consolidation,0
0.0,80000.0,10.0,20.4,0.7809387591355462,1,14,10,0.0,20,whole,IN,home_improvement,0
0.0,180000.0,10.0,8.59,0.6614097509375901,0,35,10,0.0,20,whole,TX,medical,0
0.0,42733.0,10.0,28.56,0.5119830649429198,1,17,10,0.0,20,whole,CT,credit_card,0
0.0,26000.0,6.0,21.14,0.2718357487922705,0,19,10,0.0,20,whole,WI,other,0
0.0,100000.0,10.0,11.21,0.6479469778341959,9,18,10,0.0,20,whole,NY,credit_card,0
0.0,70000.0,6.0,17.47,0.10976093233397663,0,19,10,0.0,20,whole,VA,debt_consolidation,0
0.0,106000.0,10.0,7.02,0.09047920151212283,0,23,10,0.0,20,whole,MD,debt_consolidation,0
0.0,120000.0,10.0,17.23,0.24119981541301339,0,19,10,0.0,20,whole,TX,home_improvement,0
0.0,50000.0,1.0,7.06,0.8067961165048544,0,7,10,0.0,20,whole,CA,other,0
0.0,60000.0,4.0,30.6,0.17128316125069468,0,12,10,0.0,20,whole,FL,credit_card,0
0.0,60000.0,7.0,23.38,0.4987959732647332,1,14,10,0.0,20,whole,GA,debt_consolidation,0
0.0,39000.0,4.0,22.37,0.22281818181818183,0,12,10,0.0,20,whole,CA,debt_consolidation,0
0.0,75000.0,3.0,5.04,0.06370680628272252,0,21,10,0.0,20,whole,CA,car,0
0.0,39000.0,10.0,2.43,0.4048934490923441,0,12,10,0.0,20,whole,NY,other,0
0.0,38000.0,10.0,29.97,0.3600630417651694,0,5,10,0.0,20,whole,CA,vacation,0
0.0,55000.0,10.0,28.91,0.08502815416655954,1,19,10,0.0,20,fractional,OK,debt_consolidation,0
0.0,195000.0,2.0,4.57,0.9487775265846102,0,6,10,0.0,20,whole,CO,debt_consolidation,0
0.0,160000.0,10.0,6.03,0.04635042121925337,0,25,10,0.0,20,whole,CA,debt_consolidation,0
0.0,780000.0,7.0,3.1,0.5987434174686762,0,23,10,0.0,20,whole,PA,debt_consolidation,0
0.0,107000.0,10.0,15.88,0.4091606190029746,2,18,10,0.0,20,whole,UT,credit_card,0
0.0,22848.0,6.0,16.86,0.2420967741935484,0,43,10,0.0,20,fractional,NY,debt_consolidation,0
0.0,30000.0,9.0,13.81,0.5562433862433862,0,10,10,0.0,20,whole,TN,other,0
0.0,102000.0,8.0,3.49,0.1014424105369312,1,10,10,0.0,20,whole,GA,major_purchase,0
0.0,159000.0,4.0,13.14,0.16568692971808127,0,16,10,0.0,20,whole,FL,credit_card,0
0.0,76000.0,3.0,28.48,0.09498525073746313,0,11,10,0.0,20,whole,PA,home_improvement,0
0.0,112914.0,2.0,18.6,0.8490927925157405,0,21,10,0.0,20,whole,IL,debt_consolidation,0
0.0,27500.0,10.0,13.66,0.3135294117647059,0,14,10,0.0,20,whole,NY,credit_card,0
0.0,70880.0,9.0,25.12,0.46421337456513334,0,13,10,0.0,20,fractional,FL,debt_consolidation,0
0.0,150000.0,10.0,19.77,0.13615084317301845,0,20,10,0.0,20,whole,NY,credit_card,0
0.0,95000.0,1.0,20.45,0.5726420967195417,0,11,10,0.0,20,whole,NJ,debt_consolidation,0
0.0,45000.0,4.0,10.66,0.2807803992740472,0,6,10,0.0,20,whole,MA,debt_consolidation,0
0.0,85000.0,10.0,19.24,0.3139096946528165,0,18,10,0.0,20,whole,VA,debt_consolidation,0
0.0,140000.0,10.0,11.31,0.10756318827924126,0,21,10,0.0,20,whole,MT,debt_consolidation,0
0.0,65000.0,10.0,16.06,0.5259942174458567,0,13,10,0.0,20,whole,NJ,debt_consolidation,0
0.0,100000.0,2.0,16.26,0.6982492459800475,3,15,10,0.0,20,whole,OR,credit_card,0
0.0,100000.0,10.0,5.8,0.05158266129032258,0,17,10,0.0,20,whole,NY,debt_consolidation,0
0.0,110000.0,1.0,17.1,0.6661488827816944,0,15,10,0.0,20,fractional,CA,debt_consolidation,0
0.0,212500.0,10.0,8.88,0.277459626460808,1,8,10,0.0,20,fractional,TX,credit_card,0
0.0,115000.0,10.0,17.64,0.16916251517028916,0,14,10,0.0,20,whole,FL,debt_consolidation,0
0.0,41000.0,1.0,21.49,0.6924080354813462,0,4,10,0.0,20,fractional,PA,other,0
0.0,220000.0,10.0,17.6,0.13234218314150709,0,15,10,0.0,20,fractional,CA,debt_consolidation,0
0.0,50000.0,5.0,5.23,0.02068941696601271,0,13,10,0.0,20,whole,CO,debt_consolidation,0
0.0,83000.0,8.0,12.29,0.07318724906883374,0,9,10,0.0,20,whole,NJ,debt_consolidation,0
0.0,140000.0,4.0,30.01,0.4828933982973711,1,15,10,0.0,20,whole,TX,debt_consolidation,0
0.0,27000.0,10.0,27.2,0.8053795926322971,0,8,10,0.0,20,whole,NE,vacation,0
0.0,60000.0,10.0,18.32,0.4813421476101422,0,14,10,0.0,20,whole,NE,debt_consolidation,0
0.0,38000.0,6.0,25.27,0.2744390774313615,0,28,10,0.0,20,whole,MD,credit_card,0
0.0,57000.0,6.0,29.6,0.7206338028169014,0,18,10,0.0,20,whole,NJ,debt_consolidation,0
0.0,258000.0,10.0,10.8,0.6298816511602765,0,13,10,0.0,20,fractional,FL,debt_consolidation,1
0.0,179000.0,8.0,19.85,0.1549568328442173,0,16,10,0.0,20,whole,GA,debt_consolidation,0
0.0,85000.0,10.0,23.03,0.1279715383846033,1,17,10,0.0,20,whole,NY,credit_card,0
0.0,51000.0,5.0,24.38,0.3781041020337815,0,9,10,0.0,20,whole,NJ,debt_consolidation,0
0.0,280000.0,10.0,0.06,4.101192185020553e-05,0,13,10,0.0,20,whole,CA,home_improvement,0
0.0,325000.0,5.0,8.15,0.12612593299697733,0,24,10,0.0,20,whole,MD,credit_card,0
0.0,340000.0,10.0,16.85,0.6274529307282416,1,15,10,0.0,20,whole,NH,major_purchase,0
0.0,32000.0,6.0,10.92,0.05753979081400637,0,53,10,0.0,20,whole,CA,debt_consolidation,0
0.0,267000.0,10.0,34.75,0.06639857101945919,0,42,10,0.0,20,whole,NY,credit_card,0
0.0,92000.0,7.0,26.53,0.6358058692126443,1,25,10,0.0,20,fractional,FL,debt_consolidation,0
0.0,86000.0,3.0,10.45,0.8106515048771582,0,4,10,0.0,20,whole,OK,debt_consolidation,0
0.0,75000.0,2.0,28.26,0.250381274203436,0,14,10,0.0,20,whole,OH,debt_consolidation,0
0.0,25500.0,1.0,33.6,0.90391136478093,0,15,10,0.0,20,whole,FL,credit_card,0
0.0,60000.0,5.0,31.44,0.3832339285040202,2,30,10,0.0,20,fractional,NJ,debt_consolidation,0
0.0,200000.0,10.0,18.43,0.2453913438079189,0,21,10,0.0,20,fractional,MI,debt_consolidation,0
0.0,67000.0,10.0,31.91,0.3057987914767306,1,27,10,0.0,20,whole,NY,small_business,0
0.0,115000.0,1.0,11.58,0.5982857589128822,0,18,10,0.0,20,whole,OH,credit_card,0
0.0,80000.0,2.0,9.6,0.03638162833549444,0,15,10,0.0,20,fractional,AZ,credit_card,0
0.0,82000.0,3.0,16.11,0.34485919822258654,0,11,10,0.0,20,whole,NY,debt_consolidation,0
0.0,81000.0,10.0,13.42,0.5782682512733447,0,11,10,0.0,20,whole,NY,debt_consolidation,0
0.0,150000.0,10.0,18.93,0.5392162412592101,0,20,10,0.0,20,whole,NY,credit_card,0
0.0,70000.0,4.0,32.68,0.20727575228282738,0,11,10,0.0,20,whole,NV,credit_card,0
0.0,144000.0,2.0,23.82,0.38237237111677885,0,13,10,0.0,20,fractional,AL,credit_card,0
0.0,170000.0,10.0,17.36,0.16981050297167025,0,24,10,0.0,20,whole,NV,debt_consolidation,0
0.0,45000.0,6.0,2.34,0.007229255855863337,1,23,10,0.0,20,whole,CA,other,0
0.0,121000.0,2.0,25.85,0.15833928432119732,0,11,10,0.0,20,whole,KS,debt_consolidation,0
0.0,111000.0,10.0,24.46,0.42199579200480913,0,24,10,0.0,20,whole,HI,credit_card,0
0.0,92000.0,10.0,26.73,0.2783091852346259,0,22,10,0.0,20,whole,TX,debt_consolidation,0
0.0,65000.0,0.0,6.89,0.5385492227979275,0,11,10,0.0,20,whole,AR,debt_consolidation,0
0.0,237000.0,10.0,22.69,0.6717143372036145,3,23,10,0.0,20,whole,MI,home_improvement,0
0.0,65000.0,10.0,13.53,0.06830964721618459,0,21,10,0.0,20,fractional,CA,debt_consolidation,0
0.0,65000.0,6.0,27.58,0.8655677431215147,0,13,10,0.0,20,fractional,WA,car,0
0.0,131000.0,5.0,18.96,0.20597036650156045,1,17,10,0.0,20,fractional,GA,moving,0
0.0,45000.0,10.0,19.97,0.5851917404129794,0,19,10,0.0,20,whole,NY,debt_consolidation,0
0.0,39442.0,2.0,31.35,0.7170260782347041,0,14,10,0.0,20,whole,WA,car,0
0.0,50000.0,10.0,38.79,0.5424454526294772,0,10,10,0.0,20,fractional,PA,credit_card,0
0.0,275000.0,10.0,12.0,0.1611506051935538,0,24,10,0.0,20,fractional,CA,credit_card,0
0.0,90000.0,3.0,29.49,0.7391209328036819,0,14,10,0.0,20,fractional,NC,home_improvement,0
0.0,40000.0,8.0,36.6,0.4985353802717487,0,26,10,0.0,20,fractional,FL,home_improvement,0
0.0,95000.0,10.0,18.19,0.15046375727901748,0,18,10,0.0,20,whole,CA,debt_consolidation,0
0.0,82000.0,7.0,14.18,0.2198820004257154,0,10,10,0.0,20,whole,OH,debt_consolidation,0
0.0,9000.0,6.0,18.86,0.17467391304347826,0,36,10,0.0,20,whole,FL,other,0
0.0,35000.0,4.0,12.83,0.8130520886105098,1,27,10,0.0,20,whole,CA,home_improvement,0
0.0,65000.0,10.0,25.87,0.20775680977760802,2,12,10,0.0,20,whole,CA,major_purchase,0
0.0,28000.0,6.0,36.76,0.6024158757549611,0,13,10,0.0,20,whole,FL,credit_card,0
0.0,22000.0,6.0,2.56,0.01719298245614035,2,17,10,0.0,20,fractional,NC,home_improvement,0
0.0,227000.0,10.0,11.37,0.37774322535110366,0,18,10,0.0,20,fractional,OK,debt_consolidation,0
0.0,53000.0,10.0,24.64,0.905309982268952,1,14,10,0.0,20,whole,TX,vacation,0
0.0,60000.0,5.0,27.42,0.5527078160104055,0,18,10,0.0,20,whole,OH,debt_consolidation,0
0.0,40000.0,4.0,8.79,0.32782101167315175,0,18,10,0.0,20,whole,MI,other,0
0.0,30000.0,10.0,14.6,0.5002939040835379,0,29,10,0.0,20,whole,KS,debt_consolidation,0
0.0,381000.0,2.0,11.52,0.7801781367559194,0,25,10,0.0,20,whole,CA,credit_card,0
0.0,80000.0,10.0,3.63,0.07647362978283351,0,6,10,0.0,20,whole,MN,debt_consolidation,0
0.0,50000.0,10.0,26.36,0.7001025751768072,0,19,10,0.0,20,whole,AR,credit_card,0
0.0,54600.0,6.0,32.7,0.6131115017142061,1,17,10,0.0,20,fractional,GA,debt_consolidation,0
0.0,55000.0,10.0,14.16,0.35178411208503,0,17,10,0.0,20,whole,NY,debt_consolidation,0
0.0,80000.0,10.0,4.47,0.061898355754858,0,11,10,0.0,20,whole,NY,house,0
0.0,125000.0,4.0,19.7,0.30212249052019896,4,19,10,0.0,20,fractional,NY,debt_consolidation,0
0.0,62000.0,6.0,31.44,0.43830777875893073,0,18,10,0.0,20,whole,NC,credit_card,0
0.0,34000.0,2.0,13.2,0.9055255868202362,0,7,10,0.0,20,whole,UT,credit_card,0
0.0,80000.0,6.0,3.99,0.3105357142857143,0,11,10,0.0,20,whole,NJ,other,0
0.0,175000.0,10.0,10.79,0.15704791711240146,0,23,10,0.0,20,whole,MD,credit_card,0
0.0,35000.0,2.0,1.92,0.164296875,0,22,10,0.0,20,whole,AZ,credit_card,0
0.0,95000.0,10.0,27.56,0.2144109807870953,0,20,10,0.0,20,whole,TX,debt_consolidation,0
0.0,70000.0,8.0,11.37,0.27368581180653934,0,18,10,0.0,20,whole,TX,medical,0
0.0,69000.0,10.0,27.43,0.6327378265075781,0,24,10,0.0,20,whole,FL,debt_consolidation,0
0.0,120000.0,10.0,9.25,0.6395962432223082,1,12,10,0.0,20,whole,CA,debt_consolidation,0
0.0,31680.0,1.0,18.68,0.16452424385859477,0,16,10,0.0,20,whole,WY,credit_card,0
0.0,80000.0,1.0,7.25,0.5842724458204335,0,5,10,0.0,20,whole,CA,other,0
0.0,132000.0,10.0,0.31,0.08944444444444444,0,10,10,0.0,20,whole,WA,other,0
0.0,33000.0,10.0,29.89,0.41981731144978507,0,31,10,0.0,20,whole,CA,debt_consolidation,0
0.0,43260.0,4.0,4.83,0.03408789885611078,0,5,10,0.0,20,whole,MO,credit_card,0
0.0,400000.0,10.0,12.7,0.5108509618675977,0,20,10,0.0,20,fractional,FL,home_improvement,0
0.0,95000.0,10.0,14.24,0.35724550898203594,0,16,10,0.0,20,whole,CA,debt_consolidation,0
0.0,75000.0,2.0,36.96,0.4839028562225443,0,15,10,0.0,20,whole,CA,debt_consolidation,0
0.0,136000.0,8.0,11.33,0.2471537533128445,0,15,10,0.0,20,fractional,AL,credit_card,0
0.0,57000.0,7.0,11.56,0.315875457991657,2,14,10,0.0,20,whole,WV,debt_consolidation,0
0.0,35600.0,5.0,25.4,0.25165181605376424,0,7,10,0.0,20,whole,CT,debt_consolidation,0
0.0,194000.0,10.0,15.07,0.7511759343664539,0,35,10,0.0,20,whole,TX,home_improvement,0
0.0,60000.0,4.0,10.38,0.4337889395117976,0,12,10,0.0,20,whole,KY,debt_consolidation,0
0.0,115000.0,9.0,18.53,0.18118991162903503,0,14,10,0.0,20,whole,TX,debt_consolidation,0
0.0,12000.0,0.0,5.2,0.6937046873878401,0,5,10,0.0,20,fractional,NY,credit_card,0
0.0,45000.0,4.0,31.42,0.37832351720001844,0,10,10,0.0,20,whole,GA,debt_consolidation,0
0.0,32000.0,3.0,18.9,0.4097089783281734,0,13,10,0.0,20,fractional,OR,debt_consolidation,0
0.0,260000.0,10.0,7.85,0.2418721356849997,0,23,10,0.0,20,whole,AR,debt_consolidation,0
0.0,162000.0,2.0,16.07,0.2615522834596882,0,14,10,0.0,20,whole,TX,credit_card,0
0.0,125000.0,3.0,23.91,0.22307878266942438,0,24,10,0.0,20,fractional,GA,debt_consolidation,0
0.0,22000.0,2.0,24.22,0.5004132231404959,0,5,10,0.0,20,fractional,CT,credit_card,0
0.0,102000.0,4.0,21.59,0.26012653569824307,0,8,10,0.0,20,fractional,FL,other,0
0.0,150000.0,10.0,35.0,0.4809787883716416,0,21,10,0.0,20,fractional,GA,debt_consolidation,0
0.0,31500.0,2.0,16.61,0.16222513089005236,0,29,10,0.0,20,whole,IN,credit_card,0
0.0,100000.0,4.0,21.42,0.14721624830345428,1,16,10,0.0,20,whole,NV,credit_card,0
0.0,109000.0,10.0,7.14,0.6529187490339533,0,11,10,0.0,20,whole,FL,debt_consolidation,0
0.0,48000.0,6.0,34.63,0.2109820563452835,0,42,10,0.0,20,whole,NY,debt_consolidation,0
0.0,97600.0,10.0,27.13,0.22791562443096328,0,17,10,0.0,20,whole,GA,debt_consolidation,0
0.0,125000.0,10.0,27.94,0.48597603886689106,0,12,10,0.0,20,fractional,TX,debt_consolidation,0
0.0,100000.0,3.0,21.4,0.422303420727554,0,14,10,0.0,20,whole,KY,small_business,0
0.0,90000.0,4.0,27.72,0.7295477260157001,0,7,10,0.0,20,fractional,CA,debt_consolidation,0
0.0,90000.0,1.0,34.27,0.3836063689141806,0,12,10,0.0,20,whole,NJ,debt_consolidation,0
0.0,35000.0,5.0,31.68,0.7347748425307887,0,21,10,0.0,20,whole,NY,major_purchase,0
0.0,98281.0,10.0,13.1,0.5430790568654646,0,12,10,0.0,20,whole,IL,debt_consolidation,0
0.0,73000.0,10.0,30.94,0.5096078135732355,0,14,10,0.0,20,whole,NY,debt_consolidation,0
0.0,150000.0,10.0,34.39,0.2780473805947835,0,19,10,0.0,20,whole,WI,debt_consolidation,0
0.0,41600.0,1.0,27.64,0.16652747465705703,1,11,10,0.0,20,whole,CT,debt_consolidation,0
0.0,215000.0,8.0,11.06,0.09587149193761713,0,10,10,0.0,20,whole,MA,other,0
0.0,258000.0,7.0,30.04,0.7821476898901195,1,16,10,0.0,20,whole,CT,debt_consolidation,0
0.0,42000.0,7.0,28.95,0.5639936732173423,0,9,10,0.0,20,fractional,TX,credit_card,0
0.0,102000.0,10.0,22.69,0.12217368623504181,0,22,10,0.0,20,whole,FL,home_improvement,0
0.0,40000.0,10.0,23.4,0.5485570434963147,0,8,10,0.0,20,whole,OH,credit_card,0
0.0,65500.0,10.0,24.55,0.703286467486819,0,20,10,0.0,20,whole,CA,debt_consolidation,0
0.0,166600.0,2.0,21.26,0.21123839843504252,0,11,10,0.0,20,whole,IL,credit_card,0
0.0,109000.0,1.0,2.85,0.026967908629143545,2,13,10,0.0,20,whole,LA,home_improvement,0
0.0,140000.0,5.0,8.03,0.04147517047999867,0,12,10,0.0,20,whole,CA,debt_consolidation,0
0.0,35000.0,0.0,19.38,0.4389513108614232,0,8,10,0.0,20,fractional,CA,debt_consolidation,0
0.0,76500.0,1.0,22.49,0.14356418496353454,0,25,10,0.0,20,whole,AL,credit_card,0
0.0,43000.0,6.0,16.86,0.10514495988744132,0,12,10,0.0,20,fractional,MO,debt_consolidation,0
0.0,80000.0,10.0,4.02,0.21685452162516383,0,24,10,0.0,20,fractional,IL,major_purchase,0
0.0,60000.0,4.0,26.58,0.36312371543549976,0,11,10,0.0,20,whole,TX,debt_consolidation,0
0.0,112000.0,7.0,26.4,0.5899387934855175,0,19,10,0.0,20,whole,SD,debt_consolidation,0
0.0,50000.0,3.0,23.36,0.5765717817532534,0,14,10,0.0,20,whole,WA,debt_consolidation,0
0.0,92000.0,10.0,22.29,0.5511838199765307,0,17,10,0.0,20,fractional,NY,other,0
0.0,20567.0,7.0,6.71,0.5238297872340425,0,11,10,0.0,20,whole,UT,debt_consolidation,0
0.0,26127.0,1.0,14.97,0.3216507791540613,0,15,10,0.0,20,whole,MD,debt_consolidation,0
0.0,260000.0,10.0,8.46,0.7647905690887278,0,13,10,0.0,20,fractional,NV,debt_consolidation,0
0.0,80000.0,10.0,25.59,0.10821851520611096,0,27,10,0.0,20,whole,FL,debt_consolidation,0
0.0,57820.0,7.0,27.63,0.9231865034545214,0,8,10,0.0,20,whole,TX,credit_card,0
0.0,113000.0,10.0,24.19,0.2865667333552311,0,20,10,0.0,20,whole,NE,debt_consolidation,0
0.0,49000.0,2.0,10.02,0.6040642108193375,0,5,10,0.0,20,whole,OR,debt_consolidation,0
0.0,72000.0,3.0,15.21,0.5926669726876291,0,18,10,0.0,20,whole,CT,debt_consolidation,0
0.0,120000.0,2.0,5.15,0.17085714285714285,1,17,10,0.0,20,whole,MO,debt_consolidation,0
0.0,300000.0,3.0,3.78,0.6541378580499506,2,6,10,0.0,20,whole,MI,other,0
0.0,95000.0,5.0,18.08,0.4912734753467383,0,30,10,0.0,20,whole,TN,credit_card,0
0.0,80000.0,7.0,10.85,0.6464379947229552,0,17,10,0.0,20,whole,MA,medical,0
0.0,55000.0,4.0,13.0,0.12752689265588957,0,35,10,0.0,20,fractional,TX,other,0
0.0,92492.0,8.0,19.55,0.04593294101319679,0,14,10,0.0,20,whole,CA,debt_consolidation,0
0.0,111996.0,4.0,15.31,0.15858214684176586,0,13,10,0.0,20,whole,IN,debt_consolidation,0
0.0,50000.0,4.0,35.09,0.44259832326043463,1,11,10,0.0,20,fractional,OH,credit_card,0
0.0,85000.0,10.0,16.12,0.070641646752591,0,21,10,0.0,20,whole,MD,debt_consolidation,0
0.0,130000.0,3.0,17.79,0.678953488372093,0,4,10,0.0,20,whole,CA,debt_consolidation,0
0.0,79000.0,9.0,19.92,0.25079432624113474,0,32,10,0.0,20,whole,NJ,credit_card,0
0.0,56000.0,6.0,14.51,0.05727568848090021,0,26,10,0.0,20,whole,WV,debt_consolidation,0
0.0,350000.0,10.0,7.65,0.19905318540723457,1,22,10,0.0,20,whole,NC,debt_consolidation,0
0.0,69000.0,0.0,19.99,0.024105263157894737,0,18,10,0.0,20,whole,CA,debt_consolidation,0
0.0,40000.0,5.0,11.55,0.6238474055324534,0,18,10,0.0,20,whole,NV,credit_card,0
0.0,110000.0,1.0,23.45,0.9018056871082808,0,17,10,0.0,20,whole,NH,credit_card,0
0.0,75000.0,10.0,19.63,0.251345632121541,0,19,10,0.0,20,whole,AR,debt_consolidation,0
0.0,55000.0,6.0,17.96,0.33969033668763426,0,5,10,0.0,20,whole,MN,debt_consolidation,0
0.0,375000.0,2.0,7.04,0.7340859230596486,0,12,10,0.0,20,whole,SC,small_business,0
0.0,107000.0,0.0,25.52,0.3526964423590901,1,18,10,0.0,20,whole,MO,car,0
0.0,252000.0,6.0,2.25,0.16088007736943907,0,17,10,0.0,20,whole,CA,credit_card,0
0.0,25000.0,2.0,18.24,0.4244935242879979,0,7,10,0.0,20,whole,FL,debt_consolidation,0
0.0,25000.0,0.0,16.23,0.4789903846153846,0,14,10,0.0,20,whole,NC,credit_card,0
0.0,110000.0,2.0,10.28,0.09359557683092096,0,14,10,0.0,20,whole,OR,debt_consolidation,0
0.0,135000.0,6.0,15.46,0.05137053754616332,0,31,10,0.0,20,fractional,MI,major_purchase,0
0.0,62840.0,4.0,38.25,0.6182335811970257,0,6,10,0.0,20,whole,UT,credit_card,0
0.0,190000.0,10.0,5.29,0.0838488021727571,0,15,10,0.0,20,whole,CA,credit_card,0
0.0,63000.0,7.0,20.55,0.7646794228573406,0,13,10,0.0,20,fractional,MA,credit_card,0
0.0,55000.0,9.0,1.88,0.08092781573589478,0,14,10,0.0,20,whole,IN,house,0
0.0,54000.0,1.0,22.62,0.6522553059506403,0,22,10,0.0,20,whole,VA,credit_card,0
0.0,100000.0,7.0,16.15,0.1999156308982265,0,17,10,0.0,20,whole,NM,other,0
0.0,110000.0,2.0,0.6,0.388,0,15,10,0.0,20,whole,CA,other,0
0.0,78000.0,0.0,16.91,0.39095556192228237,0,5,10,0.0,20,whole,CA,car,0
0.0,31200.0,3.0,28.0,0.7475781547442786,1,21,10,0.0,20,whole,MS,debt_consolidation,0
0.0,51000.0,10.0,4.35,0.7436842105263158,0,16,10,0.0,20,fractional,NY,debt_consolidation,0
0.0,40000.0,10.0,21.54,0.4830455635491607,0,21,10,0.0,20,fractional,CT,credit_card,0
0.0,105000.0,1.0,21.15,0.8775446515645462,0,19,10,0.0,20,whole,FL,debt_consolidation,0
0.0,70000.0,10.0,21.19,0.7376821094596583,0,15,10,0.0,20,whole,CA,debt_consolidation,0
0.0,150000.0,1.0,5.78,0.9997115432436465,0,20,10,0.0,20,whole,NY,debt_consolidation,0
0.0,70000.0,0.0,17.47,0.7100357180534415,0,10,10,0.0,20,fractional,CA,credit_card,0
0.0,70000.0,0.0,18.69,0.6335140771637122,1,11,10,0.0,20,whole,OH,debt_consolidation,0
0.0,50000.0,10.0,15.58,0.8484393887066137,2,14,10,0.0,20,whole,GA,other,0
0.0,56000.0,1.0,12.43,0.9642337662337662,0,7,10,0.0,20,whole,LA,debt_consolidation,0
0.0,16200.0,6.0,10.52,0.468375,0,19,10,0.0,20,whole,MI,other,0
0.0,55000.0,10.0,5.93,0.05876802096985583,0,18,10,0.0,20,whole,CA,debt_consolidation,0
0.0,44200.0,2.0,30.9,0.6273473904031668,0,16,10,0.0,20,whole,FL,debt_consolidation,0
0.0,90900.0,10.0,24.15,0.38366431451612903,0,20,10,0.0,20,whole,NC,debt_consolidation,0
0.0,65000.0,1.0,29.56,1.3214353757838322,1,16,10,0.0,20,whole,AL,other,0
0.0,108000.0,6.0,14.66,0.1843446646064352,0,15,10,0.0,20,whole,TN,credit_card,0
0.0,104000.0,7.0,18.95,0.7279248136545317,0,17,10,0.0,20,fractional,IL,other,0
0.0,66000.0,7.0,24.67,0.7820994159750582,0,13,10,0.0,20,whole,OH,debt_consolidation,0
0.0,90000.0,10.0,4.79,0.48768667787558106,1,20,10,0.0,20,whole,CT,credit_card,0
0.0,48000.0,10.0,28.38,0.3712905076862674,0,15,10,0.0,20,fractional,TX,debt_consolidation,0
0.0,50000.0,1.0,16.5,0.9941677629958985,0,10,10,0.0,20,whole,FL,other,0
0.0,52000.0,2.0,21.7,0.1283848834528862,0,13,10,0.0,20,fractional,TX,credit_card,0
0.0,100000.0,1.0,23.34,0.7949729776100197,0,11,10,0.0,20,whole,OK,debt_consolidation,0
0.0,71000.0,6.0,17.06,0.3466662401842404,0,19,10,0.0,20,whole,NY,other,0
0.0,85000.0,10.0,16.79,0.25077678555825456,0,17,10,0.0,20,whole,GA,home_improvement,0
0.0,42500.0,3.0,14.46,0.6640928725701943,0,18,10,0.0,20,whole,NY,home_improvement,0
0.0,45000.0,3.0,7.65,0.09026503567787972,0,18,10,0.0,20,whole,MO,debt_consolidation,0
0.0,35000.0,10.0,6.65,0.0299940487998413,0,16,10,0.0,20,whole,IL,debt_consolidation,0
0.0,170000.0,10.0,32.32,0.37510272057814026,0,14,10,0.0,20,whole,OK,credit_card,0
0.0,180000.0,6.0,7.31,0.2250712545991605,0,19,10,0.0,20,whole,NY,credit_card,0
0.0,63000.0,6.0,12.61,0.3797713097713098,0,14,10,0.0,20,fractional,MI,debt_consolidation,0
0.0,31000.0,6.0,16.03,0.6135078534031414,0,18,10,0.0,20,whole,TX,debt_consolidation,0
0.0,165200.0,10.0,1.06,0.008050183794150552,1,19,10,0.0,20,whole,CA,home_improvement,0
0.0,32000.0,0.0,4.91,0.3231683168316832,0,12,10,0.0,20,fractional,FL,credit_card,0
0.0,78000.0,10.0,15.28,0.0902825184027635,0,20,10,0.0,20,whole,WI,debt_consolidation,0
0.0,56000.0,9.0,7.82,0.53575,0,9,10,0.0,20,whole,MS,credit_card,0
0.0,75000.0,3.0,16.83,0.16336459198347275,0,8,10,0.0,20,whole,MD,other,0
0.0,63000.0,2.0,23.43,0.7141552705342733,0,18,10,0.0,20,whole,FL,debt_consolidation,0
0.0,76000.0,6.0,4.99,0.012808570097810898,0,11,10,0.0,20,whole,VA,house,0
0.0,300000.0,0.0,15.27,0.23639013235085307,1,21,10,0.0,20,whole,GA,credit_card,0
0.0,60000.0,7.0,21.34,0.328240003978516,1,19,10,0.0,20,whole,NY,debt_consolidation,0
0.0,82000.0,7.0,9.18,0.6568935828263116,0,16,10,0.0,20,whole,AL,credit_card,0
0.0,25000.0,4.0,17.53,0.36663823565249176,1,4,10,0.0,20,fractional,FL,debt_consolidation,0
0.0,55000.0,4.0,33.82,0.14587130839601892,2,13,10,0.0,20,fractional,NC,debt_consolidation,0
0.0,120000.0,8.0,9.41,0.3647290899526565,2,14,10,0.0,20,fractional,CA,debt_consolidation,0
0.0,75000.0,5.0,3.82,1.1953033707865168,0,46,10,0.0,20,whole,AL,debt_consolidation,0
0.0,60000.0,10.0,9.38,0.5428598224334126,0,11,10,0.0,20,whole,PA,car,0
0.0,72000.0,10.0,28.04,0.17460969000414103,0,21,10,0.0,20,whole,NY,debt_consolidation,0
0.0,95000.0,10.0,12.22,0.11653984661051427,0,37,10,0.0,20,whole,GA,other,0
0.0,35200.0,2.0,1.93,0.11313725490196079,0,17,10,0.0,20,whole,NY,car,1
0.0,23000.0,0.0,12.84,0.5879683772278618,0,8,10,0.0,20,whole,OH,credit_card,0
0.0,180000.0,8.0,9.62,0.2886680399719495,0,15,10,0.0,20,whole,MI,debt_consolidation,0
0.0,91380.0,10.0,14.21,0.28051479477022073,2,11,10,0.0,20,whole,CA,debt_consolidation,0
0.0,89000.0,4.0,21.91,0.5451477822498678,0,26,10,0.0,20,whole,MA,credit_card,0
0.0,124000.0,10.0,20.6,0.40694713341356636,0,29,10,0.0,20,whole,WI,debt_consolidation,0
0.0,34000.0,10.0,20.97,0.2080463344476405,1,31,10,0.0,20,fractional,RI,debt_consolidation,0
0.0,58000.0,5.0,5.01,0.020627324019659592,1,14,10,0.0,20,whole,OR,other,0
0.0,85800.0,10.0,23.61,0.536949846468782,0,27,10,0.0,20,whole,TX,debt_consolidation,0
0.0,70000.0,4.0,16.44,0.25771280256405216,1,15,10,0.0,20,whole,CA,debt_consolidation,0
0.0,50000.0,2.0,0.82,0.15847619047619046,0,20,10,0.0,20,fractional,NV,other,0
0.0,90000.0,10.0,4.77,0.5092607003891051,0,31,10,0.0,20,fractional,NV,debt_consolidation,0
0.0,250000.0,5.0,6.22,0.38263097008758884,1,14,10,0.0,20,whole,SC,debt_consolidation,0
0.0,24000.0,6.0,21.5,0.32324582338902147,0,32,10,0.0,20,whole,TX,debt_consolidation,0
0.0,24000.0,6.0,4.68,0.08611702127659575,0,18,10,0.0,20,fractional,AR,other,0
0.0,30000.0,3.0,14.58,0.8299908244855158,1,5,10,0.0,20,fractional,CA,debt_consolidation,0
0.0,40000.0,2.0,30.36,0.5397785094283148,0,6,10,0.0,20,whole,MD,debt_consolidation,0
0.0,175000.0,4.0,6.32,0.590132224180944,0,23,10,0.0,20,whole,WI,debt_consolidation,0
0.0,60000.0,4.0,32.92,0.7611862416836979,0,12,10,0.0,20,whole,TX,debt_consolidation,0
0.0,60000.0,10.0,1.0,0.039714285714285716,0,19,10,0.0,20,whole,NV,other,0
0.0,26500.0,7.0,10.19,0.3179372197309417,0,11,10,0.0,20,whole,FL,debt_consolidation,0
0.0,25000.0,7.0,21.36,0.7071422787270224,0,18,10,0.0,20,whole,AR,other,0
0.0,109000.0,1.0,27.22,0.2111405899015036,0,22,10,0.0,20,whole,MO,other,0
0.0,55000.0,10.0,32.93,0.29050258164380893,0,14,10,0.0,20,fractional,OH,other,0
0.0,117650.0,10.0,12.91,0.5797576345128453,0,9,10,0.0,20,whole,AL,credit_card,0
0.0,49000.0,3.0,13.69,0.32499570225201996,0,10,10,0.0,20,whole,NJ,house,0
0.0,125000.0,10.0,1.31,0.047474696356275305,0,17,10,0.0,20,whole,GA,major_purchase,0
0.0,102200.0,6.0,19.48,0.13046513380480007,0,15,10,0.0,20,whole,GA,debt_consolidation,0
0.0,120000.0,5.0,8.05,0.4447067448680352,2,10,10,0.0,20,whole,WI,debt_consolidation,0
0.0,80000.0,8.0,1.86,0.4729292929292929,0,19,10,0.0,20,whole,FL,debt_consolidation,0
0.0,60000.0,2.0,3.3,0.6162105263157894,0,10,10,0.0,20,whole,FL,debt_consolidation,0
0.0,83500.0,10.0,30.06,0.18948079013779923,0,32,10,0.0,20,whole,MD,debt_consolidation,0
0.0,82767.78,5.0,17.49,0.34707908099140317,2,25,10,0.0,20,whole,TN,debt_consolidation,0
0.0,144400.0,10.0,37.67,0.5142682515596021,0,15,10,0.0,20,fractional,CA,debt_consolidation,0
0.0,43788.0,6.0,26.84,0.5823819591261452,3,15,10,0.0,20,fractional,PA,debt_consolidation,0
0.0,62004.0,9.0,14.34,0.22871472726232042,0,13,10,0.0,20,fractional,OH,debt_consolidation,0
0.0,55000.0,3.0,18.31,0.37057573462957083,0,41,10,0.0,20,whole,NV,credit_card,0
0.0,70000.0,5.0,23.32,0.617481381772426,0,16,10,0.0,20,whole,CO,credit_card,0
0.0,58000.0,6.0,28.97,0.1366277038560206,0,20,10,0.0,20,whole,TX,major_purchase,0
0.0,39000.0,3.0,5.29,0.8911192464316564,0,11,10,0.0,20,whole,UT,debt_consolidation,0
0.0,98700.0,2.0,12.04,0.07464761475969874,0,11,10,0.0,20,whole,PA,home_improvement,0
0.0,45000.0,0.0,2.88,0.19995024875621892,0,25,10,0.0,20,whole,NV,major_purchase,0
0.0,120000.0,10.0,8.14,0.7655365530531133,0,15,10,0.0,20,whole,CA,credit_card,0
0.0,93000.0,5.0,24.79,0.1675565827223462,1,7,10,0.0,20,whole,HI,credit_card,0
0.0,74000.0,1.0,28.15,0.8771732187445561,0,4,10,0.0,20,whole,TX,small_business,0
0.0,84000.0,10.0,21.75,0.37734516996379913,0,17,10,0.0,20,whole,CA,other,0
0.0,44600.0,10.0,31.03,0.6481452363961828,0,10,10,0.0,20,whole,KY,debt_consolidation,0
0.0,690000.0,4.0,23.44,0.6817887359886928,0,31,10,0.0,20,whole,AL,home_improvement,0
0.0,103500.0,4.0,20.56,0.18134963494189313,0,5,10,0.0,20,whole,TX,credit_card,0
0.0,85000.0,1.0,14.44,0.18835130469364328,1,21,10,0.0,20,whole,KS,credit_card,0
0.0,90000.0,9.0,19.23,0.19629829534284376,0,9,10,0.0,20,whole,NM,other,0
0.0,83207.0,2.0,12.89,0.7399275552947366,0,14,10,0.0,20,fractional,NC,debt_consolidation,0
0.0,40000.0,10.0,20.58,0.0792030871246694,1,17,10,0.0,20,whole,NJ,home_improvement,0
0.0,36144.0,1.0,16.0,0.8362761472997694,0,5,10,0.0,20,whole,FL,debt_consolidation,0
0.0,106000.0,10.0,29.4,0.7136394459874966,0,30,10,0.0,20,whole,FL,debt_consolidation,0
0.0,170000.0,3.0,22.83,0.0805388802771428,0,18,10,0.0,20,fractional,CA,debt_consolidation,0
0.0,43200.0,10.0,14.0,0.5264691855227598,1,29,10,0.0,20,whole,TX,debt_consolidation,0
0.0,97000.0,10.0,18.3,0.14530571280716337,0,18,10,0.0,20,whole,TX,debt_consolidation,0
0.0,82000.0,5.0,29.49,0.1506899778068062,2,25,10,0.0,20,whole,ID,debt_consolidation,0
0.0,102000.0,2.0,17.28,0.5093703674806898,2,12,10,0.0,20,fractional,MD,credit_card,0
0.0,45000.0,0.0,4.27,0.8612987012987013,0,12,10,0.0,20,whole,MA,major_purchase,0
0.0,75000.0,2.0,16.06,0.8474165082427716,0,18,10,0.0,20,whole,IN,credit_card,0
0.0,72000.0,10.0,8.72,0.18290910380034034,2,17,10,0.0,20,whole,IL,car,0
0.0,90000.0,6.0,14.01,0.9079972936400541,0,19,10,0.0,20,whole,CA,debt_consolidation,0
0.0,150000.0,4.0,17.18,0.5577202769177069,0,20,10,0.0,20,fractional,PA,debt_consolidation,0
0.0,34625.64,2.0,8.08,1.3404338782659466,0,26,10,0.0,20,fractional,TX,other,0
0.0,120000.0,0.0,11.13,0.4557563359472667,1,7,10,0.0,20,whole,NJ,vacation,0
0.0,195000.0,4.0,15.58,0.20823062044902912,1,6,10,0.0,20,whole,VT,credit_card,0
0.0,136000.0,8.0,22.82,0.31205027626639675,0,19,10,0.0,20,whole,VA,medical,0
0.0,37000.0,10.0,19.89,0.4040713224368499,0,11,10,0.0,20,whole,CA,credit_card,0
0.0,45000.0,9.0,30.8,0.6187927680625636,0,17,10,0.0,20,whole,TX,other,0
0.0,146000.0,10.0,10.87,0.008218749184647899,0,19,10,0.0,20,whole,NY,home_improvement,0
0.0,27610.0,6.0,18.57,0.0999831081081081,0,13,10,0.0,20,fractional,DE,debt_consolidation,0
0.0,175000.0,0.0,25.31,0.2373229503036803,0,9,10,0.0,20,whole,FL,debt_consolidation,0
0.0,74620.0,7.0,0.45,0.013651551312649165,0,18,10,0.0,20,fractional,FL,house,1
0.0,125000.0,10.0,19.62,0.1596734402389145,0,31,10,0.0,20,whole,NY,major_purchase,0
0.0,137000.0,3.0,18.6,0.5519670503242318,0,21,10,0.0,20,whole,TN,credit_card,0
0.0,61746.0,5.0,20.49,0.6026668953393646,0,12,10,0.0,20,whole,WV,debt_consolidation,0
0.0,36000.0,9.0,29.83,0.79201244813278,0,11,10,0.0,20,whole,NH,debt_consolidation,0
0.0,41000.0,4.0,18.82,0.4618102745311226,1,10,10,0.0,20,whole,NY,debt_consolidation,0
0.0,52000.0,7.0,17.4,0.36478060046189376,0,25,10,0.0,20,whole,TX,home_improvement,0
0.0,60000.0,3.0,9.33,1.00171875,0,15,10,0.0,20,whole,NY,credit_card,0
0.0,12000.0,1.0,25.8,0.7602972743104776,0,5,10,0.0,20,fractional,IN,credit_card,0
0.0,46219.0,6.0,20.8,0.6009609958238604,0,30,10,0.0,20,whole,MN,debt_consolidation,0
0.0,45000.0,0.0,3.76,0.662,0,5,10,0.0,20,whole,TX,debt_consolidation,0
0.0,81000.0,1.0,10.82,0.30642253127402336,0,20,10,0.0,20,whole,CA,debt_consolidation,0
0.0,70000.0,6.0,27.52,0.10632796438076259,0,17,10,0.0,20,whole,CA,credit_card,0
0.0,65000.0,6.0,16.19,0.6896587030716723,0,11,10,0.0,20,whole,NY,debt_consolidation,0
0.0,24000.0,8.0,6.51,0.4959602237414543,1,14,10,0.0,20,whole,NY,debt_consolidation,0
0.0,82600.0,5.0,5.56,0.04777436016481922,0,15,10,0.0,20,whole,PA,other,0
0.0,210000.0,10.0,31.56,0.27270179770580816,0,18,10,0.0,20,whole,CA,medical,0
0.0,51500.0,7.0,14.4,0.5983674999573982,0,18,10,0.0,20,whole,OH,debt_consolidation,0
0.0,36000.0,1.0,31.17,0.7545817669172933,0,7,10,0.0,20,whole,CO,credit_card,0
0.0,103000.0,9.0,26.94,0.2234987046884435,0,7,10,0.0,20,whole,WI,debt_consolidation,0
0.0,100000.0,6.0,23.24,0.7865701015508147,0,16,10,0.0,20,fractional,TX,home_improvement,0
0.0,435000.0,10.0,16.23,0.21571657463533844,0,20,10,0.0,20,whole,VA,debt_consolidation,0
0.0,75000.0,6.0,23.2,0.14445406377020586,0,17,10,0.0,20,whole,NC,debt_consolidation,0
0.0,50256.0,6.0,28.37,0.342636815920398,0,54,10,0.0,20,fractional,CA,other,0
0.0,55000.0,0.0,31.18,0.7205767948432985,1,4,10,0.0,20,whole,CA,debt_consolidation,0
0.0,76000.0,10.0,36.13,0.5862294840355193,0,25,10,0.0,20,whole,OH,debt_consolidation,0
0.0,63000.0,10.0,39.64,0.3228111183390851,0,15,10,0.0,20,fractional,PA,debt_consolidation,0
0.0,72000.0,9.0,27.48,0.7463614247746544,1,23,10,0.0,20,whole,OK,debt_consolidation,0
0.0,80000.0,6.0,19.13,0.24043117432894615,0,23,10,0.0,20,whole,OK,credit_card,0
0.0,195000.0,10.0,6.33,0.006813216093791634,0,29,10,0.0,20,whole,NJ,debt_consolidation,0
0.0,32844.0,1.0,22.1,0.5981661634798167,0,8,10,0.0,20,whole,CT,debt_consolidation,0
0.0,42000.0,10.0,24.83,0.5288820604741481,0,5,10,0.0,20,whole,OR,credit_card,0
0.0,93300.0,10.0,21.63,0.1976099363874419,0,12,10,0.0,20,whole,AZ,credit_card,0
0.0,240000.0,4.0,3.04,1.3298438046975278,0,11,10,0.0,20,whole,NY,medical,0
0.0,93700.0,3.0,25.13,0.41988292696507995,0,18,10,0.0,20,whole,PA,credit_card,0
0.0,65000.0,7.0,22.91,0.5202379845681881,0,8,10,0.0,20,whole,NY,debt_consolidation,0
0.0,50000.0,9.0,16.37,0.5594756554307116,0,7,10,0.0,20,fractional,CA,debt_consolidation,0
0.0,110000.0,7.0,20.66,0.42200023547098725,0,16,10,0.0,20,whole,TX,credit_card,0
0.0,84000.0,10.0,9.7,0.10447691758977354,1,9,10,0.0,20,whole,TN,credit_card,0
0.0,254000.0,10.0,33.06,0.6469546029555517,0,31,10,0.0,20,fractional,VA,credit_card,0
0.0,30000.0,0.0,16.3,0.4824996004474988,2,10,10,0.0,20,whole,MO,credit_card,0
0.0,48000.0,10.0,29.35,0.464492904530985,0,16,10,0.0,20,whole,TX,debt_consolidation,0
0.0,71000.0,2.0,27.6,0.6327953537675988,0,11,10,0.0,20,whole,NV,debt_consolidation,0
0.0,155000.0,10.0,23.71,0.2343437048602109,1,41,10,0.0,20,whole,NJ,debt_consolidation,0
0.0,31200.0,6.0,33.38,0.43804430416739726,0,33,10,0.0,20,whole,OH,debt_consolidation,0
0.0,82000.0,2.0,13.24,0.5957402087858193,0,13,10,0.0,20,whole,CA,debt_consolidation,0
0.0,90000.0,5.0,12.4,0.53378223495702,0,26,10,0.0,20,whole,MT,small_business,0
0.0,200000.0,10.0,17.31,0.32915565074796693,0,20,10,0.0,20,whole,KY,moving,0
0.0,55000.0,6.0,6.0,0.5899761816382084,0,20,10,0.0,20,whole,IL,credit_card,0
0.0,40000.0,6.0,18.57,0.982941574894012,0,3,10,0.0,20,fractional,OH,debt_consolidation,0
0.0,34000.0,0.0,16.69,0.46016666666666667,0,4,10,0.0,20,whole,SC,debt_consolidation,0
0.0,35000.0,4.0,18.18,0.7097332756151976,0,6,10,0.0,20,whole,PA,debt_consolidation,0
0.0,184000.0,7.0,13.54,0.4966873555268379,0,11,10,0.0,20,whole,MA,debt_consolidation,0
0.0,65000.0,6.0,10.4,0.5895454545454546,0,19,10,0.0,20,whole,RI,credit_card,0
0.0,73000.0,8.0,10.03,0.8359405229119452,0,13,10,0.0,20,fractional,MD,debt_consolidation,0
0.0,70000.0,2.0,17.01,0.6749277849876502,0,25,10,0.0,20,whole,MD,debt_consolidation,0
0.0,36000.0,2.0,1.67,0.01465224111282844,0,23,10,0.0,20,whole,MS,other,0
0.0,43000.0,1.0,5.64,0.811704260651629,0,6,10,0.0,20,whole,MA,credit_card,0
0.0,54100.0,10.0,15.37,0.5152934456661431,0,13,10,0.0,20,whole,OK,home_improvement,0
0.0,70000.0,2.0,9.26,0.024595833063435976,3,29,10,0.0,20,whole,CA,medical,0
0.0,32500.0,3.0,27.33,0.7497818578440284,0,9,10,0.0,20,fractional,AZ,debt_consolidation,0
0.0,102000.0,10.0,17.14,0.17496719222503282,0,31,10,0.0,20,whole,FL,debt_consolidation,0
0.0,32000.0,2.0,5.77,1.0615289384091613,0,22,10,0.0,20,whole,MD,other,0
0.0,30000.0,6.0,19.84,0.2880353982300885,0,27,10,0.0,20,whole,CA,debt_consolidation,0
0.0,66352.0,10.0,21.94,0.35668641721327066,0,12,10,0.0,20,whole,IL,debt_consolidation,0
0.0,78000.0,10.0,30.06,0.43295127145183515,1,16,10,0.0,20,whole,IL,debt_consolidation,0
0.0,153000.0,2.0,5.88,0.5043560511773784,0,11,10,0.0,20,whole,OH,debt_consolidation,0
0.0,55000.0,6.0,12.13,0.24538293216630197,0,16,10,0.0,20,whole,TX,debt_consolidation,0
0.0,127000.0,10.0,15.92,0.47379773952869914,0,17,10,0.0,20,whole,OK,credit_card,0
0.0,88000.0,10.0,13.27,0.12954488465396188,0,14,10,0.0,20,whole,MO,debt_consolidation,0
0.0,40000.0,0.0,8.04,0.30613065326633165,0,6,10,0.0,20,fractional,TX,credit_card,0
0.0,90000.0,0.0,12.92,0.5610245901639345,1,11,10,0.0,20,whole,NY,other,0
0.0,40000.0,6.0,12.12,0.3389314516129032,0,21,10,0.0,20,whole,CO,major_purchase,0
0.0,30000.0,6.0,34.8,0.1375651459341008,0,10,10,0.0,20,whole,IN,debt_consolidation,0
0.0,70000.0,9.0,19.44,0.1824679979518689,0,19,10,0.0,20,whole,IL,debt_consolidation,0
0.0,71000.0,10.0,24.61,0.34263209714473253,0,20,10,0.0,20,fractional,CA,debt_consolidation,0
0.0,18000.0,6.0,15.53,0.47969924812030074,0,16,10,0.0,20,whole,CA,debt_consolidation,0
0.0,82000.0,7.0,29.65,0.3323892666884528,1,11,10,0.0,20,whole,KS,debt_consolidation,0
0.0,65000.0,10.0,29.06,0.6329086083781763,0,13,10,0.0,20,whole,CA,debt_consolidation,0
0.0,110000.0,3.0,21.14,0.7593537414965986,0,15,10,0.0,20,whole,MI,credit_card,0
0.0,80969.94,10.0,22.45,0.7697043417818931,0,10,10,0.0,20,whole,GA,debt_consolidation,0
0.0,60000.0,10.0,18.46,0.6544736842105263,0,12,10,0.0,20,whole,WV,debt_consolidation,0
0.0,110000.0,10.0,18.19,0.0654199512509273,1,11,10,0.0,20,whole,NY,debt_consolidation,1
0.0,56000.0,0.0,14.23,0.5820152091254753,0,12,10,0.0,20,whole,FL,credit_card,0
0.0,120328.0,6.0,22.61,0.18452361595674008,1,13,10,0.0,20,whole,TX,debt_consolidation,0
0.0,52250.0,6.0,24.17,0.3127749370992614,0,21,10,0.0,20,whole,AZ,credit_card,0
0.0,61000.0,0.0,23.57,0.6935381834613646,0,4,10,0.0,20,fractional,TN,other,0
0.0,122200.0,4.0,16.67,0.5980264909478168,1,31,10,0.0,20,whole,WI,home_improvement,0
0.0,52440.0,6.0,5.72,0.41786324786324786,0,12,10,0.0,20,fractional,MA,debt_consolidation,0
0.0,30000.0,10.0,32.0,0.6227464788732394,0,27,10,0.0,20,whole,CO,credit_card,0
0.0,75000.0,10.0,35.07,0.40599474110436806,0,19,10,0.0,20,whole,OH,credit_card,0
0.0,23000.0,6.0,23.64,0.5089528795811519,0,18,10,0.0,20,whole,GA,credit_card,0
0.0,50000.0,3.0,19.36,0.7740194613264255,0,10,10,0.0,20,fractional,MI,debt_consolidation,0
0.0,80000.0,10.0,13.86,0.2227795169435368,1,15,10,0.0,20,whole,KY,debt_consolidation,0
0.0,55000.0,0.0,16.17,0.07886488393655691,0,10,10,0.0,20,whole,FL,credit_card,0
0.0,80901.0,6.0,14.35,0.232959001416576,0,13,10,0.0,20,whole,MD,debt_consolidation,0
0.0,47000.0,0.0,8.45,0.59859375,0,6,10,0.0,20,whole,MT,debt_consolidation,0
0.0,36420.0,0.0,22.73,0.6914342592763267,0,12,10,0.0,20,whole,MI,debt_consolidation,0
0.0,125000.0,10.0,4.63,0.6016140350877193,0,11,10,0.0,20,whole,TX,credit_card,0
0.0,37000.0,6.0,20.61,0.03616388292533632,0,12,10,0.0,20,whole,GA,debt_consolidation,0
0.0,45000.0,3.0,11.68,0.6921285140562249,0,6,10,0.0,20,whole,NJ,debt_consolidation,0
0.0,109000.0,10.0,36.86,0.9433377487942395,0,20,10,0.0,20,fractional,TX,debt_consolidation,0
0.0,33661.32,6.0,27.81,0.5430546594156144,0,19,10,0.0,20,whole,NJ,debt_consolidation,0
0.0,85000.0,6.0,13.06,0.622360776533938,0,11,10,0.0,20,whole,NC,credit_card,0
0.0,20562.0,6.0,12.49,0.4716981132075472,0,9,10,0.0,20,whole,FL,debt_consolidation,0
0.0,60000.0,10.0,16.5,0.1441351419863349,0,14,10,0.0,20,whole,OR,debt_consolidation,0
0.0,120000.0,2.0,7.86,0.060518868136763056,1,14,10,0.0,20,whole,CA,home_improvement,0
0.0,65000.0,5.0,13.85,0.3816695059625213,0,5,10,0.0,20,whole,NY,credit_card,0
0.0,80000.0,10.0,20.82,0.5284925719753994,0,12,10,0.0,20,whole,MO,debt_consolidation,0
0.0,86000.0,9.0,10.02,0.4882423208191126,0,17,10,0.0,20,fractional,PA,credit_card,0
0.0,75000.0,10.0,0.69,0.005197949302193108,0,18,10,0.0,20,whole,WI,other,0
0.0,72000.0,10.0,20.94,0.2671291877168067,0,12,10,0.0,20,fractional,MI,debt_consolidation,0
0.0,40000.0,0.0,19.26,0.4907102209740596,0,16,10,0.0,20,whole,KS,credit_card,0
0.0,86700.0,6.0,17.62,0.05227465658280599,0,13,10,0.0,20,whole,VA,debt_consolidation,0
0.0,80000.0,0.0,11.47,0.07797648289498446,0,12,10,0.0,20,whole,CA,debt_consolidation,1
0.0,100000.0,10.0,18.28,0.1813739962824506,0,34,10,0.0,20,whole,MI,debt_consolidation,0
0.0,116300.0,1.0,8.56,0.6967855959350492,0,33,10,0.0,20,fractional,MD,other,0
0.0,14568.0,6.0,2.06,0.04561904761904762,0,17,10,0.0,20,fractional,NY,other,0
0.0,39000.0,10.0,22.34,0.9916195759623471,0,16,10,0.0,20,fractional,WV,debt_consolidation,0
0.0,90000.0,2.0,26.21,0.8358355845225303,0,7,10,0.0,20,whole,OH,home_improvement,0
0.0,145000.0,10.0,12.15,0.09836503260431798,0,14,10,0.0,20,whole,MD,debt_consolidation,0
0.0,170000.0,2.0,4.85,0.6210808298936664,2,8,10,0.0,20,whole,TX,credit_card,0
0.0,135000.0,0.0,17.96,0.06455515115814277,1,22,10,0.0,20,whole,IL,debt_consolidation,0
0.0,122000.0,10.0,14.69,0.0823155995926188,0,24,10,0.0,20,whole,CA,home_improvement,0
0.0,32000.0,10.0,16.09,0.6992831353670661,0,12,10,0.0,20,whole,CA,debt_consolidation,0
0.0,135000.0,5.0,2.95,0.11346243222308289,0,13,10,0.0,20,whole,NY,debt_consolidation,0
0.0,48425.0,10.0,36.48,0.43003603013429414,0,16,10,0.0,20,whole,NY,debt_consolidation,0
0.0,108000.0,6.0,24.34,0.24593304071090724,0,10,10,0.0,20,fractional,TX,debt_consolidation,0
0.0,134000.0,10.0,9.13,0.017914957910641054,0,13,10,0.0,20,whole,TX,debt_consolidation,0
0.0,126000.0,10.0,10.52,0.39720107954028566,0,17,10,0.0,20,whole,NJ,debt_consolidation,0
0.0,65000.0,5.0,27.82,0.11582672406810918,0,15,10,0.0,20,whole,CA,debt_consolidation,0
0.0,110000.0,3.0,9.75,0.82606463878327,0,19,10,0.0,20,whole,CO,other,0
0.0,41900.0,6.0,18.0,0.5788205077546182,0,12,10,0.0,20,fractional,FL,major_purchase,0
0.0,60000.0,10.0,22.52,0.7826229169535877,0,13,10,0.0,20,whole,TX,debt_consolidation,0
0.0,55000.0,6.0,6.2,0.501035442694188,0,17,10,0.0,20,whole,FL,credit_card,0
0.0,100000.0,10.0,8.48,0.6238336381113143,1,25,10,0.0,20,whole,OH,credit_card,0
0.0,56000.0,10.0,31.55,1.0304940825791522,0,13,10,0.0,20,whole,CA,debt_consolidation,0
0.0,73000.0,4.0,3.95,0.2701081081081081,0,31,10,0.0,20,whole,NY,other,0
0.0,175000.0,4.0,11.59,0.6862883020485818,0,18,10,0.0,20,whole,MS,debt_consolidation,0
0.0,50000.0,3.0,19.64,0.08087975711360587,0,20,10,0.0,20,whole,FL,major_purchase,0
0.0,235000.0,10.0,5.37,0.7970873611636154,0,11,10,0.0,20,whole,RI,major_purchase,0
0.0,200000.0,4.0,5.66,0.07488749259292872,0,11,10,0.0,20,fractional,CA,home_improvement,0
0.0,25000.0,4.0,8.35,0.1291907514450867,0,17,10,0.0,20,whole,AR,debt_consolidation,1
0.0,100000.0,10.0,13.56,0.45343870301870587,1,13,10,0.0,20,whole,NC,debt_consolidation,1
0.0,110000.0,10.0,12.91,0.02555624401509604,0,19,10,0.0,20,whole,FL,house,0
0.0,32000.0,0.0,37.17,0.6444833625218914,0,4,10,0.0,20,fractional,SD,debt_consolidation,0
0.0,40000.0,1.0,25.89,0.13647371299117256,0,17,10,0.0,20,fractional,AZ,debt_consolidation,0
0.0,63000.0,2.0,23.94,0.2756939380167764,0,14,10,0.0,20,whole,TX,home_improvement,0
0.0,66000.0,6.0,22.75,0.5746595238993474,0,23,10,0.0,20,whole,MD,debt_consolidation,0
0.0,29016.0,6.0,18.86,0.5805305466237942,0,25,10,0.0,20,whole,MO,debt_consolidation,0
0.0,80000.0,10.0,21.05,0.16379949304056904,0,17,10,0.0,20,whole,OH,debt_consolidation,0
0.0,70000.0,4.0,8.3,0.3929834400461124,1,17,10,0.0,20,whole,TX,home_improvement,0
0.0,185000.0,5.0,11.85,0.1258059395609784,0,18,10,0.0,20,whole,IL,home_improvement,0
0.0,80000.0,4.0,9.21,0.32610666666666666,0,5,10,0.0,20,whole,GA,home_improvement,0
0.0,30000.0,10.0,39.98,0.6112016595051118,1,22,10,0.0,20,fractional,CA,credit_card,0
0.0,175000.0,10.0,21.16,0.17282178959622854,0,29,10,0.0,20,whole,WI,debt_consolidation,0
0.0,115000.0,10.0,8.72,0.07932100792780593,1,16,10,0.0,20,fractional,CA,credit_card,0
0.0,114000.0,10.0,20.77,0.19387665680797458,2,16,10,0.0,20,whole,MI,debt_consolidation,0
0.0,100000.0,5.0,26.85,0.5518413623656554,0,18,10,0.0,20,whole,OR,debt_consolidation,0
0.0,137500.0,7.0,9.49,0.6867578729994838,0,14,10,0.0,20,whole,CA,credit_card,0
0.0,59819.97,10.0,15.05,0.2789949355046308,0,11,10,0.0,20,whole,CA,debt_consolidation,0
0.0,51000.0,8.0,26.78,0.21524394455395046,0,16,10,0.0,20,whole,OH,credit_card,0
0.0,60000.0,10.0,34.62,0.5330458150110873,0,13,10,0.0,20,whole,NY,other,0
0.0,93000.0,10.0,24.61,0.7297991550909352,0,16,10,0.0,20,fractional,CA,credit_card,0
0.0,120000.0,1.0,7.9,0.8273988680031045,0,11,10,0.0,20,whole,CA,credit_card,0
0.0,47000.0,2.0,13.92,0.7281896288246681,0,7,10,0.0,20,whole,GA,credit_card,0
0.0,40000.0,5.0,19.62,0.7148009273835761,0,7,10,0.0,20,whole,AZ,debt_consolidation,0
0.0,50000.0,6.0,12.99,0.04397791957646907,0,29,10,0.0,20,fractional,FL,credit_card,0
0.0,22644.7,2.0,22.77,0.7708029197080292,0,27,10,0.0,20,fractional,TX,debt_consolidation,0
0.0,53000.0,0.0,16.42,1.062778649530499,0,19,10,0.0,20,whole,NY,credit_card,0
0.0,37000.0,3.0,33.77,0.7266907071369343,1,20,10,0.0,20,whole,PA,debt_consolidation,0
0.0,31858.0,6.0,18.12,0.26504030091348735,0,35,10,0.0,20,whole,CA,debt_consolidation,0
0.0,36400.0,7.0,10.98,0.0892408178468333,0,12,10,0.0,20,whole,IN,other,0
0.0,40000.0,7.0,11.1,0.4169205768840138,0,10,10,0.0,20,fractional,KY,other,0
0.0,40000.0,10.0,17.04,0.7734676522535487,0,17,10,0.0,20,whole,CA,credit_card,0
0.0,89000.0,3.0,13.64,0.17823529411764705,0,4,10,0.0,20,whole,MD,credit_card,0
0.0,73000.0,10.0,24.41,0.16318513372698853,0,19,10,0.0,20,fractional,CO,debt_consolidation,0
0.0,75000.0,10.0,30.36,0.620447032194657,0,16,10,0.0,20,whole,PA,home_improvement,0
0.0,68000.0,2.0,22.08,0.5752365757042254,0,12,10,0.0,20,whole,FL,debt_consolidation,0
0.0,46000.0,10.0,24.99,0.5367967145790554,0,18,10,0.0,20,whole,TX,debt_consolidation,0
0.0,55000.0,2.0,16.98,0.30352219674576647,0,21,10,0.0,20,whole,IN,debt_consolidation,0
0.0,85000.0,10.0,14.42,0.45789200115506784,0,24,10,0.0,20,whole,CA,debt_consolidation,0
0.0,42000.0,6.0,3.2,0.62171875,0,14,10,0.0,20,fractional,NJ,debt_consolidation,0
0.0,150000.0,10.0,9.1,0.04684515491752918,1,36,10,0.0,20,whole,CA,debt_consolidation,0
0.0,57000.0,10.0,0.53,0.005183673469387755,0,18,10,0.0,20,whole,IL,home_improvement,0
0.0,52000.0,2.0,18.74,0.563139547959069,0,12,10,0.0,20,whole,FL,credit_card,0
0.0,100000.0,7.0,24.87,0.5172989974444663,0,25,10,0.0,20,whole,CA,medical,0
0.0,120000.0,6.0,11.4,0.27533350150613584,3,25,10,0.0,20,fractional,CO,debt_consolidation,0
0.0,47000.0,10.0,15.82,0.8720826334036241,0,22,10,0.0,20,fractional,AL,home_improvement,0
0.0,43000.0,0.0,11.47,0.6176019102848371,0,10,10,0.0,20,whole,FL,credit_card,0
0.0,37000.0,6.0,23.19,0.21198345536200902,0,23,10,0.0,20,whole,CA,house,0
0.0,35000.0,10.0,29.75,0.7038011753764568,0,6,10,0.0,20,fractional,HI,other,0
0.0,100000.0,5.0,18.77,0.18691792058862522,0,16,10,0.0,20,whole,DE,debt_consolidation,0
0.0,280000.0,10.0,5.11,0.37035400576165145,0,15,10,0.0,20,whole,NV,home_improvement,0
0.0,53000.0,6.0,12.39,0.03518843683083512,0,22,10,0.0,20,whole,CA,debt_consolidation,0
0.0,52500.0,9.0,14.54,0.39010245901639345,0,14,10,0.0,20,whole,GA,credit_card,0
0.0,65000.0,2.0,4.01,0.02874239350912779,0,18,10,0.0,20,whole,CA,home_improvement,0
0.0,58000.0,7.0,16.64,0.7340085044122354,0,13,10,0.0,20,whole,MD,debt_consolidation,0
0.0,84000.0,0.0,16.7,0.18089306009019754,0,16,10,0.0,20,whole,OH,debt_consolidation,0
0.0,102000.0,6.0,9.86,0.06852788221905297,0,22,10,0.0,20,whole,CA,home_improvement,0
0.0,84000.0,5.0,9.58,0.7160320140061277,0,17,10,0.0,20,whole,MA,credit_card,0
0.0,78000.0,1.0,4.92,0.006757568176132099,0,9,10,0.0,20,whole,CA,other,0
0.0,90000.0,10.0,16.0,0.50958317381317,0,15,10,0.0,20,fractional,TN,other,0
0.0,75400.0,5.0,0.4,0.8433333333333334,0,8,10,0.0,20,whole,GA,house,0
0.0,52000.0,2.0,27.89,0.7942983375526066,0,5,10,0.0,20,whole,CA,debt_consolidation,0
0.0,270000.0,4.0,11.46,0.10079854973428738,0,33,10,0.0,20,whole,IL,home_improvement,0
0.0,35000.0,10.0,11.47,0.08176069920167965,0,14,10,0.0,20,whole,GA,other,0
0.0,160000.0,10.0,26.83,0.7024764037620279,0,36,10,0.0,20,whole,NJ,major_purchase,0
0.0,41000.0,5.0,5.33,0.4329655172413793,3,20,10,0.0,20,fractional,OH,medical,0
0.0,65000.0,5.0,4.8,0.1106198526224534,0,19,10,0.0,20,whole,TN,other,0
0.0,30000.0,8.0,6.4,0.7191549295774647,0,4,10,0.0,20,fractional,NC,debt_consolidation,0
0.0,80000.0,2.0,27.03,0.4103698181134306,0,20,10,0.0,20,whole,GA,debt_consolidation,0
0.0,69800.0,10.0,27.13,0.7781830004382059,0,17,10,0.0,20,whole,SC,debt_consolidation,0
0.0,123750.0,2.0,23.68,0.49893783907444933,0,12,10,0.0,20,fractional,NJ,car,0
0.0,55000.0,5.0,7.55,0.6785454545454546,0,11,10,0.0,20,fractional,WA,credit_card,0
0.0,241000.0,9.0,21.7,0.7817152892965167,0,14,10,0.0,20,whole,WA,debt_consolidation,0
0.0,83004.0,10.0,18.29,0.6111292719167905,0,12,10,0.0,20,whole,PA,debt_consolidation,0
0.0,150000.0,10.0,23.17,0.3049577509053377,0,20,10,0.0,20,whole,TX,credit_card,0
0.0,45000.0,7.0,16.81,0.35135531135531134,1,12,10,0.0,20,whole,NC,debt_consolidation,0
0.0,58800.0,1.0,24.03,0.2332576811660318,1,12,10,0.0,20,whole,AK,debt_consolidation,0
0.0,189000.0,5.0,11.19,0.5590991525593242,0,13,10,0.0,20,fractional,TX,debt_consolidation,0
0.0,65000.0,10.0,1.38,0.014412903225806451,0,18,10,0.0,20,whole,NY,debt_consolidation,0
0.0,96355.33,10.0,9.44,0.5777245877160236,2,19,10,0.0,20,whole,SC,debt_consolidation,0
0.0,65000.0,10.0,7.02,0.5809848484848484,0,10,10,0.0,20,whole,IL,other,0
0.0,85000.0,3.0,10.94,0.29648753388140947,0,29,10,0.0,20,whole,NY,credit_card,0
0.0,109000.0,10.0,9.9,0.13148927477017364,0,14,10,0.0,20,whole,AZ,home_improvement,0
0.0,65000.0,10.0,18.8,0.3980157687253614,0,11,10,0.0,20,whole,TX,debt_consolidation,0
0.0,117000.0,8.0,13.04,0.1903625439238214,0,23,10,0.0,20,fractional,PA,debt_consolidation,0
0.0,38000.0,10.0,16.9,0.630903609801345,0,4,10,0.0,20,whole,NY,debt_consolidation,0
0.0,52540.0,10.0,28.03,0.7790075496591659,1,23,10,0.0,20,whole,PA,home_improvement,0
0.0,31300.0,0.0,8.78,0.09788013901460547,0,6,10,0.0,20,whole,OH,debt_consolidation,0
0.0,87276.0,10.0,16.33,0.07477929896302736,0,14,10,0.0,20,whole,OR,debt_consolidation,0
0.0,70000.0,3.0,27.98,0.5668422235586414,1,16,10,0.0,20,whole,IL,debt_consolidation,0
0.0,80000.0,10.0,8.97,0.19390636108195944,0,12,10,0.0,20,whole,NY,vacation,0
0.0,18500.0,8.0,34.39,0.6018346579514224,0,23,10,0.0,20,fractional,CO,debt_consolidation,0
0.0,89000.0,6.0,7.45,0.7461788740920097,0,12,10,0.0,20,whole,IL,home_improvement,0
0.0,122000.0,2.0,6.6,0.8320608108108108,0,22,10,0.0,20,whole,NV,credit_card,0
0.0,65000.0,5.0,11.27,0.0613992077019465,0,29,10,0.0,20,whole,TX,debt_consolidation,0
0.0,34000.0,2.0,7.34,0.04671700590938936,2,15,10,0.0,20,whole,NV,debt_consolidation,0
0.0,75000.0,9.0,16.21,0.7340822391299766,0,9,10,0.0,20,whole,FL,credit_card,0
0.0,60000.0,2.0,12.97,0.7030171351084813,0,12,10,0.0,20,whole,CA,credit_card,0
0.0,45000.0,10.0,17.71,0.48651565678229947,0,25,10,0.0,20,whole,RI,debt_consolidation,0
0.0,190000.0,10.0,15.23,0.420556769424098,0,20,10,0.0,20,whole,IL,debt_consolidation,0
0.0,72000.0,3.0,22.63,1.0665485533559798,0,15,10,0.0,20,fractional,OR,debt_consolidation,0
0.0,15000.0,6.0,26.48,0.27568840579710147,0,24,10,0.0,20,whole,WI,debt_consolidation,0
0.0,119000.0,3.0,12.0,0.33034559045352463,0,17,10,0.0,20,whole,PA,credit_card,0
0.0,100000.0,3.0,9.08,0.1761803724047671,0,13,10,0.0,20,whole,TX,home_improvement,0
0.0,109688.0,6.0,6.4,0.13379835129993659,0,7,10,0.0,20,whole,CA,home_improvement,0
0.0,85000.0,10.0,10.24,0.23905963588475024,0,15,10,0.0,20,whole,NY,debt_consolidation,0
0.0,65000.0,0.0,27.77,0.5371311937142899,0,17,10,0.0,20,whole,IL,debt_consolidation,0
0.0,76760.0,6.0,7.7,0.03313823013057909,0,22,10,0.0,20,whole,CA,other,0
0.0,170000.0,0.0,13.48,0.8593638471003311,0,12,10,0.0,20,fractional,CA,debt_consolidation,0
0.0,95000.0,2.0,16.07,0.654973316851087,0,6,10,0.0,20,fractional,RI,credit_card,0
0.0,105000.0,10.0,17.1,0.14500717471829497,1,11,10,0.0,20,whole,GA,debt_consolidation,0
0.0,50000.0,2.0,32.14,0.36703088523133537,0,10,10,0.0,20,whole,FL,home_improvement,0
0.0,52000.0,7.0,20.15,0.1794545013177972,1,11,10,0.0,20,whole,TX,debt_consolidation,0
0.0,170000.0,3.0,9.71,0.11117791305658631,0,23,10,0.0,20,whole,MA,credit_card,0
0.0,45000.0,4.0,21.41,0.7544545454545455,0,12,10,0.0,20,whole,CA,debt_consolidation,0
0.0,32000.0,6.0,32.86,0.5838017269468883,1,13,10,0.0,20,whole,KS,debt_consolidation,0
0.0,67000.0,7.0,10.23,0.11426309284721149,1,12,10,0.0,20,whole,TX,debt_consolidation,0
0.0,58142.0,10.0,21.71,0.26624350310533834,1,13,10,0.0,20,whole,TX,debt_consolidation,0
0.0,34000.0,6.0,33.06,0.43551020408163266,0,11,10,0.0,20,whole,FL,medical,1
0.0,26500.0,6.0,25.77,0.5836494984668157,0,33,10,0.0,20,whole,NJ,debt_consolidation,0
0.0,133000.0,10.0,25.41,0.24514032869785082,0,13,10,0.0,20,whole,OH,debt_consolidation,0
0.0,78762.0,10.0,12.28,0.22301434712846924,0,13,10,0.0,20,whole,SC,debt_consolidation,0
0.0,40000.0,1.0,21.55,0.8521609150581659,0,13,10,0.0,20,whole,CO,debt_consolidation,0
0.0,175000.0,10.0,14.71,0.24355255126739023,0,19,10,0.0,20,whole,PA,other,0
0.0,108000.0,10.0,0.29,0.8250354274917335,0,8,10,0.0,20,whole,NV,other,0
0.0,220000.0,2.0,15.97,0.15196847361462332,0,27,10,0.0,20,whole,NJ,home_improvement,0
0.0,120000.0,10.0,12.16,0.11200055687038842,4,15,10,0.0,20,whole,MI,debt_consolidation,0
0.0,57000.0,10.0,30.93,0.6303664214859303,0,15,10,0.0,20,whole,CA,debt_consolidation,0
0.0,50000.0,5.0,30.82,0.3535227121254758,0,13,10,0.0,20,whole,IL,credit_card,0
0.0,98000.0,4.0,28.57,0.49565739832657424,0,14,10,0.0,20,whole,OH,debt_consolidation,0
0.0,225000.0,9.0,9.53,0.09058020560176322,0,12,10,0.0,20,whole,FL,debt_consolidation,0
0.0,33000.0,4.0,25.45,0.39799320872464744,0,12,10,0.0,20,whole,WI,debt_consolidation,0
0.0,47000.0,0.0,23.34,1.046967797822563,0,17,10,0.0,20,fractional,CA,moving,0
0.0,116000.0,0.0,18.95,0.1517063891686248,0,25,10,0.0,20,fractional,VA,debt_consolidation,0
0.0,49000.0,6.0,11.98,0.4986131386861314,0,22,10,0.0,20,fractional,TX,home_improvement,0
0.0,265000.0,2.0,9.22,0.06052715433231875,0,11,10,0.0,20,whole,CA,debt_consolidation,0
0.0,55000.0,2.0,11.14,0.2953307785397338,0,13,10,0.0,20,whole,CO,major_purchase,0
0.0,16200.0,6.0,20.44,0.222713055337316,1,17,10,0.0,20,whole,PA,other,0
0.0,100000.0,10.0,19.64,0.8617564208782105,0,12,10,0.0,20,fractional,PA,credit_card,0
0.0,27872.0,2.0,14.3,0.7425978372811535,0,4,10,0.0,20,whole,NC,debt_consolidation,0
0.0,55000.0,0.0,10.74,0.6880347505594313,0,8,10,0.0,20,whole,MN,credit_card,0
0.0,50000.0,5.0,10.02,0.0431074297188755,0,21,10,0.0,20,whole,OH,other,0
0.0,57845.0,10.0,17.97,0.14112193962443548,0,11,10,0.0,20,fractional,MO,debt_consolidation,0
0.0,48000.0,2.0,28.08,0.26546477455535683,0,9,10,0.0,20,whole,CT,debt_consolidation,0
0.0,140000.0,6.0,34.01,0.6532436854385099,1,15,10,0.0,20,whole,TX,debt_consolidation,0
0.0,120000.0,0.0,11.33,0.7134416543574594,0,22,10,0.0,20,fractional,CA,debt_consolidation,0
0.0,52500.0,6.0,7.68,0.82375,0,12,10,0.0,20,whole,MI,major_purchase,0
0.0,95000.0,10.0,9.46,0.8246654501216545,2,19,10,0.0,20,whole,HI,debt_consolidation,0
0.0,450000.0,0.0,2.93,0.022135891402354575,0,13,10,0.0,20,whole,NY,credit_card,0
0.0,58000.0,2.0,13.66,0.058092503022974605,0,10,10,0.0,20,whole,CA,debt_consolidation,0
0.0,240000.0,4.0,18.93,0.19958793691338242,0,23,10,0.0,20,whole,CA,credit_card,0
0.0,70000.0,5.0,15.59,0.45630381774704626,0,16,10,0.0,20,whole,TX,debt_consolidation,0
0.0,450000.0,6.0,1.0,0.4917789957043401,0,12,10,0.0,20,whole,MA,small_business,0
0.0,37000.0,5.0,29.16,0.5699238373035165,0,13,10,0.0,20,whole,MD,debt_consolidation,0
0.0,50000.0,10.0,4.32,0.41282608695652173,0,29,10,0.0,20,whole,NY,debt_consolidation,0
0.0,217000.0,6.0,6.67,0.05326618577305069,0,24,10,0.0,20,whole,CA,house,0
0.0,30000.0,6.0,34.05,0.6434257041851978,0,10,10,0.0,20,fractional,PA,credit_card,0
0.0,140000.0,10.0,11.68,0.1518538997621333,0,12,10,0.0,20,whole,MD,debt_consolidation,0
0.0,54000.0,5.0,9.67,0.4368822153474685,0,12,10,0.0,20,whole,MI,debt_consolidation,0
0.0,149000.0,3.0,6.44,0.10632394578276078,0,12,10,0.0,20,whole,GA,debt_consolidation,0
0.0,93600.0,8.0,28.26,0.5320604590183697,0,15,10,0.0,20,whole,MO,credit_card,0
0.0,48000.0,1.0,33.28,0.4706729039222742,0,8,10,0.0,20,whole,MD,debt_consolidation,0
0.0,112000.0,7.0,7.1,0.050828807838410345,2,39,10,0.0,20,whole,NY,debt_consolidation,0
0.0,51000.0,3.0,24.61,1.0086667930969089,0,15,10,0.0,20,whole,CA,debt_consolidation,0
0.0,33000.0,3.0,21.93,0.7146356534404378,0,12,10,0.0,20,whole,IN,debt_consolidation,0
0.0,50000.0,10.0,33.41,0.26918909955226356,0,22,10,0.0,20,whole,NC,debt_consolidation,0
0.0,105000.0,3.0,7.78,0.7937913411081783,0,18,10,0.0,20,whole,OR,other,0
0.0,154000.0,10.0,26.17,0.18561286596879756,0,38,10,0.0,20,whole,MA,debt_consolidation,0
0.0,15000.0,6.0,21.04,0.362396694214876,0,15,10,0.0,20,whole,NY,debt_consolidation,0
0.0,50000.0,1.0,18.34,0.8449376051715233,0,7,10,0.0,20,whole,TX,debt_consolidation,0
0.0,95000.0,5.0,19.39,0.11711382113821138,0,23,10,0.0,20,fractional,NJ,other,0
0.0,92000.0,10.0,30.82,0.07528236995349201,6,32,10,0.0,20,fractional,RI,debt_consolidation,0
0.0,32000.0,2.0,14.72,0.7094628099173553,0,10,10,0.0,20,whole,WA,debt_consolidation,0
0.0,63000.0,10.0,15.52,0.2847528517110266,0,9,10,0.0,20,whole,TX,debt_consolidation,0
0.0,160000.0,10.0,4.36,0.5677206074888714,1,17,10,0.0,20,whole,CA,other,0
0.0,96000.0,3.0,23.82,0.4118487258561922,0,7,10,0.0,20,whole,FL,credit_card,0
0.0,69120.0,2.0,9.72,0.613263007527059,0,10,10,0.0,20,whole,HI,debt_consolidation,0
0.0,53000.0,0.0,7.7,0.15585285429690182,0,5,10,0.0,20,whole,TX,house,0
0.0,68000.0,10.0,25.31,0.43372696303251357,0,15,10,0.0,20,whole,ME,house,0
0.0,77500.0,2.0,29.72,0.3906863134132254,0,14,10,0.0,20,whole,PA,other,0
0.0,40000.0,4.0,9.93,0.29582582582582584,0,4,10,0.0,20,whole,NJ,debt_consolidation,0
0.0,58000.0,10.0,12.44,0.4146091644204852,0,11,10,0.0,20,fractional,GA,debt_consolidation,0
0.0,40000.0,10.0,32.67,0.8018254852888599,0,16,10,0.0,20,fractional,MO,debt_consolidation,0
0.0,75000.0,2.0,4.88,0.04095050507273488,0,5,10,0.0,20,whole,FL,debt_consolidation,0
0.0,300000.0,1.0,10.78,0.49545478156978856,0,20,10,0.0,20,whole,CA,debt_consolidation,0
0.0,64000.0,10.0,15.56,0.2307745431030694,0,18,10,0.0,20,whole,IL,debt_consolidation,0
0.0,80000.0,2.0,9.03,0.5435270264440706,0,3,10,0.0,20,whole,NY,credit_card,0
0.0,115000.0,4.0,12.91,0.23454935622317596,0,24,10,0.0,20,whole,TX,credit_card,0
0.0,16700.0,6.0,1.8,0.24571428571428572,0,11,10,0.0,20,whole,CA,car,0
0.0,55000.0,6.0,23.11,0.19549608116695763,0,44,10,0.0,20,whole,MI,credit_card,0
0.0,90000.0,8.0,26.05,0.14776333742360595,0,33,10,0.0,20,whole,FL,home_improvement,0
0.0,201800.0,0.0,12.27,0.11329451327865453,0,12,10,0.0,20,whole,CO,credit_card,0
0.0,38000.0,10.0,24.16,0.5603486258743184,0,13,10,0.0,20,whole,MA,debt_consolidation,0
0.0,150000.0,0.0,26.66,1.0691412986804636,0,28,10,0.0,20,whole,CA,credit_card,0
0.0,45000.0,7.0,14.51,0.12292125317527519,0,11,10,0.0,20,whole,IL,other,0
0.0,28000.0,1.0,0.0,0.17132182595360068,0,17,10,0.0,20,whole,NC,other,0
0.0,92000.0,9.0,11.91,0.0882256375265273,0,15,10,0.0,20,whole,GA,debt_consolidation,0
0.0,120000.0,10.0,12.57,0.4784411685083553,0,27,10,0.0,20,fractional,CA,debt_consolidation,0
0.0,75000.0,4.0,11.9,0.5002247191011236,0,11,10,0.0,20,whole,CA,major_purchase,0
0.0,138000.0,9.0,15.12,0.2862594843341708,0,22,10,0.0,20,whole,AL,debt_consolidation,0
0.0,121106.9,6.0,19.02,0.15061067332772113,0,12,10,0.0,20,fractional,CA,debt_consolidation,0
0.0,110000.0,8.0,31.78,0.28778300471943474,0,13,10,0.0,20,whole,UT,debt_consolidation,0
0.0,100000.0,10.0,23.82,0.4629141112713898,0,14,10,0.0,20,whole,GA,debt_consolidation,0
0.0,60198.0,6.0,30.8,0.4032737489311454,7,14,10,0.0,20,whole,TX,moving,0
0.0,85000.0,10.0,6.48,0.040206526228831065,0,14,10,0.0,20,whole,CA,debt_consolidation,0
0.0,325000.0,10.0,7.24,0.126563253144034,1,18,10,0.0,20,whole,FL,credit_card,0
0.0,30000.0,2.0,9.08,0.31734150507384706,0,5,10,0.0,20,whole,CA,credit_card,0
0.0,230000.0,10.0,7.48,0.0735514944142519,0,12,10,0.0,20,whole,WA,credit_card,0
0.0,110000.0,0.0,12.67,0.21075602524704443,0,21,10,0.0,20,whole,MI,debt_consolidation,0
0.0,48000.0,10.0,20.13,0.14615107913669065,0,20,10,0.0,20,whole,ID,debt_consolidation,0
0.0,18624.0,1.0,20.49,0.5800991352035435,0,13,10,0.0,20,whole,GA,credit_card,0
0.0,87000.0,10.0,29.85,0.34916672673265076,0,34,10,0.0,20,whole,VA,debt_consolidation,0
0.0,41000.0,5.0,12.76,0.6852918795521252,0,23,10,0.0,20,fractional,FL,home_improvement,0
0.0,41072.0,1.0,25.92,0.7597291063453894,0,7,10,0.0,20,whole,NY,credit_card,0
0.0,75000.0,4.0,13.25,0.7202581286266067,0,12,10,0.0,20,whole,MI,home_improvement,0
0.0,76200.0,7.0,26.35,0.15144416737732583,0,5,10,0.0,20,whole,AR,debt_consolidation,0
0.0,300000.0,10.0,27.82,0.25632539466833937,0,34,10,0.0,20,whole,NE,major_purchase,0
0.0,31000.0,5.0,24.08,0.5567091948966124,0,6,10,0.0,20,fractional,FL,debt_consolidation,0
0.0,44000.0,9.0,29.68,0.1803698188494846,0,15,10,0.0,20,whole,WI,debt_consolidation,0
0.0,53000.0,5.0,36.5,0.3161317093165062,0,15,10,0.0,20,fractional,OR,debt_consolidation,0
0.0,124000.0,6.0,17.28,0.363828910074723,0,27,10,0.0,20,whole,WI,credit_card,0
0.0,191000.0,2.0,12.75,0.5787219775363092,1,25,10,0.0,20,whole,NY,debt_consolidation,0
0.0,65000.0,6.0,20.2,0.4626192098092643,0,38,10,0.0,20,fractional,CA,debt_consolidation,0
0.0,190000.0,4.0,21.55,0.6519904401565522,0,9,10,0.0,20,whole,TX,credit_card,0
0.0,60000.0,10.0,14.04,0.2631373738248928,0,19,10,0.0,20,fractional,MD,home_improvement,0
0.0,275000.0,5.0,14.2,0.2138180020509503,0,31,10,0.0,20,whole,NY,debt_consolidation,0
0.0,50000.0,10.0,18.3,0.09881867510739317,0,15,10,0.0,20,whole,NV,credit_card,0
0.0,120000.0,8.0,4.93,0.6339871211673658,0,14,10,0.0,20,whole,NC,small_business,0
0.0,74106.0,10.0,38.41,0.3118034268299165,0,34,10,0.0,20,whole,MO,credit_card,0
0.0,68000.0,10.0,18.55,0.25015784821315823,0,20,10,0.0,20,whole,TN,renewable_energy,0
0.0,40000.0,7.0,39.93,0.4225695731729194,0,11,10,0.0,20,whole,NJ,other,0
0.0,39000.0,10.0,0.0,0.0,0,23,10,0.0,20,whole,OK,other,0
0.0,71000.0,8.0,28.72,0.12084804480403767,1,18,10,0.0,20,whole,NC,debt_consolidation,0
0.0,85000.0,10.0,14.82,0.16798910099633965,0,17,10,0.0,20,whole,GA,debt_consolidation,0
0.0,110000.0,10.0,16.92,0.7817893903404592,1,22,10,0.0,20,fractional,WA,car,0
0.0,165000.0,1.0,31.09,0.30125329884501084,0,26,10,0.0,20,whole,NC,debt_consolidation,0
0.0,68000.0,3.0,11.44,0.9984547432942298,0,23,10,0.0,20,fractional,NY,credit_card,0
0.0,46500.0,9.0,18.27,0.14669485501831636,0,20,10,0.0,20,whole,CA,debt_consolidation,0
0.0,85000.0,4.0,27.08,0.12856910072776262,0,17,10,0.0,20,whole,FL,debt_consolidation,0
0.0,75000.0,10.0,20.32,0.04333428286568865,1,30,10,0.0,20,whole,AZ,debt_consolidation,0
0.0,125000.0,10.0,19.25,0.14269133452494254,0,20,10,0.0,20,fractional,NJ,debt_consolidation,0
0.0,83000.0,10.0,11.65,0.47772525959283935,0,14,10,0.0,20,whole,FL,debt_consolidation,0
0.0,22560.0,0.0,7.93,0.46203252032520326,0,14,10,0.0,20,whole,UT,other,1
0.0,89000.0,10.0,17.89,0.16668582362526285,0,22,10,0.0,20,whole,TX,credit_card,0
0.0,60000.0,7.0,11.48,0.5828364389233954,0,19,10,0.0,20,whole,NY,debt_consolidation,0
0.0,102000.0,10.0,8.85,0.23904765114241425,2,17,10,0.0,20,whole,CA,credit_card,0
0.0,88000.0,8.0,18.74,0.12397941680960549,2,26,10,0.0,20,whole,FL,debt_consolidation,0
0.0,245000.0,10.0,4.56,0.051282740051575064,0,25,10,0.0,20,whole,MD,house,0
0.0,80000.0,10.0,5.52,0.3741360089186176,0,11,10,0.0,20,fractional,CT,home_improvement,0
0.0,166000.0,5.0,10.7,0.2034134677159037,2,32,10,0.0,20,whole,MI,credit_card,0
0.0,57000.0,10.0,35.5,0.45197202797202796,3,19,10,0.0,20,fractional,WV,credit_card,0
0.0,389000.0,10.0,9.78,0.18400241589972077,0,34,10,0.0,20,whole,CT,credit_card,0
0.0,94000.0,3.0,11.13,0.8990905600713351,0,16,10,0.0,20,whole,TX,small_business,0
0.0,68000.0,9.0,14.31,0.6518054292765294,2,14,10,0.0,20,fractional,NJ,debt_consolidation,0
0.0,55000.0,3.0,17.59,0.3590158172231986,0,6,10,0.0,20,whole,CA,credit_card,0
0.0,98460.0,10.0,14.72,0.46998781870878314,0,11,10,0.0,20,whole,KS,debt_consolidation,0
0.0,122000.0,10.0,15.32,0.39826242785737503,0,19,10,0.0,20,whole,OH,debt_consolidation,0
0.0,70000.0,6.0,21.26,0.07697826545684744,1,22,10,0.0,20,whole,VA,home_improvement,0
0.0,110500.0,4.0,21.99,0.6089808086454257,0,13,10,0.0,20,whole,CA,debt_consolidation,0
0.0,75000.0,6.0,19.34,0.07801582783825581,0,14,10,0.0,20,fractional,NY,other,0
0.0,150000.0,1.0,9.32,0.3912319592932439,0,10,10,0.0,20,whole,MA,debt_consolidation,0
0.0,430000.0,5.0,24.87,0.5345357892371752,0,18,10,0.0,20,whole,IL,home_improvement,0
0.0,160000.0,5.0,12.39,0.41399376029726226,0,13,10,0.0,20,whole,CA,medical,0
0.0,125000.0,10.0,21.99,0.6173241645554349,0,14,10,0.0,20,whole,WI,debt_consolidation,0
0.0,40000.0,5.0,30.09,0.17384959541411069,0,18,10,0.0,20,whole,NE,debt_consolidation,0
0.0,36000.0,6.0,19.57,0.42317220543806644,0,16,10,0.0,20,whole,MO,debt_consolidation,0
0.0,60000.0,10.0,10.4,0.7211778029445074,0,14,10,0.0,20,fractional,GA,debt_consolidation,0
0.0,92000.0,10.0,16.15,0.21170630816959668,0,12,10,0.0,20,whole,IL,debt_consolidation,0
0.0,153100.0,3.0,8.47,0.8145653460698468,2,28,10,0.0,20,whole,VA,home_improvement,0
0.0,62000.0,2.0,18.56,0.07326102039672998,0,9,10,0.0,20,whole,SC,debt_consolidation,0
0.0,55000.0,1.0,19.05,0.2385758817363843,0,11,10,0.0,20,whole,TN,credit_card,0
0.0,115000.0,3.0,28.56,0.7729319189202649,0,12,10,0.0,20,fractional,FL,debt_consolidation,0
0.0,85000.0,0.0,31.05,1.0846638485937568,0,32,10,0.0,20,whole,CA,debt_consolidation,0
0.0,43050.0,3.0,32.11,0.40163385872199014,0,11,10,0.0,20,whole,CA,credit_card,0
0.0,51000.0,6.0,13.79,0.5580851063829787,1,7,10,0.0,20,fractional,MS,debt_consolidation,0
0.0,135000.0,4.0,21.82,0.8795816307861194,0,12,10,0.0,20,whole,FL,debt_consolidation,0
0.0,80000.0,10.0,0.38,0.05205882352941176,0,23,10,0.0,20,whole,CT,car,0
0.0,120000.0,2.0,4.9,1.1694780438300556,0,11,10,0.0,20,whole,CA,credit_card,0
0.0,150000.0,2.0,2.0,0.021460426366086742,1,23,10,0.0,20,whole,NY,debt_consolidation,0
0.0,72000.0,4.0,27.05,0.5503369306378882,1,11,10,0.0,20,fractional,OH,credit_card,0
0.0,105000.0,10.0,1.85,0.08192660550458715,0,27,10,0.0,20,whole,NY,debt_consolidation,0
0.0,160000.0,1.0,15.24,0.6676775493415319,0,23,10,0.0,20,fractional,WA,other,0
0.0,95000.0,7.0,10.61,0.5614925373134328,0,24,10,0.0,20,whole,WA,debt_consolidation,0
0.0,332000.0,1.0,1.24,0.5847552447552448,0,6,10,0.0,20,whole,MN,other,0
0.0,42000.0,4.0,11.43,0.5884057971014492,0,11,10,0.0,20,whole,IL,debt_consolidation,0
0.0,24000.0,4.0,26.7,0.5130519480519481,0,7,10,0.0,20,whole,GA,debt_consolidation,0
0.0,144000.0,1.0,14.19,0.16576926399269465,0,13,10,0.0,20,fractional,IL,credit_card,0
0.0,77000.0,10.0,5.41,0.011791979949874687,0,12,10,0.0,20,whole,VA,debt_consolidation,0
0.0,375000.0,10.0,19.25,0.30959539364268435,0,33,10,0.0,20,whole,NE,debt_consolidation,0
0.0,103500.0,10.0,22.06,0.41512591945085364,0,15,10,0.0,20,fractional,IN,credit_card,0
0.0,151000.0,6.0,6.07,0.08896678750133194,0,12,10,0.0,20,whole,NY,debt_consolidation,0
0.0,32000.0,10.0,35.0,0.5209804870182229,0,31,10,0.0,20,whole,NH,home_improvement,0
0.0,100000.0,1.0,15.92,0.49995573654390935,0,16,10,0.0,20,whole,TX,credit_card,0
0.0,49583.0,6.0,16.44,0.6393672627235213,0,11,10,0.0,20,whole,AR,home_improvement,0
0.0,124000.0,1.0,22.64,0.6510192238835455,0,12,10,0.0,20,whole,CA,debt_consolidation,0
0.0,129000.0,9.0,2.69,0.03369889806027134,0,12,10,0.0,20,whole,NJ,car,0
0.0,107000.0,6.0,27.72,0.17052980132450332,0,23,10,0.0,20,whole,TX,debt_consolidation,0
0.0,120000.0,1.0,13.23,0.10977431166090897,0,9,10,0.0,20,whole,UT,home_improvement,0
0.0,49000.0,10.0,7.94,0.9260396039603961,0,8,10,0.0,20,whole,NY,home_improvement,0
0.0,190000.0,3.0,7.47,0.3112025316455696,0,5,10,0.0,20,whole,NY,other,0
0.0,70000.0,10.0,11.18,0.1524842365610003,1,23,10,0.0,20,whole,NV,home_improvement,0
0.0,70000.0,1.0,10.94,0.2627147234951784,0,14,10,0.0,20,whole,CO,debt_consolidation,0
0.0,65000.0,10.0,19.63,0.6058561248457343,0,25,10,0.0,20,whole,CA,credit_card,0
0.0,58000.0,2.0,14.84,0.13778117857107822,0,8,10,0.0,20,whole,SC,debt_consolidation,0
0.0,114416.0,9.0,3.3,0.021791047242858207,0,14,10,0.0,20,whole,VT,debt_consolidation,0
0.0,93500.0,3.0,20.89,0.29216903190101595,2,22,10,0.0,20,whole,CO,debt_consolidation,0
0.0,75000.0,0.0,10.61,0.4560898282694848,0,15,10,0.0,20,whole,MD,debt_consolidation,0
0.0,88000.0,7.0,15.07,0.057329231882746766,0,14,10,0.0,20,whole,MA,debt_consolidation,0
0.0,65000.0,2.0,23.69,0.7799943003704759,0,14,10,0.0,20,fractional,VA,debt_consolidation,0
0.0,58000.0,2.0,17.67,0.7028432808094937,0,5,10,0.0,20,whole,NY,major_purchase,0
0.0,75000.0,10.0,22.85,0.653538666728701,0,14,10,0.0,20,fractional,SD,small_business,0
0.0,77000.0,10.0,20.14,0.9293450775455159,0,18,10,0.0,20,whole,TX,credit_card,0
0.0,115005.0,8.0,10.56,0.11673196907484264,0,17,10,0.0,20,whole,IL,credit_card,0
0.0,101576.0,4.0,4.27,0.5698165972944849,1,15,10,0.0,20,whole,PA,major_purchase,0
0.0,101680.0,10.0,14.11,0.42443310955694613,0,32,10,0.0,20,whole,WI,other,0
0.0,83000.0,9.0,9.98,0.1257523571811111,0,18,10,0.0,20,whole,GA,other,0
0.0,120000.0,6.0,13.68,0.10216456882521764,0,24,10,0.0,20,whole,MO,credit_card,0
0.0,65000.0,0.0,13.18,0.35859929078014185,0,23,10,0.0,20,whole,WA,credit_card,0
0.0,45000.0,0.0,25.12,0.7464099563876183,1,10,10,0.0,20,whole,NY,credit_card,0
0.0,92000.0,8.0,13.03,0.530479415811197,0,15,10,0.0,20,whole,CA,debt_consolidation,0
0.0,25825.0,6.0,10.46,0.5965686274509804,0,33,10,0.0,20,whole,CA,credit_card,0
0.0,110000.0,10.0,18.7,0.1789363607540369,0,27,10,0.0,20,fractional,IL,debt_consolidation,0
0.0,32295.0,6.0,22.93,0.7451620926954647,0,21,10,0.0,20,whole,OH,debt_consolidation,0
0.0,37500.0,0.0,21.12,0.9096945219011416,0,11,10,0.0,20,whole,TX,debt_consolidation,0
0.0,140000.0,10.0,28.12,0.5286236446470645,0,39,10,0.0,20,whole,IN,debt_consolidation,0
0.0,68000.0,2.0,17.48,0.25061022661060456,0,12,10,0.0,20,whole,NY,small_business,0
0.0,69964.42,10.0,15.26,0.010139577527656134,0,19,10,0.0,20,whole,NV,other,0
0.0,70000.0,10.0,24.55,0.20660161484613487,0,15,10,0.0,20,fractional,MO,other,0
0.0,60000.0,10.0,6.9,0.7528062469497315,1,12,10,0.0,20,whole,CA,credit_card,0
0.0,26000.0,3.0,26.13,0.802642761191984,0,11,10,0.0,20,fractional,TX,debt_consolidation,0
0.0,39000.0,10.0,8.74,0.03401572635176173,0,14,10,0.0,20,whole,CA,major_purchase,0
0.0,58900.0,2.0,3.11,0.2424307127300679,0,5,10,0.0,20,whole,CA,debt_consolidation,0
0.0,48000.0,4.0,9.6,0.8978159126365055,0,6,10,0.0,20,whole,NY,credit_card,0
0.0,109000.0,2.0,31.06,0.6712066377923301,0,45,10,0.0,20,fractional,PA,debt_consolidation,0
0.0,35000.0,10.0,36.04,0.20001746738759338,0,24,10,0.0,20,fractional,SC,debt_consolidation,0
0.0,100000.0,2.0,16.74,0.04247036679836978,0,10,10,0.0,20,whole,UT,home_improvement,0
0.0,90000.0,10.0,28.8,0.45375350110224816,0,16,10,0.0,20,whole,CA,debt_consolidation,0
0.0,41442.0,3.0,34.67,0.21825452355812247,0,17,10,0.0,20,fractional,NC,debt_consolidation,0
0.0,95000.0,6.0,20.15,0.4175956411526471,0,14,10,0.0,20,whole,RI,debt_consolidation,0
0.0,57500.0,6.0,22.41,0.7161272067030324,0,9,10,0.0,20,whole,FL,other,0
0.0,135000.0,1.0,2.92,0.6377391304347826,0,9,10,0.0,20,whole,AZ,debt_consolidation,0
0.0,29000.0,10.0,16.14,0.07392159830482821,0,17,10,0.0,20,fractional,NM,debt_consolidation,0
0.0,181000.0,9.0,24.83,0.20117126015400272,0,26,10,0.0,20,whole,MN,debt_consolidation,0
0.0,94000.0,7.0,25.67,0.5093880534670009,0,16,10,0.0,20,whole,CA,debt_consolidation,0
0.0,80000.0,0.0,16.94,0.2856730140548102,0,13,10,0.0,20,whole,WV,debt_consolidation,0
0.0,72000.0,10.0,5.93,0.9698053953871499,0,16,10,0.0,20,whole,MA,debt_consolidation,0
0.0,60000.0,3.0,18.42,0.516352717262289,0,11,10,0.0,20,fractional,SC,debt_consolidation,0
0.0,48391.0,9.0,22.69,0.18777288069114292,0,12,10,0.0,20,whole,VA,small_business,0
0.0,75000.0,10.0,18.92,0.932999150382328,0,21,10,0.0,20,whole,IL,debt_consolidation,0
0.0,55000.0,6.0,1.09,0.1224375,0,5,10,0.0,20,whole,NY,major_purchase,0
0.0,28865.0,8.0,13.01,0.9022661786465228,0,11,10,0.0,20,fractional,NY,vacation,0
0.0,34000.0,10.0,22.84,0.4792310238305384,0,35,10,0.0,20,whole,MN,debt_consolidation,0
0.0,64800.0,6.0,10.93,0.08113648462724438,1,19,10,0.0,20,fractional,FL,major_purchase,0
0.0,60800.0,10.0,11.44,0.5510619990036683,1,22,10,0.0,20,whole,IN,credit_card,0
0.0,120000.0,10.0,4.22,0.06168532704773129,0,23,10,0.0,20,whole,CA,debt_consolidation,0
0.0,55584.0,10.0,26.17,0.07786351404069056,0,14,10,0.0,20,whole,CA,debt_consolidation,0
0.0,38455.0,9.0,29.9,0.6461138290273454,0,15,10,0.0,20,whole,NJ,credit_card,0
0.0,105000.0,3.0,20.43,0.8779701512076978,0,17,10,0.0,20,fractional,NY,other,0
0.0,35000.0,3.0,12.04,0.04492778633250146,0,4,10,0.0,20,whole,NJ,home_improvement,0
0.0,146000.0,10.0,5.16,0.05109987613933834,0,18,10,0.0,20,whole,NC,debt_consolidation,0
0.0,100000.0,10.0,26.52,0.5957016673067308,0,12,10,0.0,20,whole,LA,credit_card,0
0.0,46000.0,10.0,26.61,0.2363871863465511,0,11,10,0.0,20,whole,NC,credit_card,0
0.0,225000.0,9.0,11.39,0.29704540281990727,0,35,10,0.0,20,whole,PA,credit_card,0
0.0,100000.0,10.0,16.31,0.12841503759398495,0,17,10,0.0,20,whole,FL,credit_card,0
0.0,160000.0,3.0,11.55,0.12437487060339077,1,17,10,0.0,20,whole,CA,debt_consolidation,0
0.0,68800.0,1.0,14.98,0.2148510242085661,0,10,10,0.0,20,whole,WA,other,0
0.0,70000.0,0.0,3.24,0.017644194756554307,0,14,10,0.0,20,whole,NY,debt_consolidation,0
0.0,150000.0,2.0,9.97,0.5513380544166977,0,30,10,0.0,20,whole,SC,other,0
0.0,203000.0,10.0,18.02,0.15023033692052204,0,9,10,0.0,20,whole,CA,debt_consolidation,0
0.0,76820.0,10.0,27.38,0.17929339671312505,0,10,10,0.0,20,whole,OR,credit_card,0
0.0,33280.0,3.0,12.91,0.6892693908179276,0,4,10,0.0,20,fractional,NY,debt_consolidation,0
0.0,120000.0,5.0,14.78,0.621022669513063,0,16,10,0.0,20,whole,CA,debt_consolidation,0
0.0,85000.0,6.0,29.93,0.7727392739273927,0,20,10,0.0,20,whole,MI,debt_consolidation,0
0.0,87800.0,10.0,32.86,0.7072833065810594,0,18,10,0.0,20,fractional,DE,debt_consolidation,0
0.0,40800.0,0.0,19.08,0.7564701485564795,0,17,10,0.0,20,whole,GA,debt_consolidation,0
0.0,75000.0,5.0,11.19,0.1365301680433695,0,16,10,0.0,20,whole,CO,debt_consolidation,0
0.0,70000.0,10.0,3.59,0.020381829588228585,2,26,10,0.0,20,whole,NC,debt_consolidation,0
0.0,128500.0,0.0,17.41,0.6365288019664422,0,4,10,0.0,20,whole,NM,debt_consolidation,0
0.0,75800.0,5.0,11.86,0.08598774640949955,0,12,10,0.0,20,fractional,OH,credit_card,0
0.0,60000.0,10.0,19.28,0.15946278749426054,0,12,10,0.0,20,whole,AZ,credit_card,0
0.0,43188.48,6.0,6.67,0.3543050847457627,1,26,10,0.0,20,whole,MI,other,0
0.0,50000.0,10.0,35.84,0.5681679977297605,0,13,10,0.0,20,whole,HI,debt_consolidation,0
0.0,80000.0,3.0,32.03,0.7253149839491638,0,13,10,0.0,20,whole,CA,debt_consolidation,0
0.0,242000.0,3.0,19.62,0.6321286521726128,0,21,10,0.0,20,whole,NH,credit_card,0
0.0,100000.0,10.0,14.78,0.6097774630036903,0,13,10,0.0,20,whole,OH,credit_card,0
0.0,20000.0,3.0,23.47,0.6275675675675676,0,20,10,0.0,20,whole,DE,debt_consolidation,0
0.0,130000.0,10.0,8.65,0.10205097761351233,0,18,10,0.0,20,fractional,IL,debt_consolidation,0
0.0,31500.0,2.0,13.78,0.954251672005845,0,9,10,0.0,20,whole,VA,credit_card,0
0.0,60000.0,10.0,11.3,0.052196937634968694,0,14,10,0.0,20,fractional,NY,debt_consolidation,0
0.0,100000.0,6.0,18.22,0.06641022307533477,0,33,10,0.0,20,whole,IL,other,0
0.0,150000.0,10.0,11.86,0.3864177835250792,0,30,10,0.0,20,whole,CA,debt_consolidation,0
0.0,42000.0,2.0,19.71,0.5906222843541014,0,5,10,0.0,20,whole,AZ,car,0
0.0,63373.0,2.0,33.67,0.8523003745113583,1,21,10,0.0,20,fractional,IL,home_improvement,0
0.0,100000.0,1.0,11.42,0.11284433989774295,0,15,10,0.0,20,whole,WI,home_improvement,0
0.0,75000.0,10.0,29.65,0.34495436478728103,0,14,10,0.0,20,whole,MN,debt_consolidation,0
0.0,120000.0,10.0,1.4,0.2779746835443038,0,24,10,0.0,20,whole,NJ,home_improvement,0
0.0,111275.0,1.0,28.86,0.3961895711152046,0,10,10,0.0,20,whole,IL,debt_consolidation,0
0.0,120000.0,10.0,19.14,0.20113572461922224,0,12,10,0.0,20,whole,TX,other,0
0.0,38400.0,9.0,11.63,0.19398148148148148,0,24,10,0.0,20,fractional,CA,other,0
0.0,64000.0,0.0,34.89,0.5892924426741307,1,11,10,0.0,20,whole,MD,other,0
0.0,210000.0,0.0,20.19,0.5793388782776907,0,21,10,0.0,20,fractional,CO,debt_consolidation,0
0.0,23500.0,1.0,32.43,0.32639542812611616,0,9,10,0.0,20,whole,GA,credit_card,0
0.0,150000.0,7.0,6.12,0.067455960125389,0,18,10,0.0,20,whole,CA,debt_consolidation,0
0.0,98000.0,9.0,7.54,0.13592334745790463,0,5,10,0.0,20,whole,OH,debt_consolidation,0
0.0,62500.0,5.0,25.36,0.21300793198707965,0,14,10,0.0,20,whole,NY,home_improvement,0
0.0,70000.0,10.0,13.81,0.555397656856751,0,13,10,0.0,20,fractional,AL,debt_consolidation,0
0.0,75000.0,6.0,7.42,1.2419461237850296,0,12,10,0.0,20,fractional,TX,debt_consolidation,0
0.0,60000.0,6.0,19.31,0.40812138884389004,0,10,10,0.0,20,fractional,VA,debt_consolidation,0
0.0,98500.0,6.0,22.15,0.10547546012269939,0,28,10,0.0,20,whole,OR,debt_consolidation,0
0.0,76000.0,7.0,10.72,0.8870806112813397,0,10,10,0.0,20,whole,NY,debt_consolidation,0
0.0,84000.0,6.0,9.08,0.03170295529749463,1,21,10,0.0,20,whole,CA,credit_card,0
0.0,87000.0,10.0,7.37,0.5983699059561128,0,18,10,0.0,20,whole,GA,debt_consolidation,0
0.0,89000.0,5.0,9.74,0.08796383255717552,0,13,10,0.0,20,whole,TN,debt_consolidation,0
0.0,39000.0,6.0,17.45,0.12171070225169814,0,9,10,0.0,20,whole,IN,debt_consolidation,0
0.0,278000.0,10.0,16.36,0.2638176344473993,0,27,10,0.0,20,whole,MI,debt_consolidation,0
0.0,95000.0,10.0,21.96,0.8297207479787709,0,17,10,0.0,20,fractional,FL,debt_consolidation,0
0.0,86000.0,10.0,13.51,0.037108029996583906,0,13,10,0.0,20,whole,NJ,major_purchase,0
0.0,62933.64,6.0,33.56,0.3129114034704314,0,10,10,0.0,20,whole,OH,credit_card,0
0.0,60000.0,5.0,14.18,0.9541423506953913,0,17,10,0.0,20,whole,NJ,credit_card,0
0.0,25000.0,3.0,15.51,0.29165349351881126,0,5,10,0.0,20,whole,MO,debt_consolidation,0
0.0,50000.0,10.0,29.09,0.46970358814352575,0,19,10,0.0,20,whole,KS,debt_consolidation,0
0.0,102453.0,6.0,28.5,0.06847728203029063,1,23,10,0.0,20,fractional,VA,credit_card,0
0.0,7500.0,5.0,8.16,0.4,1,7,10,0.0,20,fractional,CA,medical,0
0.0,38000.0,10.0,23.37,0.6425671115991262,0,21,10,0.0,20,fractional,TX,other,0
0.0,56000.0,4.0,23.96,0.503784042773295,0,13,10,0.0,20,whole,CT,debt_consolidation,0
0.0,47500.0,0.0,12.11,0.78891810943093,0,8,10,0.0,20,whole,UT,debt_consolidation,0
0.0,21000.0,0.0,12.29,0.45299265159589386,0,9,10,0.0,20,whole,AZ,credit_card,0
0.0,80000.0,1.0,15.8,0.19491632402798817,0,13,10,0.0,20,whole,OH,credit_card,0
0.0,90000.0,10.0,13.48,0.4701079031787693,0,12,10,0.0,20,whole,TX,debt_consolidation,0
0.0,65800.0,4.0,33.53,0.5913430830105101,0,22,10,0.0,20,fractional,TX,debt_consolidation,0
0.0,48000.0,10.0,18.68,0.1326231946643635,0,22,10,0.0,20,whole,WA,debt_consolidation,0
0.0,75000.0,0.0,20.93,0.011983510235026536,0,7,10,0.0,20,whole,AZ,debt_consolidation,0
0.0,75000.0,10.0,17.34,0.0961400974098512,0,18,10,0.0,20,whole,AZ,major_purchase,0
0.0,123854.0,3.0,27.47,0.7662858743461046,0,9,10,0.0,20,whole,CT,debt_consolidation,0
0.0,72000.0,1.0,24.15,0.8016029000698812,4,11,10,0.0,20,fractional,KY,debt_consolidation,0
0.0,86000.0,5.0,15.17,0.40476741727987436,0,7,10,0.0,20,whole,TN,other,0
0.0,50000.0,6.0,29.52,0.6500762195121951,1,13,10,0.0,20,fractional,KY,credit_card,0
0.0,200000.0,10.0,20.52,0.1541938164893617,0,33,10,0.0,20,whole,VA,debt_consolidation,0
0.0,22000.0,10.0,27.11,1.1794878023108002,0,15,10,0.0,20,fractional,OH,home_improvement,0
0.0,100000.0,10.0,32.07,0.384089552238806,0,11,10,0.0,20,whole,CA,debt_consolidation,0
0.0,260000.0,6.0,8.37,0.509587146755091,0,30,10,0.0,20,whole,WI,debt_consolidation,0
0.0,159000.0,10.0,21.47,0.16051502373003318,0,15,10,0.0,20,whole,MN,debt_consolidation,0
0.0,32000.0,6.0,20.22,0.23265116279069767,0,20,10,0.0,20,whole,FL,credit_card,0
0.0,150000.0,0.0,38.43,0.7849601038052701,0,17,10,0.0,20,whole,OH,credit_card,0
0.0,38000.0,10.0,3.35,0.8628947368421053,0,22,10,0.0,20,whole,NY,debt_consolidation,0
0.0,117000.0,10.0,25.12,0.27647847331325043,0,28,10,0.0,20,whole,OR,credit_card,0
0.0,75000.0,10.0,25.86,0.51801766437684,0,18,10,0.0,20,whole,WA,debt_consolidation,0
0.0,100000.0,1.0,6.36,0.2900286715514495,3,20,10,0.0,20,whole,PA,home_improvement,0
0.0,50000.0,3.0,28.9,0.4863276971181614,0,12,10,0.0,20,fractional,TX,debt_consolidation,0
0.0,139800.0,2.0,16.26,0.8843015716421893,0,21,10,0.0,20,fractional,OH,debt_consolidation,0
0.0,55000.0,2.0,6.37,0.7594957983193278,0,4,10,0.0,20,whole,NY,debt_consolidation,0
0.0,52325.0,3.0,23.97,0.6555481169351134,0,16,10,0.0,20,whole,SC,debt_consolidation,0
0.0,40000.0,10.0,7.17,0.5954639175257732,0,10,10,0.0,20,whole,NY,credit_card,0
0.0,52420.0,8.0,1.88,0.0414018691588785,0,17,10,0.0,20,fractional,MT,other,0
0.0,40000.0,1.0,5.67,0.3595217391304348,0,12,10,0.0,20,whole,NY,debt_consolidation,0
0.0,90000.0,10.0,7.08,0.06484060662333643,0,19,10,0.0,20,whole,NY,debt_consolidation,0
0.0,69000.0,5.0,34.4,0.4114573097743555,0,10,10,0.0,20,whole,FL,debt_consolidation,0
0.0,60000.0,6.0,20.7,0.9265895740200244,1,14,10,0.0,20,whole,KS,credit_card,0
0.0,35000.0,10.0,10.67,0.13340880503144653,0,11,10,0.0,20,whole,IN,home_improvement,0
0.0,105000.0,3.0,13.23,0.3151209184919795,0,20,10,0.0,20,whole,CA,debt_consolidation,0
0.0,29120.0,3.0,15.13,0.4985831393583645,0,5,10,0.0,20,whole,TX,other,0
0.0,115000.0,10.0,16.55,0.1582032450166579,0,30,10,0.0,20,whole,TN,other,0
0.0,70000.0,4.0,20.5,0.7255981546025492,0,15,10,0.0,20,whole,MA,credit_card,0
0.0,90000.0,10.0,23.91,0.1545223580562995,0,16,10,0.0,20,whole,GA,debt_consolidation,0
0.0,65000.0,0.0,7.96,0.4243030303030303,0,13,10,0.0,20,fractional,MD,debt_consolidation,0
0.0,80000.0,5.0,17.67,0.058828332312716884,0,5,10,0.0,20,whole,NY,debt_consolidation,0
0.0,110000.0,6.0,8.25,0.7573231185218567,0,8,10,0.0,20,whole,PA,debt_consolidation,0
0.0,72000.0,4.0,9.55,0.032816577129700694,0,13,10,0.0,20,whole,SC,debt_consolidation,0
0.0,35000.0,0.0,13.48,0.6290724863600935,0,6,10,0.0,20,whole,KY,debt_consolidation,0
0.0,164000.0,8.0,18.84,0.5828838174273859,0,13,10,0.0,20,whole,MO,other,0
0.0,19000.0,6.0,13.14,0.1730019493177388,1,15,10,0.0,20,whole,FL,house,0
0.0,148692.0,10.0,23.09,0.2827916176332466,0,27,10,0.0,20,whole,MN,debt_consolidation,0
0.0,15000.0,3.0,33.55,0.25859756097560976,0,20,10,0.0,20,whole,FL,debt_consolidation,0
0.0,80000.0,10.0,29.5,0.6208401198447648,0,20,10,0.0,20,fractional,TX,debt_consolidation,0
0.0,105000.0,2.0,18.0,0.23991373722416956,0,17,10,0.0,20,whole,LA,debt_consolidation,0
0.0,64449.0,10.0,26.2,0.8374951493109766,0,21,10,0.0,20,whole,PA,debt_consolidation,0
0.0,49623.0,10.0,25.68,0.5278997509180083,0,21,10,0.0,20,whole,NY,debt_consolidation,0
0.0,164649.0,9.0,21.51,0.22847448091562791,0,11,10,0.0,20,whole,CA,debt_consolidation,0
0.0,35000.0,6.0,21.12,0.500077519379845,0,16,10,0.0,20,whole,GA,home_improvement,0
0.0,136000.0,3.0,17.02,0.22191156759068145,0,20,10,0.0,20,whole,NJ,debt_consolidation,0
0.0,133000.0,7.0,14.91,0.8547966332507506,0,13,10,0.0,20,whole,PA,debt_consolidation,0
0.0,32000.0,2.0,25.84,0.36561470043794303,0,13,10,0.0,20,fractional,RI,medical,0
0.0,85000.0,6.0,33.19,0.31639169090918384,0,15,10,0.0,20,whole,NY,credit_card,0
0.0,33000.0,2.0,27.93,0.384,0,9,10,0.0,20,whole,IL,debt_consolidation,0
0.0,150000.0,1.0,19.69,0.4564739242058474,1,13,10,0.0,20,whole,CA,debt_consolidation,0
0.0,175000.0,10.0,15.33,0.3113297199207278,0,18,10,0.0,20,whole,FL,home_improvement,0
0.0,100000.0,10.0,11.39,0.4187262539083105,0,18,10,0.0,20,whole,GA,credit_card,0
0.0,46000.0,6.0,28.83,0.6631346790046507,0,18,10,0.0,20,whole,TN,credit_card,0
0.0,150000.0,10.0,26.12,0.6061726352364505,0,18,10,0.0,20,whole,NY,debt_consolidation,0
0.0,25000.0,0.0,5.62,0.60546875,0,11,10,0.0,20,whole,AL,debt_consolidation,0
0.0,70000.0,10.0,20.17,0.10189958368405487,0,14,10,0.0,20,whole,MI,home_improvement,0
0.0,95280.0,10.0,9.58,0.23170033532346446,1,20,10,0.0,20,fractional,NY,debt_consolidation,0
0.0,65000.0,3.0,26.62,0.42937203778500205,0,5,10,0.0,20,whole,TX,debt_consolidation,0
0.0,19000.0,6.0,13.77,0.2659659090909091,0,20,10,0.0,20,fractional,PA,debt_consolidation,0
0.0,125000.0,5.0,18.04,0.08206815398959773,0,19,10,0.0,20,whole,MN,major_purchase,0
0.0,76000.0,5.0,6.81,0.748749413787713,0,7,10,0.0,20,whole,PA,other,0
0.0,151000.0,10.0,12.84,0.22367521546752783,0,15,10,0.0,20,whole,NE,debt_consolidation,0
0.0,200000.0,10.0,8.79,0.17810156082835515,0,14,10,0.0,20,fractional,AK,credit_card,0
0.0,80000.0,10.0,24.14,0.6674700939986555,0,24,10,0.0,20,whole,TX,home_improvement,0
0.0,125000.0,2.0,21.31,0.5149926451174895,0,15,10,0.0,20,whole,AZ,credit_card,0
0.0,53456.0,5.0,13.0,0.8406310306709385,0,22,10,0.0,20,whole,CA,debt_consolidation,0
0.0,95000.0,1.0,26.45,0.8025884383088869,0,28,10,0.0,20,whole,GA,debt_consolidation,0
0.0,308200.0,1.0,19.9,0.13288910364210674,0,31,10,0.0,20,whole,CA,debt_consolidation,0
0.0,38000.0,1.0,1.11,0.06771929824561404,0,12,10,0.0,20,whole,CA,major_purchase,0
0.0,91000.0,3.0,10.25,0.6856081081081081,0,6,10,0.0,20,whole,IN,debt_consolidation,0
0.0,35000.0,10.0,10.91,0.4076603773584906,0,12,10,0.0,20,whole,MO,credit_card,0
0.0,47000.0,2.0,13.69,0.6186930385883266,1,23,10,0.0,20,whole,NY,credit_card,0
0.0,60000.0,1.0,5.62,0.8020311039347328,0,5,10,0.0,20,fractional,NY,other,0
0.0,52000.0,3.0,24.26,0.5364676818559049,0,13,10,0.0,20,whole,WY,debt_consolidation,0
0.0,40000.0,10.0,19.98,0.3141264367816092,0,7,10,0.0,20,whole,CA,debt_consolidation,0
0.0,164000.0,4.0,22.59,1.1207711238720262,3,27,10,0.0,20,whole,MO,debt_consolidation,0
0.0,60000.0,2.0,15.24,0.4832566434028313,1,8,10,0.0,20,whole,FL,debt_consolidation,0
0.0,175000.0,2.0,11.63,0.5327787052238978,0,18,10,0.0,20,whole,CA,credit_card,0
0.0,82000.0,9.0,33.28,0.32991217749390706,0,27,10,0.0,20,whole,OH,debt_consolidation,0
0.0,69996.0,10.0,17.66,0.6467462761837863,0,28,10,0.0,20,whole,OH,debt_consolidation,0
0.0,138700.0,0.0,24.27,0.40264042857107246,0,17,10,0.0,20,whole,MN,debt_consolidation,0
0.0,45000.0,3.0,22.19,0.6260228305889484,0,12,10,0.0,20,whole,NY,home_improvement,0
0.0,60000.0,5.0,28.16,0.7911099737023244,0,9,10,0.0,20,whole,NV,credit_card,0
0.0,125000.0,10.0,27.97,0.33863348072418753,1,17,10,0.0,20,whole,NY,credit_card,0
0.0,315000.0,2.0,13.08,0.2314114013361095,5,15,10,0.0,20,whole,TX,debt_consolidation,0
0.0,65000.0,7.0,15.29,0.42797533361864376,0,11,10,0.0,20,fractional,FL,debt_consolidation,0
0.0,100000.0,0.0,4.57,0.0357085346215781,0,22,10,0.0,20,whole,IL,major_purchase,0
0.0,65000.0,5.0,26.6,0.22331215995282894,0,11,10,0.0,20,whole,GA,debt_consolidation,0
0.0,38000.0,1.0,29.44,0.5727769016134903,0,14,10,0.0,20,whole,NY,credit_card,0
0.0,100000.0,2.0,9.78,0.6690453230472517,0,22,10,0.0,20,whole,CA,debt_consolidation,0
0.0,160000.0,1.0,36.75,0.5185185185185185,0,11,10,0.0,20,whole,NM,debt_consolidation,0
0.0,170000.0,10.0,29.61,0.6351865060601446,0,36,10,0.0,20,whole,NY,debt_consolidation,0
0.0,89206.0,4.0,5.8,0.777847533632287,0,6,10,0.0,20,whole,CT,credit_card,0
0.0,50000.0,1.0,24.46,0.7451025787149167,0,18,10,0.0,20,whole,FL,credit_card,0
0.0,155000.0,10.0,17.64,0.14516449219749297,0,13,10,0.0,20,whole,VA,debt_consolidation,0
0.0,55000.0,2.0,30.46,0.2954900980089602,0,16,10,0.0,20,whole,TX,debt_consolidation,0
0.0,30000.0,6.0,29.36,0.16304011948292732,2,49,10,0.0,20,whole,PA,credit_card,0
0.0,173250.0,2.0,27.9,0.14551355099993435,0,23,10,0.0,20,whole,NC,debt_consolidation,0
0.0,54000.0,1.0,10.96,0.9764150943396226,0,5,10,0.0,20,fractional,OR,debt_consolidation,0
0.0,130000.0,6.0,14.56,0.1124228516448816,4,13,10,0.0,20,whole,MD,debt_consolidation,0
0.0,140000.0,10.0,14.15,0.11228634286681334,0,24,10,0.0,20,whole,MD,other,0
0.0,94000.0,10.0,18.92,0.18876745837607511,0,15,10,0.0,20,whole,OH,debt_consolidation,0
0.0,165398.0,4.0,4.66,0.060746742682205854,0,16,10,0.0,20,whole,AR,debt_consolidation,0
0.0,75000.0,10.0,20.19,0.06613543297127228,0,19,10,0.0,20,fractional,FL,debt_consolidation,0
0.0,14364.0,6.0,4.85,0.004840693124650643,1,19,10,0.0,20,fractional,FL,major_purchase,0
0.0,158000.0,10.0,11.55,0.12137567443971296,0,19,10,0.0,20,whole,VA,debt_consolidation,0
0.0,60000.0,10.0,35.78,0.20941304151216425,0,27,10,0.0,20,whole,IL,debt_consolidation,0
0.0,85000.0,0.0,18.03,0.5838875515116896,0,7,10,0.0,20,whole,CA,debt_consolidation,0
0.0,162000.0,3.0,17.13,0.24763646127683514,0,13,10,0.0,20,whole,GA,home_improvement,0
0.0,45000.0,10.0,21.23,0.11885965758844988,0,25,10,0.0,20,whole,OH,credit_card,0
0.0,26400.0,6.0,37.27,0.009304347826086957,1,31,10,0.0,20,fractional,GA,debt_consolidation,0
0.0,45000.0,3.0,32.67,0.33217776852003394,0,30,10,0.0,20,fractional,NJ,debt_consolidation,0
0.0,161000.0,7.0,23.59,0.4564078773398901,0,17,10,0.0,20,whole,WY,debt_consolidation,0
0.0,58000.0,10.0,29.84,0.210796213356551,0,16,10,0.0,20,fractional,TX,credit_card,0
0.0,65000.0,3.0,8.07,0.20281734512477778,0,14,10,0.0,20,whole,NC,home_improvement,1
0.0,97000.0,2.0,20.98,0.4819346333033432,0,13,10,0.0,20,whole,IL,debt_consolidation,0
0.0,57564.0,5.0,31.75,0.3889712475961912,0,12,10,0.0,20,whole,MD,credit_card,0
0.0,26800.0,2.0,14.53,0.1245398773006135,0,7,10,0.0,20,whole,NY,other,0
0.0,96252.0,10.0,23.74,0.16638167063684256,0,16,10,0.0,20,whole,OH,debt_consolidation,0
0.0,60000.0,0.0,12.68,0.5332419741641644,0,8,10,0.0,20,whole,OR,debt_consolidation,0
0.0,160000.0,10.0,14.97,0.09199386524164208,0,24,10,0.0,20,whole,CA,debt_consolidation,0
0.0,91000.0,10.0,10.71,0.009425037969190714,0,14,10,0.0,20,whole,KS,other,0
0.0,60300.0,2.0,27.42,0.13632979976442874,0,13,10,0.0,20,whole,FL,debt_consolidation,0
0.0,210000.0,10.0,4.46,0.042999596936719064,0,13,10,0.0,20,whole,NY,credit_card,0
0.0,52000.0,10.0,22.2,0.25385199240986717,0,13,10,0.0,20,whole,OH,credit_card,0
0.0,185000.0,10.0,18.73,0.284485160930751,0,33,10,0.0,20,whole,VA,other,0
0.0,67000.0,10.0,15.19,0.056948498333253585,0,11,10,0.0,20,fractional,VA,home_improvement,0
0.0,26000.0,0.0,11.31,0.8109116384972415,0,20,10,0.0,20,whole,OK,debt_consolidation,0
0.0,60000.0,10.0,16.61,0.1732015124335163,0,31,10,0.0,20,whole,PA,house,0
0.0,48000.0,5.0,17.18,0.5120948687753617,0,10,10,0.0,20,whole,AZ,debt_consolidation,0
0.0,64000.0,4.0,18.45,0.5430047865909203,0,22,10,0.0,20,fractional,VT,debt_consolidation,0
0.0,135865.0,10.0,17.18,0.15882359555615527,0,20,10,0.0,20,whole,FL,home_improvement,0
0.0,120000.0,4.0,13.4,0.5576862586501303,0,9,10,0.0,20,whole,CA,debt_consolidation,0
0.0,94000.0,6.0,0.32,0.006544444444444445,0,35,10,0.0,20,whole,MN,medical,0
0.0,30000.0,3.0,23.04,0.547725540025413,0,10,10,0.0,20,whole,CA,credit_card,0
0.0,120000.0,6.0,23.85,0.21654807421838373,0,15,10,0.0,20,whole,MT,car,0
0.0,200000.0,0.0,7.15,0.2862836879432624,0,7,10,0.0,20,whole,NY,credit_card,0
0.0,200000.0,2.0,2.31,0.673969465648855,0,12,10,0.0,20,whole,CA,other,0
0.0,100000.0,10.0,17.56,0.45168269394830773,1,18,10,0.0,20,whole,IN,house,0
0.0,75000.0,3.0,22.23,0.675665793162289,0,12,10,0.0,20,fractional,OH,credit_card,0
0.0,68000.0,0.0,10.32,0.27425629719215067,1,14,10,0.0,20,whole,AR,debt_consolidation,0
0.0,195000.0,6.0,38.14,0.23552149950388968,0,31,10,0.0,20,whole,NV,home_improvement,0
0.0,55000.0,9.0,15.04,0.7193103746273171,0,20,10,0.0,20,whole,CA,debt_consolidation,0
0.0,72000.0,0.0,32.87,0.7763272335844995,0,11,10,0.0,20,whole,MA,credit_card,0
0.0,67000.0,6.0,15.33,0.19590256371701376,0,12,10,0.0,20,whole,MD,home_improvement,0
0.0,35000.0,3.0,26.75,0.5607949050165149,0,12,10,0.0,20,whole,RI,vacation,0
0.0,96000.0,1.0,2.81,0.2640251572327044,0,5,10,0.0,20,whole,CO,credit_card,0
0.0,87500.0,3.0,30.75,0.14212264804267624,0,15,10,0.0,20,whole,MI,credit_card,0
0.0,105000.0,10.0,11.04,0.45415910259504494,0,15,10,0.0,20,whole,TX,debt_consolidation,0
0.0,250000.0,3.0,13.92,0.32810304193528983,0,17,10,0.0,20,whole,CT,other,0
0.0,140000.0,10.0,22.89,0.10481739818252092,0,16,10,0.0,20,whole,TX,debt_consolidation,0
0.0,25000.0,9.0,21.99,0.05487973536700329,0,10,10,0.0,20,whole,FL,home_improvement,0
0.0,72000.0,10.0,22.83,0.09829386540318953,0,8,10,0.0,20,whole,OR,credit_card,0
0.0,53700.0,10.0,28.56,0.2607499856061579,0,17,10,0.0,20,whole,PA,other,0
0.0,100000.0,7.0,23.76,0.35122785295244835,0,15,10,0.0,20,whole,CA,debt_consolidation,0
0.0,40000.0,9.0,14.67,0.717850041690719,0,11,10,0.0,20,fractional,LA,small_business,0
0.0,70000.0,10.0,18.51,0.508863691554742,1,16,10,0.0,20,whole,CO,debt_consolidation,0
0.0,82000.0,3.0,10.84,0.1562887366606086,0,19,10,0.0,20,whole,CO,debt_consolidation,0
0.0,42000.0,0.0,16.46,0.633727138084249,0,7,10,0.0,20,whole,MN,debt_consolidation,0
0.0,157000.0,8.0,23.71,0.37287232518834684,2,23,10,0.0,20,whole,OR,credit_card,0
0.0,40000.0,0.0,6.9,0.15266552586547322,0,11,10,0.0,20,whole,MI,car,0
0.0,108000.0,4.0,12.89,0.5763057324840765,0,7,10,0.0,20,fractional,MA,debt_consolidation,0
0.0,75000.0,4.0,1.87,0.031114950166112956,0,15,10,0.0,20,whole,GA,home_improvement,0
0.0,183000.0,4.0,25.48,1.175909094728469,0,14,10,0.0,20,whole,NJ,credit_card,0
0.0,103600.0,7.0,14.04,0.13166885413431384,0,12,10,0.0,20,whole,OH,debt_consolidation,0
0.0,62000.0,2.0,22.88,0.7720511532666229,0,12,10,0.0,20,fractional,FL,debt_consolidation,0
0.0,100000.0,6.0,19.86,0.5024912954736463,0,7,10,0.0,20,whole,TX,debt_consolidation,0
0.0,498000.0,5.0,1.93,0.09528236038539567,0,8,10,0.0,20,whole,GA,small_business,0
0.0,33000.0,3.0,2.65,0.33318631943822313,0,7,10,0.0,20,whole,NY,other,0
0.0,132900.0,9.0,14.54,0.14054102834176052,0,16,10,0.0,20,whole,CA,debt_consolidation,0
0.0,18708.0,6.0,10.65,0.37896551724137933,0,8,10,0.0,20,fractional,MI,credit_card,0
0.0,96000.0,6.0,10.14,0.12304973881202716,0,24,10,0.0,20,whole,OR,debt_consolidation,0
0.0,100000.0,10.0,12.02,0.09921188097222114,0,19,10,0.0,20,fractional,KY,debt_consolidation,0
0.0,45000.0,0.0,4.85,0.36261022314207697,0,23,10,0.0,20,whole,FL,home_improvement,0
0.0,57000.0,5.0,14.97,0.5291371694218862,0,28,10,0.0,20,fractional,CA,credit_card,0
0.0,39362.0,2.0,7.63,0.6010619469026549,0,23,10,0.0,20,whole,NC,debt_consolidation,0
0.0,82000.0,10.0,32.1,0.39941029485257373,0,21,10,0.0,20,whole,KS,debt_consolidation,0
0.0,85750.0,8.0,20.39,0.6401654975521083,0,33,10,0.0,20,whole,CO,credit_card,0
0.0,45500.0,1.0,27.04,0.8351568327945721,0,9,10,0.0,20,whole,GA,debt_consolidation,0
0.0,186000.0,10.0,11.68,0.24528337299046768,0,20,10,0.0,20,whole,WY,debt_consolidation,0
0.0,90000.0,6.0,27.52,0.13127062477468734,0,20,10,0.0,20,whole,CA,debt_consolidation,0
0.0,71000.0,3.0,10.23,0.910038510911425,1,6,10,0.0,20,whole,OH,other,0
0.0,140500.0,10.0,32.38,0.20879195830511027,0,18,10,0.0,20,whole,CA,other,0
0.0,111000.0,2.0,22.86,1.0643903627668971,1,19,10,0.0,20,whole,FL,debt_consolidation,0
0.0,47000.0,3.0,21.99,0.554551407989522,0,13,10,0.0,20,whole,FL,debt_consolidation,0
0.0,65000.0,1.0,3.47,0.21385642737896493,0,18,10,0.0,20,whole,GA,debt_consolidation,0
0.0,96000.0,10.0,13.05,0.10135649917264859,0,25,10,0.0,20,whole,MN,debt_consolidation,0
0.0,120000.0,0.0,0.0,0.0,0,11,10,0.0,20,whole,MI,debt_consolidation,0
0.0,50000.0,10.0,11.72,0.0953380426850828,1,24,10,0.0,20,whole,IN,other,0
0.0,172000.0,4.0,17.8,0.17780908550139318,0,6,10,0.0,20,whole,MO,credit_card,0
0.0,125000.0,1.0,18.56,0.36421959374904345,0,22,10,0.0,20,whole,GA,debt_consolidation,0
0.0,60000.0,9.0,32.68,0.6029914129384427,0,13,10,0.0,20,whole,AL,credit_card,0
0.0,80000.0,5.0,26.43,0.6042170368287884,0,27,10,0.0,20,whole,CO,debt_consolidation,0
0.0,400000.0,10.0,10.63,0.009629470978796316,0,24,10,0.0,20,whole,CT,small_business,0
0.0,60000.0,0.0,1.85,0.13151785714285713,2,21,10,0.0,20,fractional,VA,other,0
0.0,35000.0,1.0,29.46,0.686794455671913,0,11,10,0.0,20,whole,NY,credit_card,0
0.0,95000.0,1.0,21.8,0.3845995385629532,0,20,10,0.0,20,whole,AZ,debt_consolidation,0
0.0,90000.0,3.0,7.8,0.5450326797385621,0,11,10,0.0,20,whole,TX,debt_consolidation,0
0.0,144860.0,5.0,28.99,0.28032080748336496,0,12,10,0.0,20,fractional,MO,debt_consolidation,0
0.0,140000.0,9.0,5.72,0.4928645712965103,0,14,10,0.0,20,whole,NY,moving,0
0.0,55000.0,5.0,22.15,0.7354272315829653,0,12,10,0.0,20,fractional,OH,medical,0
0.0,52000.0,0.0,11.61,0.5485873605947955,0,5,10,0.0,20,whole,AZ,debt_consolidation,0
0.0,280000.0,10.0,7.67,0.10644968332160451,0,21,10,0.0,20,whole,CA,other,0
0.0,400000.0,10.0,2.79,0.05402048922093704,0,17,10,0.0,20,whole,NY,debt_consolidation,0
0.0,45000.0,10.0,0.0,0.0,0,32,10,0.0,20,whole,IN,home_improvement,0
0.0,90000.0,6.0,39.93,0.3587317492127111,1,16,10,0.0,20,whole,OK,debt_consolidation,0
0.0,39000.0,3.0,19.38,0.8037504719553635,0,9,10,0.0,20,whole,MA,moving,0
0.0,88000.0,10.0,27.51,0.5010679627978943,0,24,10,0.0,20,whole,TX,vacation,0
0.0,48000.0,3.0,19.4,0.7065612700732351,0,10,10,0.0,20,whole,MD,credit_card,0
0.0,52000.0,5.0,19.43,0.43451054752310975,2,9,10,0.0,20,whole,NJ,credit_card,0
0.0,65000.0,10.0,18.57,0.6538439233728326,0,15,10,0.0,20,fractional,GA,credit_card,0
0.0,102000.0,5.0,23.92,0.5761659868771059,0,14,10,0.0,20,whole,SC,debt_consolidation,0
0.0,44500.0,6.0,16.02,0.37832678270634473,0,14,10,0.0,20,fractional,OH,home_improvement,0
0.0,72000.0,10.0,32.2,0.19118054008814736,3,11,10,0.0,20,fractional,OH,debt_consolidation,0
0.0,40000.0,10.0,12.06,0.10273983713460727,0,17,10,0.0,20,whole,IN,debt_consolidation,0
0.0,27200.0,10.0,14.04,0.7654471544715448,0,12,10,0.0,20,whole,GA,debt_consolidation,0
0.0,65000.0,2.0,25.76,0.6271730914588057,0,5,10,0.0,20,whole,TX,other,1
0.0,52000.0,3.0,16.5,0.8605609742657189,0,15,10,0.0,20,whole,OH,debt_consolidation,0
0.0,40000.0,4.0,16.86,0.19098024599329108,0,9,10,0.0,20,whole,NY,credit_card,0
0.0,222500.0,10.0,18.08,0.2280519502727475,0,22,10,0.0,20,whole,FL,home_improvement,0
0.0,120000.0,0.0,10.8,0.27375529673389487,0,11,10,0.0,20,whole,OR,credit_card,0
0.0,90000.0,10.0,25.79,0.20761856781793328,0,22,10,0.0,20,whole,ME,debt_consolidation,0
0.0,98728.0,6.0,22.86,0.6654758678459681,1,21,10,0.0,20,fractional,NY,credit_card,0
0.0,40000.0,6.0,32.25,0.6753322540566997,1,13,10,0.0,20,whole,NJ,other,0
0.0,91500.0,7.0,13.79,0.27125694054827915,1,12,10,0.0,20,whole,GA,debt_consolidation,0
0.0,500000.0,10.0,6.5,0.7240956066298757,1,31,10,0.0,20,whole,TX,debt_consolidation,0
0.0,92000.0,10.0,16.25,0.19766915665969292,2,14,10,0.0,20,whole,CA,debt_consolidation,0
0.0,50000.0,6.0,32.74,0.5087125664889299,0,31,10,0.0,20,whole,WV,debt_consolidation,0
0.0,145000.0,7.0,6.04,0.0664428930608911,0,16,10,0.0,20,whole,VA,debt_consolidation,0
0.0,35000.0,4.0,20.06,0.8178134790699866,0,10,10,0.0,20,whole,WA,other,0
0.0,60000.0,2.0,3.12,0.9672554261119896,4,12,10,0.0,20,whole,NJ,credit_card,0
0.0,79000.0,9.0,8.57,0.12464304459607327,0,15,10,0.0,20,whole,IL,debt_consolidation,0
0.0,60000.0,6.0,20.56,0.15831420312845584,0,7,10,0.0,20,whole,NV,medical,0
0.0,160000.0,6.0,11.69,0.6102170942766054,0,15,10,0.0,20,whole,CA,medical,0
0.0,42000.0,0.0,15.23,0.651503164556962,0,9,10,0.0,20,fractional,TX,credit_card,0
0.0,59700.0,6.0,23.72,0.19912704218483296,0,31,10,0.0,20,fractional,AK,medical,0
0.0,96512.0,10.0,12.55,0.09795140983478955,0,14,10,0.0,20,whole,NY,debt_consolidation,0
0.0,317500.0,10.0,22.59,0.23433966804862535,0,28,10,0.0,20,whole,MD,debt_consolidation,0
0.0,50000.0,7.0,3.57,0.2458203125,0,17,10,0.0,20,whole,CA,debt_consolidation,0
0.0,157000.0,10.0,20.49,0.224522118172318,0,16,10,0.0,20,whole,IL,debt_consolidation,0
0.0,69900.0,10.0,36.1,0.5902551554369776,0,17,10,0.0,20,whole,KS,credit_card,0
0.0,91000.0,3.0,33.61,0.7618473829292045,0,12,10,0.0,20,whole,TN,debt_consolidation,0
0.0,200000.0,5.0,6.66,0.11461867212424005,1,15,10,0.0,20,whole,OK,other,0
0.0,85000.0,6.0,14.98,0.2375557556593303,1,23,10,0.0,20,whole,FL,debt_consolidation,0
0.0,325500.0,6.0,11.37,0.07340341463501651,0,34,10,0.0,20,whole,MD,debt_consolidation,0
0.0,75000.0,5.0,10.02,0.27257570834972045,0,17,10,0.0,20,whole,GA,home_improvement,0
0.0,60000.0,1.0,14.6,0.47679210723503457,0,8,10,0.0,20,whole,MD,debt_consolidation,0
0.0,151000.0,10.0,28.08,0.24578799163308107,0,15,10,0.0,20,whole,VT,credit_card,0
0.0,63000.0,3.0,29.22,0.8444035658695345,0,8,10,0.0,20,fractional,LA,debt_consolidation,0
0.0,25000.0,0.0,8.31,0.38446153846153847,0,6,10,0.0,20,whole,AL,debt_consolidation,0
0.0,85000.0,10.0,13.1,0.23519631444950553,0,30,10,0.0,20,fractional,LA,debt_consolidation,0
0.0,42000.0,10.0,17.29,0.3732395785062358,0,16,10,0.0,20,whole,CA,debt_consolidation,0
0.0,160000.0,10.0,5.23,0.03989205052338618,0,33,10,0.0,20,whole,MD,debt_consolidation,0
0.0,36000.0,6.0,7.4,0.03239392020265991,0,10,10,0.0,20,fractional,TX,debt_consolidation,0
0.0,31000.0,1.0,22.3,0.6125193148568235,0,11,10,0.0,20,fractional,MO,debt_consolidation,0
0.0,60000.0,6.0,26.04,0.22887897170903967,0,11,10,0.0,20,fractional,AZ,credit_card,0
0.0,36000.0,1.0,31.38,0.4320148921275377,0,17,10,0.0,20,whole,CA,credit_card,0
0.0,80500.0,5.0,22.63,0.7946002796667901,0,13,10,0.0,20,whole,CT,other,0
0.0,50000.0,3.0,23.4,0.5244798890429958,0,7,10,0.0,20,whole,CA,car,0
0.0,45000.0,0.0,37.31,0.8993909495499904,0,13,10,0.0,20,fractional,TX,debt_consolidation,1
0.0,69000.0,10.0,23.2,0.1793882436211888,1,23,10,0.0,20,whole,FL,debt_consolidation,0
0.0,84000.0,6.0,23.91,0.1399672659761579,0,27,10,0.0,20,whole,NY,car,0
0.0,82756.8,3.0,26.98,0.24400512704516322,0,41,10,0.0,20,whole,TX,home_improvement,0
0.0,60000.0,1.0,11.38,0.07221720511550675,0,13,10,0.0,20,whole,IL,home_improvement,0
0.0,120000.0,7.0,21.8,0.8028135268346112,0,15,10,0.0,20,fractional,TN,debt_consolidation,0
0.0,120000.0,6.0,15.56,0.06936656282450675,0,29,10,0.0,20,whole,NY,credit_card,0
0.0,60000.0,3.0,12.24,0.11242920967729575,0,13,10,0.0,20,whole,CT,debt_consolidation,0
0.0,64000.0,10.0,5.29,0.01713107405415098,0,11,10,0.0,20,whole,CA,debt_consolidation,0
0.0,83043.0,2.0,17.27,0.8438737649560178,0,13,10,0.0,20,whole,CA,debt_consolidation,0
0.0,50000.0,0.0,9.72,0.7976754997675499,0,11,10,0.0,20,whole,TX,other,0
0.0,62000.0,10.0,32.96,0.18687273842379637,0,29,10,0.0,20,fractional,TX,credit_card,0
0.0,91000.0,0.0,17.67,0.5017749378771743,0,5,10,0.0,20,whole,GA,credit_card,0
0.0,125000.0,6.0,24.87,0.2575322724441568,0,12,10,0.0,20,whole,MS,debt_consolidation,0
0.0,96000.0,2.0,23.48,0.17081660702328816,0,37,10,0.0,20,whole,CA,debt_consolidation,0
0.0,125000.0,0.0,4.21,0.03404068787231651,0,16,10,0.0,20,whole,GA,debt_consolidation,0
0.0,100000.0,2.0,24.73,0.4988707813638744,1,12,10,0.0,20,fractional,OK,credit_card,0
0.0,210000.0,7.0,17.62,0.7892714139117487,1,17,10,0.0,20,whole,NC,other,0
0.0,80000.0,3.0,13.98,0.061342262458403095,0,11,10,0.0,20,whole,NC,debt_consolidation,0
0.0,146000.0,10.0,19.13,0.24942261651633943,0,23,10,0.0,20,whole,MN,home_improvement,0
0.0,320000.0,10.0,21.95,0.5200515528423084,5,21,10,0.0,20,fractional,PA,debt_consolidation,0
0.0,101000.0,3.0,29.85,0.36692864086467963,0,5,10,0.0,20,whole,CA,debt_consolidation,0
0.0,70000.0,10.0,7.25,0.09436781609195402,1,6,10,0.0,20,fractional,CA,debt_consolidation,1
0.0,93000.0,5.0,19.58,0.47944132018069513,0,23,10,0.0,20,whole,WA,debt_consolidation,0
0.0,50976.0,6.0,12.66,0.5728863758750673,0,14,10,0.0,20,whole,CA,credit_card,0
0.0,45000.0,7.0,20.59,0.7598104581388704,0,15,10,0.0,20,whole,TN,credit_card,0
0.0,120000.0,10.0,31.61,0.18778120177153973,0,23,10,0.0,20,whole,RI,debt_consolidation,0
0.0,45000.0,8.0,11.97,0.34590510341294745,0,12,10,0.0,20,whole,TX,credit_card,0
0.0,60000.0,9.0,18.62,0.1739686905013751,0,23,10,0.0,20,whole,OH,debt_consolidation,0
0.0,78000.0,10.0,10.63,0.09101465849207778,3,27,10,0.0,20,whole,SC,debt_consolidation,0
0.0,165000.0,6.0,14.31,0.06584592426786047,4,19,10,0.0,20,fractional,CA,home_improvement,0
0.0,49000.0,5.0,34.53,0.7318872062231049,0,8,10,0.0,20,whole,PA,credit_card,0
0.0,36000.0,10.0,10.13,0.5288875749641017,0,11,10,0.0,20,fractional,WI,debt_consolidation,0
0.0,150000.0,10.0,32.55,0.1935631110374644,0,44,10,0.0,20,whole,CA,debt_consolidation,0
0.0,61538.0,10.0,7.7,0.07068861808541449,0,27,10,0.0,20,whole,WV,debt_consolidation,0
0.0,75000.0,10.0,24.66,0.5339637954761989,0,18,10,0.0,20,whole,MD,credit_card,0
0.0,137000.0,5.0,14.34,0.13184737588991258,2,13,10,0.0,20,whole,WI,credit_card,0
0.0,97000.0,10.0,2.7,0.5828875728340815,0,16,10,0.0,20,whole,CA,other,0
0.0,48000.0,0.0,10.08,0.5757818181818182,2,17,10,0.0,20,whole,TX,major_purchase,0
0.0,48000.0,7.0,20.6,0.8584248134508732,0,18,10,0.0,20,whole,MD,debt_consolidation,0
0.0,140000.0,7.0,7.41,0.7390085037090646,0,12,10,0.0,20,whole,IL,debt_consolidation,0
0.0,215000.0,10.0,16.22,0.29312648556645987,0,20,10,0.0,20,whole,GA,debt_consolidation,0
0.0,53400.0,3.0,14.09,0.7199178082191781,0,12,10,0.0,20,whole,CA,debt_consolidation,0
0.0,60000.0,10.0,4.44,0.026480384900074018,0,16,10,0.0,20,whole,UT,home_improvement,0
0.0,75000.0,10.0,2.42,0.8465957446808511,0,19,10,0.0,20,whole,NV,debt_consolidation,0
0.0,120000.0,10.0,16.72,0.09447419077214167,1,12,10,0.0,20,whole,CA,debt_consolidation,0
0.0,65000.0,10.0,36.47,0.6518397578846766,0,14,10,0.0,20,whole,NC,debt_consolidation,0
0.0,79000.0,5.0,13.53,0.7062431006991291,0,12,10,0.0,20,whole,CO,debt_consolidation,0
0.0,61200.0,1.0,17.35,0.4702211656832364,0,13,10,0.0,20,whole,WA,credit_card,0
0.0,180000.0,10.0,9.9,0.13168759521512985,0,20,10,0.0,20,whole,WI,debt_consolidation,0
0.0,28000.0,2.0,7.89,0.41047475508666165,0,4,10,0.0,20,whole,KY,debt_consolidation,0
0.0,91000.0,6.0,19.71,0.19878743340069815,0,12,10,0.0,20,whole,TX,home_improvement,0
0.0,78000.0,10.0,37.94,0.4371876289890244,0,17,10,0.0,20,whole,CA,credit_card,0
0.0,48000.0,2.0,34.98,0.4856626547103549,0,19,10,0.0,20,whole,KS,credit_card,0
0.0,90000.0,8.0,21.49,0.519611298524747,0,20,10,0.0,20,whole,CA,home_improvement,0
0.0,158000.0,10.0,22.41,0.178201267742393,1,17,10,0.0,20,fractional,SC,debt_consolidation,0
0.0,86000.0,10.0,31.87,0.8191530553382484,1,20,10,0.0,20,fractional,OH,debt_consolidation,0
0.0,157000.0,9.0,17.57,0.5768287032161588,0,16,10,0.0,20,whole,CA,debt_consolidation,0
0.0,150000.0,10.0,22.02,0.27264000638290975,0,15,10,0.0,20,whole,TX,other,0
0.0,32000.0,2.0,32.82,0.55293856853889,0,5,10,0.0,20,fractional,MT,credit_card,0
0.0,90000.0,10.0,17.86,0.16064916397860127,0,12,10,0.0,20,whole,AZ,home_improvement,0
0.0,50000.0,10.0,14.38,0.3974285714285714,0,14,10,0.0,20,whole,AK,medical,0
0.0,10596.0,6.0,22.76,0.8867977528089888,1,29,10,0.0,20,fractional,FL,debt_consolidation,0
0.0,80000.0,1.0,3.17,0.02488218296065008,0,12,10,0.0,20,whole,IL,major_purchase,0
0.0,79000.0,10.0,21.71,0.1352830716369012,1,21,10,0.0,20,whole,OK,debt_consolidation,0
0.0,65000.0,4.0,16.08,0.462262484544147,2,13,10,0.0,20,whole,NC,credit_card,0
0.0,50000.0,5.0,15.41,0.6346555323590815,0,19,10,0.0,20,whole,GA,debt_consolidation,0
0.0,63700.0,10.0,35.44,0.42540031954553525,0,18,10,0.0,20,whole,AZ,home_improvement,0
0.0,71000.0,10.0,29.53,0.4545917047512288,0,6,10,0.0,20,whole,IL,car,0
0.0,110000.0,10.0,3.96,0.4541363636363636,0,13,10,0.0,20,whole,CA,house,0
0.0,80000.0,5.0,26.23,0.1971616827166751,1,21,10,0.0,20,whole,IL,debt_consolidation,0
0.0,126983.0,10.0,18.94,0.28422617706690695,0,25,10,0.0,20,whole,OH,debt_consolidation,0
0.0,130000.0,3.0,27.48,0.8402067078731381,0,12,10,0.0,20,whole,WA,credit_card,0
0.0,25000.0,2.0,30.96,0.0885925925925926,0,4,10,0.0,20,fractional,TN,other,0
0.0,75800.0,6.0,31.23,0.38545734050730207,0,15,10,0.0,20,whole,GA,debt_consolidation,0
0.0,55000.0,0.0,5.91,0.6890230867892262,0,12,10,0.0,20,whole,NJ,major_purchase,0
0.0,106000.0,10.0,21.26,0.18671917664861537,0,23,10,0.0,20,whole,OR,credit_card,0
0.0,75000.0,3.0,18.86,0.4023328620480711,0,14,10,0.0,20,whole,MA,debt_consolidation,0
0.0,151000.0,3.0,27.18,0.6827605194866057,0,10,10,0.0,20,whole,CA,credit_card,0
0.0,140000.0,2.0,17.51,0.22725390454051358,0,14,10,0.0,20,whole,GA,small_business,0
0.0,90000.0,3.0,21.63,0.17804892414899257,1,13,10,0.0,20,whole,KS,debt_consolidation,0
0.0,60000.0,2.0,26.18,0.19669717547485482,0,44,10,0.0,20,whole,IN,home_improvement,0
0.0,52000.0,1.0,18.92,0.05736881020283692,0,16,10,0.0,20,whole,CA,debt_consolidation,0
0.0,290000.0,0.0,16.98,0.7676734521299382,0,18,10,0.0,20,whole,FL,credit_card,0
0.0,62000.0,10.0,5.57,0.01845746229200454,0,11,10,0.0,20,fractional,NJ,debt_consolidation,0
0.0,140000.0,10.0,17.18,0.261129144864219,0,13,10,0.0,20,whole,NY,debt_consolidation,0
0.0,100000.0,10.0,11.42,0.37175322505180136,0,16,10,0.0,20,whole,CT,credit_card,0
0.0,56000.0,3.0,6.03,0.7721311475409836,0,4,10,0.0,20,whole,MO,debt_consolidation,0
0.0,160000.0,5.0,13.03,0.3177404272664061,0,25,10,0.0,20,fractional,NM,debt_consolidation,0
0.0,63000.0,10.0,25.87,0.3707446837212063,0,22,10,0.0,20,whole,NC,medical,0
0.0,117000.0,8.0,11.6,0.526179295624333,0,14,10,0.0,20,whole,GA,debt_consolidation,0
0.0,115000.0,10.0,11.91,0.4289889387043692,0,13,10,0.0,20,whole,FL,debt_consolidation,0
0.0,400000.0,2.0,13.06,0.1321516479834456,1,28,10,0.0,20,whole,WA,debt_consolidation,0
0.0,65000.0,6.0,20.55,0.1594142531727953,0,26,10,0.0,20,whole,IN,debt_consolidation,0
0.0,35600.0,3.0,11.06,0.5254230769230769,0,12,10,0.0,20,whole,VA,debt_consolidation,0
0.0,60000.0,10.0,15.5,0.6368186874304783,0,15,10,0.0,20,whole,MI,house,0
0.0,78000.0,6.0,30.55,0.5090998524348254,0,12,10,0.0,20,fractional,CA,credit_card,0
0.0,80000.0,10.0,14.52,0.7082973297645894,0,12,10,0.0,20,whole,OH,debt_consolidation,0
0.0,150000.0,2.0,27.73,0.2774933745449716,0,15,10,0.0,20,whole,IN,credit_card,0
0.0,56000.0,3.0,11.83,0.06516234388739398,1,23,10,0.0,20,whole,AZ,credit_card,0
0.0,31500.0,3.0,18.36,0.7195304695304695,0,4,10,0.0,20,whole,FL,debt_consolidation,0
0.0,85000.0,2.0,10.52,0.4944916474654378,0,16,10,0.0,20,whole,CA,other,0
0.0,42600.0,4.0,24.65,0.7796809777417202,0,12,10,0.0,20,whole,MD,debt_consolidation,0
0.0,73000.0,2.0,28.16,0.768390959841527,0,4,10,0.0,20,whole,GA,other,0
0.0,70000.0,7.0,14.51,0.48180318094208024,0,25,10,0.0,20,fractional,OH,debt_consolidation,0
0.0,54000.0,10.0,9.04,0.36207070707070704,1,19,10,0.0,20,whole,NY,other,0
0.0,141000.0,3.0,11.04,0.26942706495649194,2,21,10,0.0,20,whole,MI,debt_consolidation,0
0.0,72000.0,1.0,3.75,0.18105263157894738,0,12,10,0.0,20,whole,NV,credit_card,0
0.0,52000.0,2.0,8.56,0.7865368835064089,0,10,10,0.0,20,whole,NC,credit_card,0
0.0,185000.0,10.0,26.25,0.27257100555832053,1,18,10,0.0,20,whole,WA,debt_consolidation,0
0.0,41500.0,10.0,29.67,0.3291238903898109,0,17,10,0.0,20,fractional,FL,debt_consolidation,0
0.0,150000.0,4.0,4.41,0.2536123319866228,0,13,10,0.0,20,whole,CA,debt_consolidation,0
0.0,65000.0,9.0,23.38,0.16356953876595381,0,21,10,0.0,20,whole,TX,debt_consolidation,0
0.0,65000.0,5.0,14.2,0.9560536533709848,0,12,10,0.0,20,whole,CA,credit_card,0
0.0,60000.0,6.0,20.78,0.1521955677404615,0,49,10,0.0,20,whole,SC,credit_card,0
0.0,49000.0,9.0,25.08,0.4310111090190171,0,11,10,0.0,20,whole,NC,major_purchase,0
0.0,45000.0,10.0,22.93,0.16992940727083072,0,15,10,0.0,20,fractional,TX,debt_consolidation,0
0.0,55000.0,6.0,27.86,0.7152281998980112,0,11,10,0.0,20,whole,AZ,debt_consolidation,0
0.0,63750.0,0.0,23.87,0.5769782247117976,0,18,10,0.0,20,whole,OR,debt_consolidation,0
0.0,50000.0,10.0,33.85,0.6195769046416126,0,12,10,0.0,20,whole,OH,other,0
0.0,59000.0,10.0,32.61,0.26813788425667984,0,16,10,0.0,20,fractional,TX,home_improvement,0
0.0,120000.0,6.0,33.42,0.4288378730838316,0,39,10,0.0,20,whole,PA,credit_card,0
0.0,63000.0,4.0,29.54,0.5671277234217762,0,11,10,0.0,20,whole,FL,debt_consolidation,0
0.0,36000.0,5.0,34.0,0.22333448073756385,0,21,10,0.0,20,whole,MN,credit_card,0
0.0,78927.0,10.0,27.75,0.13587194002893682,0,13,10,0.0,20,whole,NE,debt_consolidation,0
0.0,39000.0,10.0,21.65,0.14605150753018345,0,15,10,0.0,20,whole,KY,credit_card,0
0.0,65000.0,2.0,28.16,0.8504535644885423,0,12,10,0.0,20,whole,AR,debt_consolidation,0
0.0,28000.0,1.0,39.93,0.5496645747673664,0,21,10,0.0,20,fractional,NY,debt_consolidation,0
0.0,50000.0,3.0,9.05,0.8028477884852977,0,17,10,0.0,20,whole,DC,other,0
0.0,60000.0,2.0,11.04,0.3752902649598095,0,10,10,0.0,20,whole,NJ,debt_consolidation,0
0.0,60000.0,10.0,25.26,0.008419497784342688,0,27,10,0.0,20,whole,AZ,debt_consolidation,0
0.0,32000.0,4.0,13.69,0.04430664269092448,0,14,10,0.0,20,whole,OH,debt_consolidation,0
0.0,70000.0,10.0,34.78,0.22752233360936314,0,22,10,0.0,20,whole,FL,debt_consolidation,0
0.0,30000.0,3.0,33.89,0.817766892014027,0,18,10,0.0,20,whole,TX,medical,0
0.0,84000.0,10.0,29.64,0.7620600949425836,0,11,10,0.0,20,whole,LA,debt_consolidation,0
0.0,50000.0,2.0,16.37,0.631210127090973,0,12,10,0.0,20,whole,NH,debt_consolidation,0
0.0,32000.0,3.0,32.33,0.610664634427971,0,11,10,0.0,20,whole,OR,debt_consolidation,0
0.0,126000.0,0.0,25.33,0.23751550290775386,0,13,10,0.0,20,whole,VA,debt_consolidation,0
0.0,55232.0,1.0,8.45,0.5179432624113475,1,26,10,0.0,20,whole,MO,debt_consolidation,0
0.0,90000.0,9.0,2.55,0.2787654320987654,0,5,10,0.0,20,whole,AL,other,0
0.0,75000.0,4.0,12.48,0.5751202096110103,0,12,10,0.0,20,whole,CA,credit_card,0
0.0,55000.0,5.0,8.93,0.4746360153256705,0,4,10,0.0,20,whole,NY,credit_card,0
0.0,50000.0,4.0,12.17,0.5579437307248406,0,7,10,0.0,20,whole,WI,credit_card,0
0.0,30000.0,10.0,24.52,0.5736763494025546,0,27,10,0.0,20,whole,WA,other,0
0.0,78000.0,10.0,30.34,0.5857994489834695,0,24,10,0.0,20,whole,OH,credit_card,0
0.0,60000.0,10.0,14.06,0.2737747653806048,0,24,10,0.0,20,whole,NJ,credit_card,0
0.0,53000.0,10.0,22.75,0.5835176991150443,0,20,10,0.0,20,whole,FL,debt_consolidation,0
0.0,100000.0,8.0,15.98,0.2503362734288864,0,13,10,0.0,20,fractional,NJ,debt_consolidation,0
0.0,116000.0,10.0,21.25,0.24930615434360853,0,12,10,0.0,20,whole,AL,debt_consolidation,0
0.0,68000.0,10.0,5.19,0.03944097506658014,0,25,10,0.0,20,whole,NC,other,0
0.0,59000.0,10.0,4.86,0.33155378486055775,0,24,10,0.0,20,whole,CO,debt_consolidation,0
0.0,75000.0,10.0,15.23,0.6735588972431078,0,15,10,0.0,20,whole,TX,home_improvement,0
0.0,99000.0,5.0,2.44,0.14151311411459647,0,13,10,0.0,20,whole,NY,other,0
0.0,81000.0,0.0,29.16,0.4958053073125546,0,9,10,0.0,20,fractional,NC,credit_card,0
0.0,24000.0,6.0,19.09,0.44818244507930255,0,48,10,0.0,20,fractional,FL,debt_consolidation,0
0.0,68095.0,8.0,2.75,0.01663393679042651,0,17,10,0.0,20,whole,NV,small_business,0
0.0,139000.0,3.0,28.7,0.3880871649680945,0,19,10,0.0,20,whole,AK,debt_consolidation,0
0.0,36000.0,6.0,3.8,0.029597663854639845,0,23,10,0.0,20,whole,NJ,debt_consolidation,0
0.0,146000.0,6.0,15.22,0.7733730605719269,0,15,10,0.0,20,whole,TX,credit_card,0
0.0,54032.0,6.0,30.52,0.9768082602182752,0,51,10,0.0,20,fractional,NC,debt_consolidation,0
0.0,72000.0,10.0,14.37,0.4740100411460496,0,19,10,0.0,20,whole,NV,small_business,0
0.0,95000.0,10.0,17.31,0.1183396754266267,0,17,10,0.0,20,whole,NY,debt_consolidation,0
0.0,193000.0,10.0,14.28,0.32116059281598724,0,9,10,0.0,20,whole,TX,credit_card,0
0.0,62000.0,0.0,19.39,0.5192736110173496,0,28,10,0.0,20,whole,CA,credit_card,0
0.0,120000.0,4.0,26.37,0.7617215408430579,0,21,10,0.0,20,whole,TX,debt_consolidation,0
0.0,70000.0,1.0,24.94,0.722959934587081,0,18,10,0.0,20,whole,NJ,medical,0
0.0,136610.0,4.0,18.93,0.8200245816394063,0,13,10,0.0,20,whole,NC,debt_consolidation,0
0.0,36000.0,8.0,12.8,0.5930856405106871,0,14,10,0.0,20,whole,IN,medical,0
0.0,58000.0,5.0,9.29,0.591928391959799,0,17,10,0.0,20,whole,WA,debt_consolidation,0
0.0,75696.0,0.0,18.2,0.6450828020672225,0,10,10,0.0,20,fractional,CA,credit_card,0
0.0,65000.0,1.0,16.45,0.4888439186384392,0,12,10,0.0,20,fractional,PA,credit_card,0
0.0,132000.0,3.0,7.75,0.08434341112592389,0,18,10,0.0,20,whole,IL,debt_consolidation,0
0.0,40000.0,10.0,34.59,0.09717462119011765,2,25,10,0.0,20,whole,AL,debt_consolidation,0
0.0,96000.0,5.0,15.04,0.19500717694068356,0,15,10,0.0,20,whole,ME,credit_card,0
0.0,104000.0,10.0,11.96,0.6911437676242005,0,13,10,0.0,20,whole,IL,car,0
0.0,97500.0,4.0,16.54,0.5815775053453814,0,10,10,0.0,20,fractional,TX,debt_consolidation,0
0.0,102947.0,3.0,17.59,0.8310874200426439,0,11,10,0.0,20,fractional,FL,other,0
0.0,94000.0,7.0,28.85,0.37376241816503347,2,26,10,0.0,20,whole,GA,debt_consolidation,0
0.0,25000.0,4.0,28.28,0.725111494748957,0,14,10,0.0,20,whole,AZ,debt_consolidation,0
0.0,95000.0,7.0,25.16,0.2060557520745734,0,12,10,0.0,20,fractional,NJ,debt_consolidation,0
0.0,49000.0,6.0,36.32,0.5492003071888878,0,5,10,0.0,20,whole,FL,debt_consolidation,0
0.0,75000.0,10.0,19.3,0.38854746506215343,0,18,10,0.0,20,whole,MN,debt_consolidation,0
0.0,57000.0,5.0,6.53,0.03455301808302912,0,12,10,0.0,20,whole,OH,major_purchase,0
0.0,86000.0,10.0,14.67,0.820381679389313,0,15,10,0.0,20,whole,WI,debt_consolidation,0
0.0,55000.0,8.0,15.54,0.10344283754159635,0,8,10,0.0,20,whole,MO,other,0
0.0,104465.0,3.0,25.6,0.2866885671269562,1,17,10,0.0,20,whole,OH,debt_consolidation,0
0.0,120000.0,10.0,10.04,0.5959999456514354,0,20,10,0.0,20,whole,IL,debt_consolidation,0
0.0,258240.0,6.0,1.33,0.233003300330033,0,15,10,0.0,20,whole,PA,credit_card,0
0.0,93000.0,8.0,29.91,0.2928408245120741,0,20,10,0.0,20,whole,MN,credit_card,0
0.0,52000.0,3.0,17.4,0.38280564263322886,0,11,10,0.0,20,whole,NY,credit_card,0
0.0,65000.0,6.0,24.46,0.3315218735010953,0,20,10,0.0,20,whole,FL,debt_consolidation,0
0.0,85000.0,5.0,26.42,0.17472685046929642,0,21,10,0.0,20,whole,WA,debt_consolidation,0
0.0,126402.0,3.0,5.87,0.9242957452841203,5,15,10,0.0,20,whole,CA,other,0
0.0,36000.0,4.0,2.03,0.014805651409596979,0,36,10,0.0,20,whole,NE,other,0
0.0,56000.0,9.0,36.69,0.3245576176089771,0,14,10,0.0,20,whole,AL,debt_consolidation,0
0.0,85000.0,5.0,25.06,0.8102070238163889,0,12,10,0.0,20,whole,WI,debt_consolidation,0
0.0,36610.0,2.0,13.85,0.16850763137649707,0,13,10,0.0,20,whole,NJ,credit_card,0
0.0,110000.0,0.0,12.88,0.17027782604851666,0,13,10,0.0,20,whole,GA,debt_consolidation,0
0.0,294000.0,10.0,10.72,0.18791801974236005,1,26,10,0.0,20,whole,IN,home_improvement,0
0.0,15000.0,6.0,6.4,0.07977777777777778,2,7,10,0.0,20,fractional,NY,car,0
0.0,62000.0,3.0,23.52,0.6822774277903245,0,6,10,0.0,20,whole,TX,other,0
0.0,123000.0,0.0,19.47,0.2083217049936742,0,8,10,0.0,20,whole,MD,home_improvement,0
0.0,56000.0,10.0,8.74,0.5793213391027101,0,10,10,0.0,20,whole,WA,debt_consolidation,0
0.0,100000.0,6.0,6.47,0.7362143190106666,0,13,10,0.0,20,whole,IN,major_purchase,0
0.0,194000.0,0.0,26.53,0.7079746229003644,0,11,10,0.0,20,whole,FL,home_improvement,0
0.0,83000.0,10.0,20.45,0.6114050487317634,0,17,10,0.0,20,whole,CT,credit_card,0
0.0,120000.0,4.0,16.98,0.15117898148782213,0,14,10,0.0,20,whole,SC,credit_card,0
0.0,78000.0,0.0,5.8,0.5668650793650793,0,4,10,0.0,20,fractional,GA,credit_card,0
0.0,124000.0,10.0,12.42,0.6910222445172517,2,42,10,0.0,20,whole,CA,home_improvement,0
0.0,82000.0,5.0,19.61,0.6551963631771688,0,18,10,0.0,20,whole,WA,debt_consolidation,0
0.0,260000.0,10.0,0.54,0.009097240873852261,0,31,10,0.0,20,whole,VA,major_purchase,0
0.0,67000.0,4.0,16.77,0.2090456178047419,0,10,10,0.0,20,whole,IL,other,0
0.0,72000.0,2.0,19.83,0.10299200872809251,2,18,10,0.0,20,fractional,MI,home_improvement,0
0.0,166000.0,6.0,6.17,0.032245869134170525,0,14,10,0.0,20,whole,IL,debt_consolidation,0
0.0,57000.0,2.0,4.23,0.5938612579566296,0,20,10,0.0,20,whole,NE,credit_card,0
0.0,80000.0,4.0,6.9,0.28219373219373217,0,8,10,0.0,20,whole,CA,credit_card,0
0.0,62000.0,2.0,13.3,0.20069636687482564,0,5,10,0.0,20,whole,MO,debt_consolidation,0
0.0,70000.0,8.0,2.91,0.20748091603053434,0,7,10,0.0,20,whole,NY,home_improvement,0
0.0,75000.0,10.0,18.58,0.2706900269313863,0,12,10,0.0,20,whole,CA,credit_card,0
0.0,77000.0,6.0,16.07,0.42803492629800016,0,5,10,0.0,20,whole,NV,debt_consolidation,0
0.0,115000.0,10.0,29.19,0.1513364161091434,0,18,10,0.0,20,whole,GA,home_improvement,0
0.0,25465.0,6.0,15.98,0.24419047619047618,0,17,10,0.0,20,whole,FL,debt_consolidation,0
0.0,100000.0,9.0,22.54,0.22945376506633913,0,23,10,0.0,20,whole,PA,debt_consolidation,0
0.0,47418.0,4.0,14.03,0.23269796597160036,0,15,10,0.0,20,fractional,WV,credit_card,0
0.0,125000.0,10.0,8.09,0.22291579019460125,0,19,10,0.0,20,whole,NY,car,0
0.0,230000.0,10.0,12.37,0.5060680378081385,0,19,10,0.0,20,whole,CA,debt_consolidation,0
0.0,34800.0,3.0,5.52,0.20419161676646708,1,17,10,0.0,20,whole,MN,debt_consolidation,0
0.0,60000.0,7.0,12.9,0.0787269958956706,0,16,10,0.0,20,whole,MA,home_improvement,0
0.0,77000.0,10.0,25.97,0.7838360438287577,1,20,10,0.0,20,fractional,NM,debt_consolidation,0
0.0,150000.0,10.0,8.28,0.05378180995527609,0,17,10,0.0,20,whole,WA,other,0
0.0,108000.0,3.0,30.44,0.7432912435008346,0,19,10,0.0,20,whole,NV,debt_consolidation,0
0.0,83000.0,8.0,0.36,0.023454545454545454,0,13,10,0.0,20,whole,FL,major_purchase,0
0.0,23000.0,2.0,20.77,0.3427629278041469,0,18,10,0.0,20,whole,MN,credit_card,0
0.0,145000.0,10.0,12.76,0.5864517765327062,1,22,10,0.0,20,whole,CA,debt_consolidation,0
0.0,60000.0,10.0,11.52,0.8148863636363637,0,18,10,0.0,20,whole,CA,credit_card,0
0.0,68000.0,5.0,19.26,0.33239639802823095,0,9,10,0.0,20,whole,MO,debt_consolidation,0
0.0,60000.0,3.0,13.06,0.5786557377049181,0,16,10,0.0,20,whole,NV,debt_consolidation,0
0.0,43000.0,10.0,22.55,0.10878518338004142,0,18,10,0.0,20,whole,NC,credit_card,0
0.0,70000.0,10.0,26.62,1.0417199398205914,0,21,10,0.0,20,fractional,NY,credit_card,0
0.0,45000.0,6.0,1.39,0.009021329987452949,1,43,10,0.0,20,whole,MS,debt_consolidation,0
0.0,150000.0,10.0,37.11,0.38370856097612427,0,22,10,0.0,20,whole,MS,debt_consolidation,0
0.0,55000.0,10.0,13.03,0.4831054131054131,0,16,10,0.0,20,fractional,GA,other,0
0.0,65000.0,10.0,20.29,0.1929447644866147,0,19,10,0.0,20,whole,MT,debt_consolidation,0
0.0,42000.0,10.0,27.09,0.21939999021191212,0,22,10,0.0,20,whole,NM,credit_card,0
0.0,42000.0,5.0,29.09,0.49341358464665663,0,24,10,0.0,20,whole,MI,debt_consolidation,0
0.0,107000.0,10.0,26.18,0.4364102984481704,0,26,10,0.0,20,whole,PA,debt_consolidation,0
0.0,125000.0,6.0,17.38,0.13939650675233087,0,34,10,0.0,20,whole,CA,credit_card,0
0.0,75000.0,3.0,32.93,0.6939560498430352,0,34,10,0.0,20,whole,MI,credit_card,0
0.0,37000.0,10.0,27.38,0.18009099633881917,0,34,10,0.0,20,whole,IN,credit_card,0
0.0,80000.0,10.0,10.26,0.5369100861667041,0,17,10,0.0,20,whole,TN,credit_card,0
0.0,55000.0,10.0,5.81,0.20707018922952483,0,10,10,0.0,20,whole,TN,house,0
0.0,77812.0,10.0,21.67,0.27187021439509956,1,24,10,0.0,20,whole,KS,debt_consolidation,0
0.0,25000.0,6.0,13.02,0.09636763970876278,0,14,10,0.0,20,fractional,TX,debt_consolidation,0
0.0,175000.0,8.0,20.67,0.15103109537262852,0,23,10,0.0,20,whole,MA,credit_card,0
0.0,50000.0,10.0,23.45,0.43371308016877635,0,31,10,0.0,20,whole,TN,debt_consolidation,0
0.0,65000.0,3.0,24.45,0.6073287688796574,0,13,10,0.0,20,fractional,NY,moving,0
0.0,98000.0,10.0,30.81,0.7416104318666633,0,24,10,0.0,20,whole,FL,other,0
0.0,127200.0,10.0,7.86,0.07779987603784251,0,23,10,0.0,20,whole,NC,car,0
0.0,52000.0,1.0,25.32,0.5339971313945996,0,15,10,0.0,20,whole,FL,debt_consolidation,0
0.0,60000.0,2.0,27.98,0.3698920856107474,0,16,10,0.0,20,whole,DE,debt_consolidation,0
0.0,55000.0,10.0,14.2,0.13833183972009508,0,12,10,0.0,20,whole,MI,house,0
0.0,35000.0,0.0,14.27,0.36774809160305344,0,4,10,0.0,20,whole,IL,credit_card,0
0.0,110000.0,10.0,7.52,0.07795002519488989,0,14,10,0.0,20,whole,CA,home_improvement,0
0.0,40000.0,5.0,24.06,0.9150459147633624,0,11,10,0.0,20,whole,NY,credit_card,0
0.0,50000.0,5.0,13.17,0.11712831047202527,0,7,10,0.0,20,whole,MA,credit_card,0
0.0,96152.0,10.0,8.69,0.1425233644859813,2,24,10,0.0,20,fractional,LA,home_improvement,0
0.0,72197.95,4.0,15.11,0.1833451071771243,0,14,10,0.0,20,whole,KY,debt_consolidation,0
0.0,65000.0,8.0,10.56,0.052215586130483944,0,12,10,0.0,20,fractional,NV,debt_consolidation,0
0.0,87000.0,10.0,19.32,0.1342447666341414,0,18,10,0.0,20,whole,MD,medical,0
0.0,70000.0,3.0,17.64,0.47676302549671695,0,15,10,0.0,20,whole,CA,debt_consolidation,0
0.0,30000.0,0.0,12.88,0.8273054978634009,0,4,10,0.0,20,whole,CA,car,0
0.0,225000.0,10.0,17.77,0.469282618419632,0,18,10,0.0,20,whole,MA,debt_consolidation,0
0.0,47000.0,10.0,15.76,0.50456061772459,0,19,10,0.0,20,whole,CA,moving,0
0.0,90000.0,10.0,15.71,0.08054832817785447,0,29,10,0.0,20,fractional,RI,debt_consolidation,0
0.0,185000.0,10.0,22.62,0.22344643465420322,0,17,10,0.0,20,whole,OR,debt_consolidation,0
0.0,42000.0,0.0,15.37,0.2906253295370663,1,9,10,0.0,20,whole,GA,debt_consolidation,0
0.0,125000.0,10.0,18.76,0.2490558493401381,1,20,10,0.0,20,whole,CA,credit_card,0
0.0,92000.0,10.0,24.69,0.16557315294786493,1,28,10,0.0,20,fractional,MD,debt_consolidation,0
0.0,57506.0,10.0,27.27,0.8090139941457155,0,13,10,0.0,20,whole,CA,debt_consolidation,0
0.0,40000.0,10.0,14.28,0.07238440058852516,0,15,10,0.0,20,whole,NY,debt_consolidation,0
0.0,125000.0,1.0,23.72,0.4170181723335493,0,8,10,0.0,20,whole,OH,credit_card,0
0.0,35000.0,10.0,8.95,0.04509003601440576,0,17,10,0.0,20,whole,KY,debt_consolidation,0
0.0,43678.0,5.0,16.76,0.7790466173321814,0,5,10,0.0,20,whole,MT,debt_consolidation,0
0.0,78000.0,6.0,12.29,0.7115687844164665,0,15,10,0.0,20,whole,OR,credit_card,0
0.0,64453.0,7.0,23.06,0.024969302714423807,2,15,10,0.0,20,whole,NY,debt_consolidation,0
0.0,80000.0,7.0,7.44,0.05157202551339359,1,13,10,0.0,20,whole,TX,medical,0
0.0,150000.0,9.0,19.89,0.3756172568135951,0,23,10,0.0,20,whole,MN,credit_card,0
0.0,55000.0,4.0,14.41,0.18282888229475766,0,11,10,0.0,20,whole,TX,debt_consolidation,0
0.0,58000.0,0.0,14.92,0.8482817426480794,0,6,10,0.0,20,whole,NC,credit_card,0
0.0,80000.0,10.0,9.6,0.16255930543016844,0,14,10,0.0,20,whole,MI,debt_consolidation,0
0.0,65000.0,10.0,15.98,0.1266553544494721,0,29,10,0.0,20,whole,MI,credit_card,0
0.0,170000.0,10.0,12.56,0.5503297669646783,0,12,10,0.0,20,whole,CA,debt_consolidation,0
0.0,120000.0,8.0,9.98,0.4678196147110333,0,9,10,0.0,20,whole,IN,major_purchase,0
0.0,55000.0,10.0,17.52,0.15655151876116735,0,10,10,0.0,20,whole,AZ,debt_consolidation,0
0.0,72000.0,9.0,2.2,0.6213953488372093,0,5,10,0.0,20,whole,GA,other,0
0.0,72000.0,10.0,25.3,0.6499929547696209,0,22,10,0.0,20,whole,TN,other,0
0.0,65000.0,10.0,25.72,0.2700648603725406,0,21,10,0.0,20,whole,IL,credit_card,0
0.0,75000.0,5.0,20.06,0.1232610817757978,1,9,10,0.0,20,whole,OK,debt_consolidation,0
0.0,60000.0,0.0,17.08,0.2628891864747238,0,12,10,0.0,20,whole,NV,debt_consolidation,0
0.0,50000.0,2.0,7.37,0.3384572947489844,0,4,10,0.0,20,fractional,OH,debt_consolidation,0
0.0,136000.0,8.0,18.04,0.2158589633958311,0,12,10,0.0,20,whole,TX,home_improvement,0
0.0,125000.0,10.0,4.24,0.022407520429920023,1,43,10,0.0,20,whole,MA,other,0
0.0,40000.0,10.0,22.56,0.18478378671290777,0,14,10,0.0,20,whole,NJ,small_business,0
0.0,90000.0,4.0,21.48,0.5012035086907214,1,8,10,0.0,20,whole,NY,debt_consolidation,0
0.0,262854.0,10.0,8.19,0.03103993038839141,0,14,10,0.0,20,fractional,DC,debt_consolidation,0
0.0,84000.0,5.0,27.49,0.2442754467228287,0,11,10,0.0,20,whole,AZ,debt_consolidation,0
0.0,39000.0,9.0,21.2,0.6318831142403647,1,15,10,0.0,20,whole,CA,debt_consolidation,0
0.0,50000.0,3.0,6.48,0.39172331999068133,0,18,10,0.0,20,whole,MN,debt_consolidation,0
0.0,61000.0,5.0,14.69,0.5680978438800804,0,10,10,0.0,20,whole,AZ,debt_consolidation,0
0.0,34733.5,6.0,29.89,0.5725822921114679,0,15,10,0.0,20,whole,IL,debt_consolidation,0
0.0,120000.0,7.0,20.53,0.19296415039347128,0,27,10,0.0,20,whole,FL,debt_consolidation,0
0.0,120000.0,10.0,11.84,0.16175839407148399,0,36,10,0.0,20,whole,AL,home_improvement,0
0.0,45000.0,2.0,19.47,0.7736923637689084,0,6,10,0.0,20,whole,NY,credit_card,0
0.0,65000.0,1.0,21.51,0.31588192655065317,0,23,10,0.0,20,whole,NY,debt_consolidation,0
0.0,15600.0,0.0,10.92,0.9568719083248403,0,19,10,0.0,20,whole,MO,debt_consolidation,0
0.0,84000.0,4.0,4.9,0.8023188405797101,0,14,10,0.0,20,whole,CA,debt_consolidation,0
0.0,34000.0,0.0,20.9,0.3497342237971923,0,14,10,0.0,20,whole,OH,vacation,0
0.0,125000.0,0.0,23.98,0.3580348798158904,2,18,10,0.0,20,whole,NC,debt_consolidation,1
0.0,60000.0,3.0,23.7,0.8452925313635831,0,3,10,0.0,20,whole,MA,other,0
0.0,115000.0,10.0,38.28,0.34621371650773974,0,15,10,0.0,20,whole,GA,debt_consolidation,0
0.0,80000.0,10.0,29.18,0.3538955009707099,1,10,10,0.0,20,whole,IL,credit_card,0
0.0,75000.0,10.0,15.51,0.137648069208936,0,22,10,0.0,20,fractional,TN,credit_card,0
0.0,72000.0,10.0,33.07,0.32959755782439654,0,12,10,0.0,20,whole,WA,debt_consolidation,0
0.0,225000.0,6.0,22.6,0.08695276485252247,1,24,10,0.0,20,whole,CA,debt_consolidation,0
0.0,38000.0,5.0,6.38,0.13654166666666667,1,13,10,0.0,20,whole,TX,debt_consolidation,0
0.0,140000.0,10.0,20.52,0.3486789226165028,0,31,10,0.0,20,whole,TX,debt_consolidation,0
0.0,60000.0,10.0,24.7,0.21978334841047165,1,27,10,0.0,20,whole,FL,car,0
0.0,57000.0,6.0,22.23,0.6454170678863745,1,19,10,0.0,20,whole,CA,moving,0
0.0,73000.0,10.0,32.25,0.4427011972884149,0,17,10,0.0,20,whole,CT,debt_consolidation,0
0.0,135000.0,9.0,18.54,0.09885419807571065,0,12,10,0.0,20,whole,NE,debt_consolidation,0
0.0,200000.0,1.0,14.33,0.1833129386612656,1,29,10,0.0,20,whole,CT,credit_card,0
0.0,28100.0,8.0,23.15,0.6413298321297947,0,6,10,0.0,20,fractional,FL,debt_consolidation,0
0.0,40000.0,1.0,19.68,0.5252175497744772,0,5,10,0.0,20,whole,CT,debt_consolidation,0
0.0,126000.0,3.0,7.33,0.09156181149429499,0,11,10,0.0,20,whole,FL,credit_card,0
0.0,67000.0,10.0,16.17,0.018379572303470433,0,20,10,0.0,20,whole,AZ,debt_consolidation,0
0.0,80000.0,6.0,20.07,0.7202096701984778,2,15,10,0.0,20,whole,CT,debt_consolidation,0
0.0,71000.0,10.0,30.25,0.5045398343928362,0,14,10,0.0,20,whole,NJ,debt_consolidation,0
0.0,167000.0,10.0,15.91,0.2975845964299017,0,20,10,0.0,20,whole,TX,home_improvement,0
0.0,100000.0,1.0,21.13,0.17523263056567448,1,12,10,0.0,20,whole,TX,debt_consolidation,0
0.0,94000.0,0.0,6.56,0.5285541125541126,1,15,10,0.0,20,whole,CA,credit_card,0
0.0,35000.0,8.0,35.91,0.5939166602873255,0,17,10,0.0,20,whole,AK,debt_consolidation,0
0.0,34000.0,4.0,23.01,0.076823222211682,0,15,10,0.0,20,whole,MA,debt_consolidation,0
0.0,55000.0,9.0,35.36,0.4166453396120182,0,11,10,0.0,20,whole,WI,credit_card,0
0.0,140000.0,10.0,10.29,0.23305355426806576,0,14,10,0.0,20,whole,MI,credit_card,0
0.0,40000.0,3.0,31.02,0.8653795491325129,0,12,10,0.0,20,fractional,CA,debt_consolidation,0
0.0,263611.0,10.0,13.65,0.42502513022023214,0,26,10,0.0,20,whole,TX,debt_consolidation,0
0.0,46000.0,3.0,21.29,0.5997605949470253,0,27,10,0.0,20,whole,PA,debt_consolidation,0
0.0,230000.0,7.0,13.88,0.11037607993835649,0,20,10,0.0,20,whole,NY,credit_card,0
0.0,150000.0,10.0,9.25,0.06599813650128115,1,18,10,0.0,20,whole,NJ,debt_consolidation,0
0.0,57920.0,2.0,18.57,0.6271354182526874,0,11,10,0.0,20,whole,WI,debt_consolidation,0
0.0,40000.0,10.0,10.17,0.4888612239549207,0,6,10,0.0,20,fractional,CO,debt_consolidation,0
0.0,92280.0,10.0,11.08,0.07421973407977607,0,17,10,0.0,20,whole,AL,debt_consolidation,0
0.0,79000.0,10.0,13.4,0.577108251324754,0,23,10,0.0,20,whole,NE,debt_consolidation,0
0.0,60000.0,3.0,17.75,0.136544477176785,0,19,10,0.0,20,whole,FL,debt_consolidation,0
0.0,80000.0,10.0,8.91,0.0889928845101259,0,21,10,0.0,20,whole,TN,home_improvement,0
0.0,48000.0,10.0,10.7,0.5253890489913544,0,15,10,0.0,20,whole,IL,credit_card,0
0.0,126000.0,10.0,20.5,0.022179836512261582,0,30,10,0.0,20,whole,NJ,debt_consolidation,0
0.0,115000.0,10.0,27.72,0.22223173402349194,0,20,10,0.0,20,whole,IL,debt_consolidation,0
0.0,140000.0,10.0,9.89,0.49307926992453033,0,12,10,0.0,20,whole,CT,debt_consolidation,0
0.0,45000.0,2.0,4.99,0.755,0,12,10,0.0,20,fractional,VA,credit_card,0
0.0,65000.0,3.0,28.97,0.450562394771041,0,17,10,0.0,20,whole,TX,credit_card,0
0.0,77049.16,5.0,14.75,0.20912872934743848,1,18,10,0.0,20,whole,PA,home_improvement,0
0.0,186000.0,10.0,26.3,0.26757966466243027,0,18,10,0.0,20,whole,MO,debt_consolidation,0
0.0,20000.0,3.0,33.85,0.8991354105231456,0,8,10,0.0,20,whole,NY,major_purchase,0
0.0,15599.0,6.0,10.08,0.7856818181818181,0,41,10,0.0,20,fractional,WV,debt_consolidation,0
0.0,125000.0,2.0,15.62,0.6487517210288402,1,10,10,0.0,20,fractional,PA,credit_card,0
0.0,44000.0,5.0,23.51,0.47314285714285714,0,13,10,0.0,20,whole,NY,credit_card,0
0.0,176000.0,9.0,27.54,0.27514508275320987,0,28,10,0.0,20,whole,NY,debt_consolidation,0
0.0,33000.0,6.0,7.89,0.3935643564356436,0,6,10,0.0,20,whole,CT,major_purchase,0
0.0,190000.0,6.0,9.79,0.4712087570304198,4,23,10,0.0,20,whole,NJ,credit_card,0
0.0,92942.0,10.0,6.0,0.0779255088783023,1,18,10,0.0,20,whole,SC,debt_consolidation,0
0.0,95000.0,1.0,33.04,0.7877222408587722,0,8,10,0.0,20,fractional,CA,debt_consolidation,0
0.0,175265.0,2.0,14.7,0.08308538311397239,2,24,10,0.0,20,whole,NJ,home_improvement,0
0.0,76000.0,10.0,11.08,0.01873261205564142,0,15,10,0.0,20,whole,FL,medical,0
0.0,61500.0,2.0,11.4,0.2972189101221359,0,12,10,0.0,20,fractional,IL,home_improvement,0
0.0,92465.0,6.0,12.94,0.6231452255228768,0,12,10,0.0,20,fractional,CA,credit_card,0
0.0,66000.0,6.0,32.84,0.6644146055780951,0,14,10,0.0,20,fractional,GA,debt_consolidation,0
0.0,35000.0,2.0,17.5,0.8300314570644535,1,11,10,0.0,20,whole,TN,debt_consolidation,0
0.0,119216.0,10.0,23.91,0.2994625888461988,0,30,10,0.0,20,whole,FL,credit_card,0
0.0,54000.0,3.0,22.82,0.6103662469026849,0,18,10,0.0,20,whole,FL,debt_consolidation,0
0.0,117000.0,5.0,14.57,0.2526127483287826,0,26,10,0.0,20,whole,NV,home_improvement,0
0.0,205000.0,10.0,3.81,0.1575665181867988,0,16,10,0.0,20,whole,MI,major_purchase,0
0.0,65000.0,5.0,8.57,1.002777153078142,1,18,10,0.0,20,fractional,NY,debt_consolidation,0
0.0,65000.0,10.0,25.15,0.12021792341097513,0,21,10,0.0,20,whole,MI,credit_card,0
0.0,72612.0,10.0,12.38,0.0690471061919043,1,15,10,0.0,20,fractional,CA,debt_consolidation,0
0.0,190000.0,10.0,15.97,0.09917048858262796,3,23,10,0.0,20,whole,IL,credit_card,0
0.0,76000.0,2.0,35.73,0.1890049977283053,0,15,10,0.0,20,fractional,UT,debt_consolidation,0
0.0,60000.0,8.0,6.96,0.5065770171149144,0,11,10,0.0,20,whole,NJ,debt_consolidation,0
0.0,30000.0,2.0,13.36,0.25502369668246444,3,20,10,0.0,20,whole,AZ,debt_consolidation,0
0.0,240000.0,7.0,15.64,0.11841277581372668,0,19,10,0.0,20,whole,NC,credit_card,0
0.0,84800.0,0.0,30.06,0.28474756207646246,0,24,10,0.0,20,whole,VA,credit_card,0
0.0,91100.0,10.0,10.7,0.09866209880995312,0,13,10,0.0,20,whole,FL,credit_card,0
0.0,58000.0,5.0,27.29,0.5648664301744734,0,14,10,0.0,20,whole,TX,debt_consolidation,0
0.0,25000.0,3.0,29.81,0.7743309240085954,0,4,10,0.0,20,whole,FL,debt_consolidation,0
0.0,76751.0,10.0,28.61,0.1054443965151733,0,23,10,0.0,20,whole,MO,debt_consolidation,0
0.0,75000.0,3.0,15.84,0.1548397237665342,0,12,10,0.0,20,fractional,OH,credit_card,0
0.0,68000.0,8.0,7.45,0.09053711563711869,0,31,10,0.0,20,whole,KS,credit_card,0
0.0,51000.0,10.0,19.13,0.8397302613093566,0,16,10,0.0,20,fractional,AL,debt_consolidation,0
0.0,70000.0,10.0,31.49,0.5724347308028173,0,17,10,0.0,20,whole,OH,debt_consolidation,0
0.0,79982.0,10.0,6.9,0.03811179084877119,0,28,10,0.0,20,whole,MD,debt_consolidation,0
0.0,210000.0,2.0,22.26,1.00394287109375,0,18,10,0.0,20,whole,NJ,credit_card,0
0.0,103000.0,5.0,11.92,0.6240436485959838,0,20,10,0.0,20,whole,FL,credit_card,0
0.0,112000.0,10.0,23.45,0.1596407753353466,0,17,10,0.0,20,whole,IN,debt_consolidation,0
0.0,46000.0,3.0,12.78,0.8745,0,7,10,0.0,20,whole,CA,major_purchase,0
0.0,74000.0,3.0,12.13,0.11698788482475851,1,18,10,0.0,20,whole,VA,debt_consolidation,0
0.0,119000.0,7.0,11.49,0.07439204548280716,0,31,10,0.0,20,fractional,SC,other,0
0.0,60000.0,10.0,15.66,0.14256983240223464,0,14,10,0.0,20,whole,GA,credit_card,0
0.0,24000.0,1.0,39.55,0.8025570480660301,1,32,10,0.0,20,fractional,NE,debt_consolidation,0
0.0,90000.0,10.0,23.06,0.43566918501961915,1,20,10,0.0,20,whole,PA,debt_consolidation,0
0.0,87500.0,0.0,5.6,0.07678045841155068,0,13,10,0.0,20,fractional,WA,other,0
0.0,74000.0,9.0,18.16,0.6679162176092966,0,11,10,0.0,20,fractional,MO,debt_consolidation,0
0.0,189000.0,2.0,26.14,0.38779419868345405,8,24,10,0.0,20,whole,TN,debt_consolidation,0
0.0,46000.0,6.0,11.32,0.5016819501405465,0,23,10,0.0,20,whole,NY,credit_card,0
0.0,75000.0,6.0,19.75,0.08142536278693886,0,17,10,0.0,20,fractional,NJ,debt_consolidation,0
0.0,91000.0,10.0,36.54,0.8346472993254783,0,14,10,0.0,20,whole,NC,debt_consolidation,0
0.0,105000.0,3.0,30.37,0.5568553949183418,0,7,10,0.0,20,whole,NJ,debt_consolidation,0
0.0,80000.0,8.0,13.97,0.2635198848999193,0,20,10,0.0,20,whole,PA,home_improvement,0
0.0,80000.0,10.0,17.71,0.2782937861857539,0,25,10,0.0,20,whole,TX,other,0
0.0,84000.0,10.0,15.3,0.7342921163343699,0,13,10,0.0,20,fractional,RI,debt_consolidation,0
0.0,59000.0,5.0,24.82,0.9643319188573795,0,14,10,0.0,20,fractional,AZ,debt_consolidation,0
0.0,210000.0,10.0,19.68,0.3542437230997939,0,27,10,0.0,20,whole,RI,debt_consolidation,0
0.0,52000.0,1.0,16.64,0.35407127533540395,0,9,10,0.0,20,whole,CA,credit_card,0
0.0,136000.0,4.0,4.67,0.35384615384615387,0,11,10,0.0,20,whole,CA,debt_consolidation,0
0.0,65000.0,10.0,16.45,0.18306491495903843,0,13,10,0.0,20,whole,KY,credit_card,0
0.0,42000.0,1.0,10.74,0.49845061693616544,1,5,10,0.0,20,whole,MN,house,0
0.0,113500.0,10.0,31.08,0.5902342581581808,0,14,10,0.0,20,whole,NY,credit_card,1
0.0,200000.0,9.0,8.38,0.8841926894214476,1,22,10,0.0,20,whole,CA,credit_card,0
0.0,68000.0,8.0,16.7,0.20697160385231297,2,23,10,0.0,20,fractional,CA,debt_consolidation,0
0.0,35000.0,2.0,24.69,0.5147205688491192,0,19,10,0.0,20,fractional,NY,debt_consolidation,0
0.0,100000.0,10.0,14.63,0.2716380569494859,0,18,10,0.0,20,whole,TX,debt_consolidation,0
0.0,190000.0,10.0,9.35,0.14050549243020363,0,11,10,0.0,20,whole,AZ,debt_consolidation,0
0.0,42000.0,6.0,27.08,0.6993854748603352,0,16,10,0.0,20,fractional,SC,debt_consolidation,0
0.0,270000.0,1.0,22.89,0.2636691537110996,2,14,10,0.0,20,fractional,TX,debt_consolidation,0
0.0,68000.0,0.0,29.0,0.8837033636455393,0,17,10,0.0,20,whole,NY,credit_card,0
0.0,95000.0,2.0,7.3,0.022921150459792605,0,13,10,0.0,20,whole,NV,debt_consolidation,0
0.0,50000.0,0.0,17.33,0.8565277060801028,0,21,10,0.0,20,fractional,MA,debt_consolidation,0
0.0,145000.0,10.0,30.78,0.39842163254927687,1,32,10,0.0,20,whole,PA,debt_consolidation,0
0.0,40000.0,7.0,14.65,0.5857954545454546,0,12,10,0.0,20,whole,WA,debt_consolidation,0
0.0,163000.0,2.0,4.98,0.19073158273548327,0,19,10,0.0,20,whole,VA,house,0
0.0,55120.0,1.0,15.2,0.5888396624472574,0,13,10,0.0,20,whole,NJ,debt_consolidation,0
0.0,136000.0,1.0,8.07,0.47213341000575043,0,12,10,0.0,20,whole,NY,credit_card,0
0.0,275000.0,10.0,16.43,0.556414390809231,0,20,10,0.0,20,whole,CA,debt_consolidation,0
0.0,72000.0,10.0,8.18,0.04161058505907263,0,16,10,0.0,20,whole,NY,home_improvement,0
0.0,67600.0,10.0,17.84,0.2209106978510803,0,14,10,0.0,20,whole,NY,debt_consolidation,0
0.0,50000.0,1.0,8.69,0.6119607843137255,0,11,10,0.0,20,fractional,OH,other,0
0.0,42000.0,10.0,18.8,0.4434056399132321,0,19,10,0.0,20,whole,CA,debt_consolidation,0
0.0,142780.0,2.0,16.79,0.5928690193734003,1,24,10,0.0,20,fractional,OH,debt_consolidation,0
0.0,75000.0,5.0,25.74,0.253859657405778,0,12,10,0.0,20,whole,MN,debt_consolidation,0
0.0,121000.0,2.0,18.53,0.10999723985647254,0,25,10,0.0,20,whole,TX,debt_consolidation,0
0.0,30000.0,0.0,23.8,0.6892276520816247,0,9,10,0.0,20,whole,OR,debt_consolidation,0
0.0,66000.0,6.0,15.11,0.07247530040053404,0,39,10,0.0,20,whole,NY,other,0
0.0,51754.0,10.0,25.14,0.883234126984127,0,24,10,0.0,20,fractional,CA,credit_card,0
0.0,65000.0,9.0,17.87,0.12192550729519497,0,12,10,0.0,20,whole,TX,credit_card,0
0.0,225000.0,7.0,4.67,0.49908456167571763,0,19,10,0.0,20,whole,WA,home_improvement,0
0.0,57000.0,10.0,21.43,0.2757258064516129,1,24,10,0.0,20,fractional,NY,other,0
0.0,200000.0,10.0,16.18,0.3143717115324805,0,31,10,0.0,20,whole,TX,debt_consolidation,0
0.0,62000.0,10.0,24.99,0.18370892826423532,0,21,10,0.0,20,whole,MO,credit_card,0
0.0,50000.0,10.0,20.09,0.13294070405568198,10,20,10,0.0,20,whole,PA,other,0
0.0,50000.0,6.0,10.73,0.0680565167243368,0,28,10,0.0,20,whole,CT,debt_consolidation,0
0.0,45000.0,4.0,33.14,0.9703203964876016,0,15,10,0.0,20,whole,CO,moving,0
0.0,80000.0,7.0,13.76,0.09846330970659191,0,42,10,0.0,20,whole,VA,debt_consolidation,0
0.0,120000.0,9.0,14.73,0.5695843930077584,0,11,10,0.0,20,whole,PA,debt_consolidation,0
0.0,100000.0,6.0,28.23,0.1777437895191224,0,33,10,0.0,20,whole,IL,debt_consolidation,0
0.0,60960.0,6.0,15.93,0.08764348858688481,0,31,10,0.0,20,whole,WA,credit_card,0
0.0,95000.0,8.0,21.05,0.18517263011061885,0,9,10,0.0,20,whole,CA,debt_consolidation,0
0.0,130000.0,10.0,24.3,0.40648048140719023,0,27,10,0.0,20,fractional,IL,credit_card,0
0.0,124730.0,5.0,13.83,0.1339700686086711,0,27,10,0.0,20,whole,FL,debt_consolidation,0
0.0,69000.0,10.0,8.63,0.1796966542588848,0,13,10,0.0,20,whole,PA,debt_consolidation,0
0.0,80000.0,5.0,30.24,0.33800724396379045,0,12,10,0.0,20,whole,VT,debt_consolidation,0
0.0,44000.0,6.0,27.83,0.6629300848830428,0,28,10,0.0,20,whole,MA,credit_card,0
0.0,75000.0,10.0,15.82,0.1870007066782892,0,16,10,0.0,20,whole,NY,credit_card,0
0.0,36000.0,5.0,18.77,0.649198079476964,0,17,10,0.0,20,fractional,TX,debt_consolidation,0
0.0,72000.0,7.0,34.48,0.19812870978712216,1,25,10,0.0,20,whole,TX,debt_consolidation,0
0.0,65000.0,5.0,13.18,0.05267775864527238,0,14,10,0.0,20,whole,NC,small_business,0
0.0,40000.0,6.0,26.79,0.16465623173465022,0,12,10,0.0,20,fractional,KY,credit_card,0
0.0,51000.0,3.0,14.85,0.19871941665662288,0,18,10,0.0,20,whole,FL,debt_consolidation,0
0.0,79200.0,6.0,18.65,0.3846861482452878,0,14,10,0.0,20,whole,CA,other,0
0.0,148600.0,10.0,12.84,0.1878808229262182,0,15,10,0.0,20,whole,NH,debt_consolidation,0
0.0,56000.0,2.0,10.28,0.45475132097626436,0,14,10,0.0,20,fractional,CA,debt_consolidation,0
0.0,50000.0,10.0,31.2,0.21935019015216944,0,14,10,0.0,20,fractional,OH,credit_card,0
0.0,85000.0,0.0,8.89,0.415766081871345,0,17,10,0.0,20,whole,GA,other,0
0.0,175000.0,10.0,15.5,0.16830619341211633,0,24,10,0.0,20,whole,CA,credit_card,0
0.0,70000.0,0.0,15.02,0.5569176882661997,1,23,10,0.0,20,whole,TX,credit_card,0
0.0,75000.0,0.0,14.13,0.1086685104701699,1,22,10,0.0,20,whole,PA,debt_consolidation,0
0.0,60000.0,3.0,16.46,0.5651599957756891,0,5,10,0.0,20,whole,NY,debt_consolidation,0
0.0,120000.0,1.0,7.5,0.05289288016617721,0,15,10,0.0,20,fractional,FL,major_purchase,0
0.0,225000.0,10.0,20.53,0.18452001283610592,0,27,10,0.0,20,whole,CA,debt_consolidation,0
0.0,35000.0,8.0,20.82,0.4255540526480075,0,4,10,0.0,20,whole,AZ,debt_consolidation,0
0.0,85000.0,1.0,11.92,0.7897831259150805,0,22,10,0.0,20,whole,CO,credit_card,0
0.0,185000.0,3.0,3.06,0.12019675615012208,0,12,10,0.0,20,whole,KY,debt_consolidation,0
0.0,32112.0,6.0,18.61,0.3596382428940568,0,11,10,0.0,20,whole,CA,debt_consolidation,0
0.0,45000.0,6.0,18.11,0.6872270693612195,0,17,10,0.0,20,whole,OH,debt_consolidation,0
0.0,99000.0,10.0,26.5,0.2702975573871399,0,12,10,0.0,20,whole,AZ,debt_consolidation,0
0.0,30000.0,3.0,12.6,1.0427952220487844,0,15,10,0.0,20,whole,NY,credit_card,0
0.0,46000.0,1.0,22.46,0.450681466910215,0,15,10,0.0,20,fractional,KY,major_purchase,0
0.0,54000.0,6.0,12.42,0.2734980503538247,0,24,10,0.0,20,whole,NY,credit_card,0
0.0,135000.0,1.0,11.8,0.14242381898552553,0,24,10,0.0,20,fractional,NC,home_improvement,0
0.0,54000.0,10.0,8.22,0.878186858236052,0,25,10,0.0,20,whole,OH,debt_consolidation,0
0.0,90000.0,1.0,11.84,0.06972673759504418,0,20,10,0.0,20,whole,OK,house,0
0.0,65000.0,2.0,5.99,0.42475308641975307,0,5,10,0.0,20,fractional,NY,credit_card,0
0.0,60000.0,3.0,19.42,0.4934969904402219,0,14,10,0.0,20,whole,KY,credit_card,0
0.0,80000.0,10.0,9.17,0.4297505158506847,0,21,10,0.0,20,fractional,FL,home_improvement,0
0.0,133000.0,10.0,28.05,0.33785767336752404,0,15,10,0.0,20,fractional,IL,credit_card,0
0.0,70000.0,0.0,25.48,0.8566457055383633,0,6,10,0.0,20,whole,OH,debt_consolidation,0
0.0,30000.0,10.0,19.08,0.43065527065527065,0,18,10,0.0,20,whole,WA,debt_consolidation,0
0.0,105000.0,5.0,22.7,0.20428380801627266,0,13,10,0.0,20,whole,MN,debt_consolidation,0
0.0,80000.0,10.0,34.28,0.5375892010579371,0,21,10,0.0,20,whole,CA,other,0
0.0,32000.0,0.0,21.01,0.5188884276330248,0,11,10,0.0,20,fractional,CO,debt_consolidation,0
0.0,40000.0,10.0,16.59,0.7734430559788682,2,15,10,0.0,20,whole,AZ,credit_card,0
0.0,175000.0,2.0,25.43,0.19136466745924377,0,28,10,0.0,20,fractional,CA,other,0
0.0,37000.0,10.0,23.78,0.5560636182902584,1,13,10,0.0,20,whole,NC,debt_consolidation,0
0.0,140000.0,10.0,6.53,0.5276923076923077,1,27,10,0.0,20,whole,TX,credit_card,0
0.0,62000.0,10.0,17.79,0.14936708860759493,0,12,10,0.0,20,whole,VA,debt_consolidation,0
0.0,101255.0,10.0,27.85,0.3213680987120598,0,14,10,0.0,20,fractional,TX,debt_consolidation,0
0.0,120000.0,10.0,25.65,0.15987058370893695,0,8,10,0.0,20,whole,VA,home_improvement,0
0.0,50000.0,3.0,0.6,0.012162162162162163,0,4,10,0.0,20,fractional,MD,debt_consolidation,0
0.0,77000.0,10.0,11.92,0.5796953405017922,0,23,10,0.0,20,whole,WI,credit_card,0
0.0,18700.0,6.0,20.28,0.3991795519091196,0,17,10,0.0,20,whole,AL,debt_consolidation,0
0.0,68700.0,5.0,13.4,0.8633479991619526,0,12,10,0.0,20,whole,HI,debt_consolidation,0
0.0,45000.0,2.0,20.11,0.5725746316628526,0,7,10,0.0,20,whole,OH,debt_consolidation,0
0.0,80000.0,8.0,0.0,0.0,0,18,10,0.0,20,whole,TX,house,0
0.0,170000.0,10.0,8.67,0.12298520029593217,0,17,10,0.0,20,whole,MS,debt_consolidation,0
0.0,101000.0,10.0,20.72,0.12491260297369189,0,15,10,0.0,20,whole,FL,home_improvement,0
0.0,31000.0,10.0,28.34,0.5623081645181093,0,18,10,0.0,20,whole,CA,debt_consolidation,0
0.0,50000.0,8.0,15.91,0.2114185369196505,0,8,10,0.0,20,whole,KY,debt_consolidation,0
0.0,25200.0,6.0,2.0,0.02531707317073171,0,14,10,0.0,20,whole,CA,other,0
0.0,85000.0,10.0,10.77,0.6586178861788617,0,20,10,0.0,20,whole,NY,credit_card,0
0.0,65000.0,2.0,20.61,0.7115183743234261,0,20,10,0.0,20,fractional,TX,credit_card,0
0.0,92000.0,6.0,11.52,0.09499699840253965,0,14,10,0.0,20,fractional,NC,debt_consolidation,0
0.0,167000.0,1.0,8.99,0.1876230405455104,0,8,10,0.0,20,whole,NY,other,0
0.0,75250.0,10.0,25.36,0.5457398284984492,1,19,10,0.0,20,whole,NC,debt_consolidation,0
0.0,116000.0,1.0,8.83,0.033905891057229895,0,13,10,0.0,20,whole,TN,debt_consolidation,0
0.0,59000.0,6.0,10.92,0.27406871609403255,0,44,10,0.0,20,whole,VA,medical,0
0.0,47000.0,1.0,18.03,0.5742697503359502,0,11,10,0.0,20,whole,FL,major_purchase,0
0.0,50000.0,10.0,3.07,0.49683544303797467,0,6,10,0.0,20,whole,NV,debt_consolidation,0
0.0,76000.0,6.0,18.88,0.3106367401102798,0,7,10,0.0,20,whole,CA,credit_card,0
0.0,151000.0,4.0,5.5,0.060581445594907676,0,28,10,0.0,20,whole,CA,debt_consolidation,0
0.0,61000.0,10.0,30.45,0.25041137096353877,0,24,10,0.0,20,whole,LA,other,0
0.0,21000.0,3.0,17.43,0.7561021170610212,0,16,10,0.0,20,whole,FL,debt_consolidation,0
0.0,55000.0,10.0,18.92,0.5080631700584195,0,19,10,0.0,20,whole,AL,credit_card,0
0.0,81000.0,4.0,16.13,0.5471212277268513,0,13,10,0.0,20,whole,OH,credit_card,0
0.0,82000.0,6.0,10.87,0.5062368803487809,0,16,10,0.0,20,whole,NV,other,0
0.0,100000.0,0.0,22.84,0.11793585630652674,0,9,10,0.0,20,whole,PA,car,0
0.0,50000.0,10.0,21.1,0.43826783114992723,0,16,10,0.0,20,fractional,CA,credit_card,0
0.0,45700.0,7.0,25.53,0.10485615650172612,0,12,10,0.0,20,whole,OR,debt_consolidation,0
0.0,25356.0,6.0,18.6,0.39252559726962455,1,4,10,0.0,20,whole,NY,debt_consolidation,0
0.0,120000.0,6.0,28.86,0.542867464076423,0,31,10,0.0,20,fractional,CA,debt_consolidation,0
0.0,90000.0,10.0,11.1,0.029722802131986463,4,33,10,0.0,20,fractional,MA,debt_consolidation,0
0.0,22000.0,6.0,10.47,0.11905013192612138,0,10,10,0.0,20,whole,SC,debt_consolidation,0
0.0,200000.0,10.0,27.64,0.09013135249005218,0,18,10,0.0,20,whole,TX,credit_card,0
0.0,40000.0,1.0,19.44,0.24094145569620254,0,32,10,0.0,20,whole,CA,credit_card,0
0.0,13000.0,4.0,16.44,0.396253164556962,0,4,10,0.0,20,whole,NJ,credit_card,0
0.0,31000.0,0.0,25.01,1.052999303499913,0,10,10,0.0,20,whole,IN,debt_consolidation,0
0.0,108407.0,0.0,7.07,0.6107381027990746,0,20,10,0.0,20,whole,CA,major_purchase,0
0.0,75000.0,5.0,13.52,0.23319302465423933,0,16,10,0.0,20,whole,TX,credit_card,0
0.0,54000.0,6.0,11.36,0.055503409481137474,0,13,10,0.0,20,whole,AZ,debt_consolidation,0
0.0,41000.0,1.0,37.62,0.5674030861196636,0,14,10,0.0,20,whole,VT,debt_consolidation,0
0.0,61000.0,4.0,22.57,0.5437163826685875,0,13,10,0.0,20,whole,CA,other,0
0.0,90000.0,5.0,21.27,0.06766657301549567,0,4,10,0.0,20,whole,CO,debt_consolidation,0
0.0,70000.0,6.0,28.43,0.0,0,15,10,0.0,20,fractional,VT,other,0
0.0,100000.0,3.0,27.33,0.35608653565589526,2,15,10,0.0,20,whole,TX,debt_consolidation,0
0.0,98000.0,10.0,12.86,0.1661434809731753,0,25,10,0.0,20,whole,MO,credit_card,0
0.0,90000.0,6.0,20.29,0.17509242430501054,0,20,10,0.0,20,whole,NH,debt_consolidation,0
0.0,45000.0,0.0,13.2,0.8786813186813187,0,5,10,0.0,20,fractional,OR,credit_card,0
0.0,315000.0,10.0,20.11,0.8949284546197874,0,24,10,0.0,20,whole,CA,debt_consolidation,0
0.0,90000.0,0.0,19.57,0.5611173921236103,0,16,10,0.0,20,whole,FL,other,0
0.0,57500.0,0.0,15.24,0.8836560025630463,0,14,10,0.0,20,whole,ND,debt_consolidation,0
0.0,188454.0,10.0,21.85,0.2274336258461779,0,16,10,0.0,20,whole,AR,credit_card,0
0.0,127000.0,6.0,32.56,0.3081869604048824,0,24,10,0.0,20,whole,OH,debt_consolidation,0
0.0,234000.0,10.0,12.95,0.1705215688601436,0,24,10,0.0,20,whole,CA,debt_consolidation,0
0.0,89000.0,4.0,11.24,0.1211500512077536,0,22,10,0.0,20,whole,CA,house,0
0.0,60000.0,10.0,16.74,0.09249543750665158,1,15,10,0.0,20,whole,NC,home_improvement,0
0.0,90000.0,0.0,24.43,0.22265225859458737,0,23,10,0.0,20,whole,WV,debt_consolidation,0
0.0,58000.0,10.0,22.26,0.8219780219780219,0,28,10,0.0,20,whole,CT,debt_consolidation,0
0.0,90000.0,4.0,10.44,0.2913950550966187,0,7,10,0.0,20,whole,TX,small_business,0
0.0,122000.0,6.0,11.45,0.19020438379904012,0,17,10,0.0,20,whole,IL,debt_consolidation,0
0.0,100000.0,0.0,8.1,1.0855525920309772,0,11,10,0.0,20,fractional,CO,debt_consolidation,0
0.0,103000.0,6.0,17.41,0.20883793491274535,0,13,10,0.0,20,whole,NJ,credit_card,0
0.0,52000.0,5.0,15.65,0.6775655394211091,0,8,10,0.0,20,whole,OH,debt_consolidation,0
0.0,70000.0,10.0,12.31,0.05916757235438554,0,18,10,0.0,20,fractional,MS,credit_card,0
0.0,108000.0,6.0,23.25,0.41023050654524756,0,31,10,0.0,20,whole,NC,debt_consolidation,0
0.0,54000.0,9.0,4.56,0.1313217391304348,0,20,10,0.0,20,fractional,IN,home_improvement,0
0.0,75000.0,10.0,21.01,0.2199233311302049,0,18,10,0.0,20,whole,OH,debt_consolidation,0
0.0,110000.0,5.0,5.48,0.06240146540088695,0,11,10,0.0,20,fractional,CA,debt_consolidation,0
0.0,140000.0,10.0,10.48,0.7549791666666666,0,16,10,0.0,20,fractional,NY,credit_card,0
0.0,40765.0,10.0,37.94,0.6281496098960332,0,16,10,0.0,20,whole,NY,credit_card,0
0.0,75000.0,1.0,16.54,0.11936155863619333,0,11,10,0.0,20,whole,CA,small_business,0
0.0,107000.0,10.0,19.54,0.11467419448124659,2,26,10,0.0,20,whole,CA,debt_consolidation,0
0.0,76000.0,1.0,3.66,0.3634931506849315,1,11,10,0.0,20,whole,VA,credit_card,0
0.0,120000.0,10.0,11.74,0.09523256938400541,1,22,10,0.0,20,whole,IL,debt_consolidation,0
0.0,37000.0,5.0,11.06,0.18837189991142603,0,13,10,0.0,20,fractional,TX,debt_consolidation,0
0.0,60000.0,6.0,1.1,0.5714705882352941,0,23,10,0.0,20,whole,FL,credit_card,0
0.0,85000.0,7.0,20.43,0.2629529475392104,0,11,10,0.0,20,whole,VA,debt_consolidation,0
0.0,105000.0,2.0,36.81,0.6020086907015333,0,20,10,0.0,20,whole,IL,debt_consolidation,0
0.0,150000.0,5.0,14.32,0.5626446280991736,0,26,10,0.0,20,whole,TX,debt_consolidation,0
0.0,97000.0,10.0,15.72,0.888589004615506,0,21,10,0.0,20,whole,CA,home_improvement,0
0.0,93000.0,10.0,13.56,0.6078858024691358,0,11,10,0.0,20,fractional,MA,debt_consolidation,0
0.0,86000.0,10.0,36.84,0.7461924213742486,1,16,10,0.0,20,whole,OH,small_business,0
0.0,72000.0,6.0,11.82,0.18081057909961698,0,29,10,0.0,20,fractional,NE,home_improvement,0
0.0,110000.0,10.0,1.15,0.030734797297297296,0,24,10,0.0,20,whole,DC,medical,0
0.0,123500.0,9.0,20.96,0.17059953493074512,0,28,10,0.0,20,whole,NE,other,0
0.0,65000.0,3.0,13.35,0.5115365853658537,0,20,10,0.0,20,whole,FL,debt_consolidation,0
0.0,92000.0,5.0,16.98,0.8384219159160887,0,20,10,0.0,20,whole,FL,other,0
0.0,78000.0,7.0,11.34,0.21722766969690202,0,17,10,0.0,20,whole,WV,credit_card,0
0.0,155000.0,6.0,19.46,0.12118199359232522,0,39,10,0.0,20,whole,CA,debt_consolidation,0
0.0,21120.0,6.0,27.33,0.5713069793833933,0,36,10,0.0,20,fractional,CO,home_improvement,0
0.0,120000.0,10.0,37.55,0.38718337004405284,0,24,10,0.0,20,whole,WV,debt_consolidation,0
0.0,113000.0,3.0,18.37,0.7260557749618395,0,25,10,0.0,20,whole,CA,debt_consolidation,0
0.0,33000.0,10.0,28.62,0.3089060626517678,0,13,10,0.0,20,whole,MS,debt_consolidation,0
0.0,45000.0,1.0,23.94,0.3486677734973162,0,9,10,0.0,20,whole,FL,debt_consolidation,0
0.0,85500.0,10.0,12.37,0.1376731276137962,0,28,10,0.0,20,whole,TX,home_improvement,0
0.0,24000.0,0.0,16.15,0.7289895765221739,0,13,10,0.0,20,whole,TX,other,0
0.0,87000.0,2.0,16.76,0.968468748335789,4,13,10,0.0,20,whole,MS,debt_consolidation,0
0.0,84000.0,10.0,26.89,0.26513938594838954,0,20,10,0.0,20,whole,IL,debt_consolidation,0
0.0,135000.0,10.0,14.05,0.12448373065133972,0,13,10,0.0,20,whole,CA,debt_consolidation,0
0.0,132000.0,1.0,6.35,0.5187830007413347,0,5,10,0.0,20,whole,MO,house,0
0.0,182200.0,0.0,15.97,0.7737536470886718,0,16,10,0.0,20,whole,CA,debt_consolidation,0
0.0,51000.0,3.0,10.68,0.11445182649328624,0,12,10,0.0,20,whole,MN,debt_consolidation,0
0.0,150000.0,2.0,15.85,0.48033671969842184,0,20,10,0.0,20,fractional,TN,credit_card,0
0.0,48300.0,2.0,33.89,0.5730533258966463,0,10,10,0.0,20,whole,CA,debt_consolidation,0
0.0,34000.0,1.0,8.34,0.5915833333333333,0,6,10,0.0,20,fractional,FL,other,0
0.0,65000.0,4.0,25.04,0.32597781716402946,0,10,10,0.0,20,whole,OH,debt_consolidation,0
0.0,176000.0,10.0,8.69,0.8104037375357367,0,12,10,0.0,20,whole,CA,debt_consolidation,0
0.0,89000.0,10.0,14.65,0.2629839875486695,0,8,10,0.0,20,whole,IN,renewable_energy,0
0.0,264000.0,10.0,9.95,0.15125077559868363,0,29,10,0.0,20,whole,TX,debt_consolidation,0
0.0,24000.0,6.0,24.45,0.8451295336787564,0,14,10,0.0,20,whole,ND,debt_consolidation,0
0.0,25000.0,0.0,2.88,0.03701298701298701,0,30,10,0.0,20,whole,NY,debt_consolidation,0
0.0,50000.0,6.0,30.95,0.5802389705882353,0,17,10,0.0,20,whole,IL,debt_consolidation,0
0.0,125000.0,0.0,18.83,0.15113811135035374,0,32,10,0.0,20,whole,IL,debt_consolidation,0
0.0,42640.0,4.0,5.94,0.7860784313725491,0,14,10,0.0,20,fractional,NY,debt_consolidation,0
0.0,95800.0,9.0,7.27,0.2571563981042654,0,12,10,0.0,20,whole,CT,home_improvement,0
0.0,50000.0,0.0,17.31,0.8384719663526713,0,13,10,0.0,20,whole,AR,debt_consolidation,0
0.0,66500.0,3.0,37.01,0.5074107959743824,0,9,10,0.0,20,whole,CA,debt_consolidation,0
0.0,85000.0,0.0,21.56,0.5231296541165008,0,15,10,0.0,20,whole,KS,credit_card,0
0.0,41600.0,3.0,14.05,0.19142652971614046,0,19,10,0.0,20,whole,AL,home_improvement,0
0.0,75000.0,10.0,28.45,0.2118522217534676,0,15,10,0.0,20,whole,MI,debt_consolidation,0
0.0,111400.0,1.0,28.03,0.7076933807630607,0,4,10,0.0,20,fractional,MD,debt_consolidation,0
0.0,58500.0,5.0,6.43,0.3545261437908497,0,4,10,0.0,20,whole,CA,debt_consolidation,0
0.0,60000.0,0.0,4.12,0.3310989010989011,0,22,10,0.0,20,whole,FL,car,0
0.0,54105.0,4.0,10.65,0.06773211567732115,13,15,10,0.0,20,whole,MD,vacation,0
0.0,115859.0,0.0,19.76,0.39450427303704516,0,12,10,0.0,20,whole,SC,other,0
0.0,110000.0,10.0,20.93,0.1593241515932415,0,13,10,0.0,20,whole,IL,credit_card,0
0.0,45000.0,4.0,14.91,0.5049032426778243,0,23,10,0.0,20,whole,CO,credit_card,0
0.0,75000.0,1.0,13.25,0.15296073873175772,0,17,10,0.0,20,whole,IL,credit_card,0
0.0,62000.0,10.0,27.35,0.2477941668712204,0,25,10,0.0,20,whole,FL,debt_consolidation,0
0.0,95000.0,6.0,3.94,0.29301075268817206,0,27,10,0.0,20,whole,HI,debt_consolidation,0
0.0,110000.0,1.0,7.73,0.06087179384095843,0,13,10,0.0,20,whole,IN,home_improvement,0
0.0,82000.0,10.0,21.69,0.22903784813520794,0,37,10,0.0,20,whole,NJ,credit_card,0
0.0,125000.0,1.0,23.19,0.23671483942023255,0,16,10,0.0,20,whole,CT,debt_consolidation,0
0.0,90000.0,6.0,13.89,0.1658394217266662,0,7,10,0.0,20,whole,FL,credit_card,0
0.0,55000.0,10.0,2.01,0.03804511278195489,0,5,10,0.0,20,whole,NC,house,0
0.0,68800.0,10.0,25.76,0.35790929738776023,2,14,10,0.0,20,whole,IL,credit_card,0
0.0,49000.0,4.0,8.4,0.8360198388096715,0,8,10,0.0,20,whole,PA,debt_consolidation,0
0.0,81600.0,10.0,7.18,0.49361610041116644,1,13,10,0.0,20,whole,SC,debt_consolidation,0
0.0,45300.0,10.0,17.43,0.16655757823685827,0,37,10,0.0,20,whole,WV,debt_consolidation,0
0.0,124000.0,10.0,28.56,0.2900529545099265,0,20,10,0.0,20,whole,MO,debt_consolidation,0
0.0,95000.0,10.0,35.95,0.4181879225357486,0,31,10,0.0,20,whole,GA,debt_consolidation,0
0.0,85000.0,4.0,13.63,0.6079879224525792,0,10,10,0.0,20,whole,CA,other,0
0.0,500000.0,1.0,8.52,0.07380783155494035,0,25,10,0.0,20,whole,CA,debt_consolidation,0
0.0,36400.0,1.0,30.16,0.8499549909702381,0,12,10,0.0,20,whole,CA,major_purchase,0
0.0,150000.0,4.0,21.05,0.34970307384829186,0,27,10,0.0,20,whole,MI,credit_card,0
0.0,95000.0,4.0,14.74,0.09976841838881581,0,7,10,0.0,20,whole,NY,debt_consolidation,0
0.0,62914.0,10.0,37.19,0.904234674689733,0,44,10,0.0,20,whole,CA,major_purchase,0
0.0,76000.0,6.0,12.37,0.7718653057139998,0,18,10,0.0,20,whole,SC,debt_consolidation,0
0.0,152000.0,9.0,17.11,0.18424903812521862,1,15,10,0.0,20,whole,WV,home_improvement,0
0.0,85000.0,4.0,15.84,0.44364439006646605,0,26,10,0.0,20,whole,TX,debt_consolidation,0
0.0,33000.0,3.0,31.16,0.9921226137844675,0,13,10,0.0,20,fractional,LA,debt_consolidation,0
0.0,100000.0,10.0,19.61,0.716312191597182,0,16,10,0.0,20,whole,CA,debt_consolidation,0
0.0,54000.0,0.0,33.0,1.1304171344127962,0,15,10,0.0,20,whole,MI,credit_card,0
0.0,97000.0,1.0,16.59,0.12515196130319448,0,13,10,0.0,20,fractional,VA,debt_consolidation,0
0.0,48000.0,6.0,14.33,0.3195244113654449,0,5,10,0.0,20,fractional,CA,car,0
0.0,85000.0,10.0,12.25,0.46516532861613824,1,16,10,0.0,20,whole,CA,debt_consolidation,0
0.0,142000.0,10.0,20.6,0.2841022425174368,0,19,10,0.0,20,whole,OH,home_improvement,0
0.0,33000.0,6.0,26.22,0.6369428921902685,0,15,10,0.0,20,whole,IN,debt_consolidation,0
0.0,76000.0,10.0,19.55,0.17951942330796955,0,29,10,0.0,20,whole,FL,debt_consolidation,0
0.0,52000.0,3.0,25.99,0.17532834916144677,0,17,10,0.0,20,whole,NC,debt_consolidation,0
0.0,79000.0,7.0,8.6,0.7721051877328747,0,13,10,0.0,20,whole,NC,debt_consolidation,0
0.0,92000.0,10.0,22.24,0.5447020814272644,0,18,10,0.0,20,fractional,CA,debt_consolidation,0
0.0,19000.0,6.0,21.04,0.20356643356643356,0,28,10,0.0,20,whole,PA,credit_card,0
0.0,87000.0,5.0,22.32,0.7891424727009264,0,13,10,0.0,20,whole,CA,home_improvement,0
0.0,38400.0,6.0,26.19,0.08530016866531981,1,10,10,0.0,20,whole,NV,credit_card,0
0.0,72000.0,6.0,31.22,0.26257821650256274,2,35,10,0.0,20,whole,NC,debt_consolidation,0
0.0,35000.0,2.0,24.13,0.4909721674682646,0,25,10,0.0,20,whole,IN,debt_consolidation,0
0.0,43000.0,5.0,11.3,0.09632314197221473,0,11,10,0.0,20,whole,AL,debt_consolidation,0
0.0,145000.0,10.0,12.87,0.490974930362117,0,20,10,0.0,20,whole,NJ,debt_consolidation,0
0.0,75000.0,10.0,21.23,0.452279679270213,3,19,10,0.0,20,whole,MD,home_improvement,0
0.0,205000.0,10.0,12.36,0.1993324529388111,0,32,10,0.0,20,whole,NC,credit_card,0
0.0,80000.0,5.0,7.32,0.08319966832954993,2,15,10,0.0,20,whole,FL,debt_consolidation,0
0.0,780000.0,3.0,1.58,0.6577472742278789,0,16,10,0.0,20,whole,CA,medical,0
0.0,81000.0,10.0,20.24,0.13797694162730006,0,26,10,0.0,20,whole,MD,credit_card,0
0.0,48000.0,10.0,15.15,0.0934646441777979,0,15,10,0.0,20,whole,FL,home_improvement,0
0.0,90000.0,10.0,35.55,0.5346977057887471,0,21,10,0.0,20,whole,NJ,debt_consolidation,0
0.0,36000.0,10.0,26.33,0.7840599455040872,0,17,10,0.0,20,fractional,CO,major_purchase,0
0.0,109000.0,3.0,17.08,0.6173300029578992,0,14,10,0.0,20,whole,NY,credit_card,0
0.0,32000.0,10.0,36.08,0.655454359203591,0,7,10,0.0,20,whole,FL,debt_consolidation,0
0.0,107000.0,10.0,6.74,0.5281100917431193,0,8,10,0.0,20,fractional,CA,debt_consolidation,0
0.0,117000.0,10.0,13.42,0.4528219356128774,0,16,10,0.0,20,fractional,NY,debt_consolidation,0
0.0,56000.0,3.0,29.79,0.5948175890192202,0,10,10,0.0,20,whole,CO,medical,0
0.0,75000.0,0.0,31.04,0.7237527468055669,0,12,10,0.0,20,whole,CA,other,0
0.0,187000.0,6.0,23.33,0.37849332374915595,1,25,10,0.0,20,whole,LA,credit_card,0
0.0,75000.0,0.0,15.66,0.798005670468458,0,22,10,0.0,20,whole,CA,credit_card,0
0.0,350000.0,5.0,24.39,0.28466001736441987,0,19,10,0.0,20,whole,UT,debt_consolidation,0
0.0,77000.0,7.0,15.27,0.11214467005076142,0,16,10,0.0,20,whole,MA,debt_consolidation,0
0.0,250000.0,10.0,9.1,0.6263034800499411,0,13,10,0.0,20,whole,CT,credit_card,0
0.0,100000.0,10.0,7.96,0.11322728879462708,0,19,10,0.0,20,whole,TX,debt_consolidation,0
0.0,47000.0,10.0,17.88,0.05017036775937023,0,14,10,0.0,20,whole,MS,debt_consolidation,0
0.0,100000.0,0.0,17.86,0.23851058710298365,0,14,10,0.0,20,whole,CO,other,0
0.0,104000.0,10.0,13.97,0.06982647560299214,1,19,10,0.0,20,whole,CO,credit_card,0
0.0,36025.0,10.0,19.22,0.609056603773585,0,11,10,0.0,20,whole,UT,debt_consolidation,0
0.0,78000.0,10.0,23.91,0.5041688701855457,0,14,10,0.0,20,whole,MI,other,0
0.0,78000.0,10.0,16.6,0.625832236135623,0,16,10,0.0,20,whole,TX,credit_card,0
0.0,72000.0,6.0,9.16,0.4229965003411617,0,11,10,0.0,20,whole,CA,credit_card,0
0.0,39000.0,10.0,21.05,0.5260448800437166,1,13,10,0.0,20,fractional,NY,debt_consolidation,0
0.0,112000.0,3.0,10.42,0.09696301990956252,0,25,10,0.0,20,whole,FL,debt_consolidation,0
0.0,99000.0,6.0,26.84,0.07145721659110321,0,17,10,0.0,20,fractional,CO,debt_consolidation,0
0.0,160000.0,10.0,31.58,0.45085427690978547,0,19,10,0.0,20,whole,AR,debt_consolidation,0
0.0,120850.0,10.0,27.88,0.3780869088992627,0,13,10,0.0,20,whole,NJ,credit_card,0
0.0,150000.0,4.0,21.97,0.591237622960118,0,23,10,0.0,20,whole,AZ,debt_consolidation,0
0.0,120000.0,0.0,6.74,0.2356366395592432,0,13,10,0.0,20,whole,NJ,debt_consolidation,0
0.0,44000.0,10.0,21.71,0.45970328789093823,0,20,10,0.0,20,whole,IN,debt_consolidation,0
0.0,12480.0,1.0,8.65,0.06936,0,6,10,0.0,20,whole,OR,major_purchase,0
0.0,97000.0,2.0,28.24,0.44780674980378476,0,20,10,0.0,20,whole,HI,debt_consolidation,0
0.0,35000.0,6.0,19.43,0.6510975609756098,0,24,10,0.0,20,whole,CA,debt_consolidation,0
0.0,72000.0,10.0,27.85,0.30844678895907907,0,15,10,0.0,20,fractional,NC,debt_consolidation,0
0.0,65000.0,0.0,8.81,0.05803326003298516,0,9,10,0.0,20,fractional,MD,debt_consolidation,0
0.0,82000.0,6.0,4.83,0.06883651328095773,0,6,10,0.0,20,whole,MO,debt_consolidation,0
0.0,60000.0,4.0,25.9,0.4863078783690394,0,7,10,0.0,20,whole,CO,credit_card,0
0.0,60000.0,10.0,11.66,0.5637854079757286,0,14,10,0.0,20,whole,MI,debt_consolidation,0
0.0,79000.0,2.0,4.95,0.22375,1,4,10,0.0,20,whole,DC,debt_consolidation,0
0.0,41000.0,5.0,19.27,0.8197415092329005,0,16,10,0.0,20,whole,CA,credit_card,0
0.0,32000.0,4.0,12.72,0.2631299212598425,0,17,10,0.0,20,whole,TX,other,0
0.0,80000.0,6.0,12.77,0.11126595276514596,0,37,10,0.0,20,whole,AL,home_improvement,0
0.0,41000.0,3.0,21.05,0.717497320067036,0,16,10,0.0,20,whole,NY,debt_consolidation,0
0.0,24000.0,10.0,21.7,0.4256737588652482,0,14,10,0.0,20,fractional,MO,debt_consolidation,0
0.0,62000.0,3.0,16.92,0.5073471720410317,0,32,10,0.0,20,whole,MD,debt_consolidation,0
0.0,207000.0,2.0,23.86,0.22745949002650176,0,21,10,0.0,20,whole,OK,debt_consolidation,0
0.0,62000.0,6.0,5.57,0.05079147821947155,0,5,10,0.0,20,whole,WA,major_purchase,0
0.0,40000.0,10.0,5.76,0.3364233576642336,0,28,10,0.0,20,whole,MO,credit_card,0
0.0,23000.0,6.0,27.3,0.5302213279678069,0,13,10,0.0,20,whole,GA,debt_consolidation,0
0.0,38000.0,3.0,3.02,0.014708906222155205,0,5,10,0.0,20,fractional,CA,credit_card,0
0.0,42000.0,10.0,17.37,0.5437191136617249,0,20,10,0.0,20,fractional,CO,other,0
0.0,105000.0,10.0,19.65,0.23403737129094673,0,5,10,0.0,20,whole,AZ,debt_consolidation,0
0.0,83000.0,0.0,25.22,0.34826986274888844,0,14,10,0.0,20,whole,OH,debt_consolidation,0
0.0,100000.0,3.0,29.94,0.8053014296298329,0,19,10,0.0,20,fractional,TX,credit_card,0
0.0,110000.0,10.0,17.65,0.09329689796599508,0,15,10,0.0,20,whole,CA,debt_consolidation,0
0.0,125000.0,10.0,34.89,0.2795784274815893,0,30,10,0.0,20,whole,NY,debt_consolidation,0
0.0,38464.0,0.0,23.68,0.7316699326749578,0,4,10,0.0,20,whole,CA,credit_card,0
0.0,101000.0,5.0,21.52,0.33819755183040273,0,24,10,0.0,20,whole,GA,debt_consolidation,0
0.0,89000.0,10.0,8.87,0.08797053274638397,1,17,10,0.0,20,whole,DE,credit_card,1
0.0,69000.0,3.0,19.65,0.6143791779263262,0,16,10,0.0,20,whole,FL,debt_consolidation,0
0.0,175000.0,2.0,25.46,0.4266241369175247,1,15,10,0.0,20,whole,PA,debt_consolidation,0
0.0,300000.0,10.0,3.33,0.7959353566064028,0,19,10,0.0,20,fractional,WV,debt_consolidation,0
0.0,69900.0,10.0,23.43,0.24106098499686351,0,19,10,0.0,20,whole,WI,credit_card,0
0.0,91000.0,6.0,15.88,0.14467183019501126,2,7,10,0.0,20,whole,IL,other,0
0.0,34000.0,10.0,22.1,0.5815644171779141,0,16,10,0.0,20,whole,DE,debt_consolidation,0
0.0,50000.0,2.0,13.32,0.8431626701231367,0,20,10,0.0,20,whole,CA,debt_consolidation,0
0.0,58559.0,10.0,20.35,0.49968440984641277,1,13,10,0.0,20,whole,CA,vacation,0
0.0,100000.0,10.0,31.29,0.8036780090298425,0,12,10,0.0,20,whole,IL,debt_consolidation,0
0.0,40000.0,10.0,25.77,0.5493783184353788,0,10,10,0.0,20,whole,GA,debt_consolidation,0
0.0,25000.0,10.0,33.85,0.35638383838383836,0,17,10,0.0,20,whole,IL,home_improvement,0
0.0,50000.0,7.0,11.93,0.40263713982093347,4,19,10,0.0,20,whole,NC,debt_consolidation,0
0.0,60000.0,10.0,35.74,0.39349095938435663,0,19,10,0.0,20,whole,WI,debt_consolidation,0
0.0,48000.0,1.0,19.07,0.7482592394215318,0,5,10,0.0,20,whole,FL,credit_card,0
0.0,56000.0,2.0,14.53,0.6548725570664833,0,7,10,0.0,20,whole,FL,debt_consolidation,0
0.0,35000.0,10.0,27.37,0.7659389657768255,0,22,10,0.0,20,whole,KS,credit_card,0
0.0,80000.0,0.0,15.99,0.21784092109432768,0,26,10,0.0,20,whole,AL,credit_card,0
0.0,50000.0,8.0,24.2,0.5181062006385482,0,13,10,0.0,20,fractional,TX,other,0
0.0,90000.0,4.0,3.68,1.0015457246932515,0,12,10,0.0,20,whole,NY,credit_card,0
0.0,40000.0,6.0,16.68,0.6239565943238731,0,20,10,0.0,20,whole,MD,debt_consolidation,0
0.0,92600.0,2.0,18.81,0.2655256178357712,0,13,10,0.0,20,fractional,TN,debt_consolidation,0
0.0,100000.0,10.0,8.15,0.08107351210517373,0,14,10,0.0,20,whole,TX,debt_consolidation,0
0.0,36000.0,2.0,30.47,0.19192420258941414,0,10,10,0.0,20,fractional,TN,car,0
0.0,72000.0,5.0,6.22,0.0206872852233677,0,5,10,0.0,20,whole,IL,other,0
0.0,31536.0,10.0,39.99,0.7398603634813197,0,10,10,0.0,20,whole,GA,debt_consolidation,0
0.0,45000.0,10.0,23.52,0.5003830113201123,0,26,10,0.0,20,whole,AZ,debt_consolidation,0
0.0,48000.0,1.0,4.58,0.5659627558800425,0,8,10,0.0,20,whole,CA,credit_card,0
0.0,60000.0,0.0,16.5,0.15062183063061008,0,15,10,0.0,20,whole,NC,major_purchase,0
0.0,100000.0,10.0,15.14,0.29163294667745704,0,12,10,0.0,20,whole,AZ,debt_consolidation,0
0.0,185000.0,10.0,15.47,0.1511311401877758,0,23,10,0.0,20,fractional,CT,debt_consolidation,0
0.0,180000.0,9.0,5.06,0.06305272537745049,0,13,10,0.0,20,whole,OK,debt_consolidation,0
0.0,65000.0,3.0,13.64,0.8628346567352961,0,8,10,0.0,20,whole,TX,other,0
0.0,91000.0,10.0,14.27,0.0841209813388011,0,24,10,0.0,20,whole,AK,car,0
0.0,60000.0,2.0,19.01,0.1820784488561363,0,34,10,0.0,20,fractional,WA,credit_card,0
0.0,27000.0,10.0,22.8,0.40717174119885824,0,20,10,0.0,20,fractional,WV,credit_card,0
0.0,90000.0,8.0,18.74,0.5958214916660266,1,22,10,0.0,20,whole,IL,debt_consolidation,0
0.0,112000.0,6.0,15.27,0.42681701972242514,0,15,10,0.0,20,fractional,TX,credit_card,0
0.0,98000.0,10.0,1.95,0.4674285714285714,0,30,10,0.0,20,whole,DC,debt_consolidation,0
0.0,62000.0,7.0,13.84,0.6339183466936537,0,13,10,0.0,20,fractional,MD,debt_consolidation,0
0.0,85000.0,10.0,12.74,0.5724508757363698,0,11,10,0.0,20,fractional,AR,debt_consolidation,0
0.0,49000.0,3.0,23.04,0.2530172904990314,0,6,10,0.0,20,whole,MI,debt_consolidation,0
0.0,130000.0,10.0,20.13,0.5805447843362536,0,16,10,0.0,20,whole,VA,credit_card,0
0.0,48000.0,0.0,5.14,0.12759124087591242,0,4,10,0.0,20,whole,MA,debt_consolidation,0
0.0,100000.0,5.0,18.76,0.18101570218132082,0,13,10,0.0,20,whole,CO,debt_consolidation,0
0.0,21500.0,6.0,17.12,0.15502600472813238,0,8,10,0.0,20,whole,NV,debt_consolidation,0
0.0,220000.0,4.0,19.1,0.430346574011366,2,20,10,0.0,20,whole,OH,debt_consolidation,0
0.0,126000.0,0.0,17.63,1.0500446571234257,0,6,10,0.0,20,whole,NV,major_purchase,0
0.0,91000.0,10.0,30.37,1.1425895951797835,0,14,10,0.0,20,fractional,CA,medical,0
0.0,15000.0,3.0,17.6,0.5637360939431397,0,9,10,0.0,20,fractional,WA,major_purchase,0
0.0,76000.0,7.0,19.36,0.1357746889371788,0,24,10,0.0,20,whole,TX,debt_consolidation,0
0.0,140000.0,2.0,32.06,0.23142839566929133,0,19,10,0.0,20,whole,TX,debt_consolidation,0
0.0,59000.0,3.0,0.66,0.685784922358295,0,22,10,0.0,20,whole,CA,other,0
0.0,101000.0,3.0,16.79,0.35726347694306126,0,13,10,0.0,20,fractional,CA,other,0
0.0,50000.0,10.0,29.62,0.6280484195572392,0,11,10,0.0,20,whole,AR,credit_card,0
0.0,130000.0,9.0,17.71,0.15544759746365455,0,11,10,0.0,20,whole,LA,small_business,0
0.0,99000.0,7.0,20.22,0.31819744210360484,0,22,10,0.0,20,whole,WV,debt_consolidation,0
0.0,60000.0,3.0,29.2,0.2858010770957544,0,6,10,0.0,20,whole,TX,other,0
0.0,55000.0,10.0,9.03,0.7835416666666667,0,16,10,0.0,20,fractional,NY,debt_consolidation,0
0.0,45000.0,5.0,3.87,0.03333333333333333,0,11,10,0.0,20,whole,OR,major_purchase,0
0.0,180000.0,10.0,7.27,0.14531773603467887,3,13,10,0.0,20,fractional,IL,debt_consolidation,0
0.0,65000.0,10.0,13.99,0.211817022779988,0,23,10,0.0,20,whole,TX,credit_card,0
0.0,137200.0,10.0,18.75,0.13701306752956893,0,23,10,0.0,20,whole,CA,credit_card,0
0.0,125000.0,2.0,10.36,0.19415068496710963,0,19,10,0.0,20,whole,WI,other,0
0.0,40000.0,3.0,31.32,0.28742467958154233,0,11,10,0.0,20,whole,CA,other,0
0.0,130000.0,10.0,5.93,0.458368160483508,0,23,10,0.0,20,whole,CA,moving,0
0.0,133000.0,10.0,30.36,0.21565906540557872,0,22,10,0.0,20,fractional,WA,debt_consolidation,0
0.0,88000.0,3.0,11.29,0.8015904139433552,0,19,10,0.0,20,whole,AZ,credit_card,0
0.0,48000.0,9.0,23.75,0.7340470588235294,0,15,10,0.0,20,whole,TX,debt_consolidation,0
0.0,68000.0,9.0,12.9,0.11331756046267087,0,12,10,0.0,20,whole,NY,debt_consolidation,0
0.0,99985.0,10.0,0.97,0.013567727609178386,0,12,10,0.0,20,whole,FL,medical,0
0.0,138000.0,2.0,2.09,0.22870886075949368,0,10,10,0.0,20,whole,TX,house,0
0.0,22000.0,10.0,31.37,0.6130005200208009,0,6,10,0.0,20,whole,MI,major_purchase,0
0.0,84362.0,9.0,24.82,0.7245231578611061,0,12,10,0.0,20,whole,AZ,debt_consolidation,0
0.0,40000.0,10.0,32.78,0.537436084733382,0,17,10,0.0,20,whole,FL,debt_consolidation,0
0.0,65000.0,8.0,21.36,0.26748803339851485,0,11,10,0.0,20,whole,MO,debt_consolidation,0
0.0,17000.0,2.0,1.77,0.3069230769230769,0,6,10,0.0,20,whole,CA,other,0
0.0,98000.0,4.0,20.19,0.5089796367293068,1,8,10,0.0,20,whole,IL,debt_consolidation,0
0.0,107000.0,3.0,11.88,0.4500097971980014,0,10,10,0.0,20,whole,CA,credit_card,0
0.0,70000.0,3.0,11.3,0.5523484264257648,0,6,10,0.0,20,whole,NV,other,0
0.0,115000.0,10.0,11.21,0.548996119453349,0,15,10,0.0,20,whole,CA,credit_card,0
0.0,58000.0,10.0,22.82,0.5589343379978472,0,10,10,0.0,20,whole,WV,debt_consolidation,0
0.0,38600.0,6.0,18.44,0.495504009163803,0,23,10,0.0,20,whole,NY,credit_card,0
0.0,30000.0,5.0,24.56,0.7364558272680208,0,4,10,0.0,20,whole,CO,credit_card,0
0.0,68000.0,4.0,17.15,0.09204555184519222,0,11,10,0.0,20,whole,GA,debt_consolidation,0
0.0,44000.0,7.0,31.12,0.4678626799557032,0,30,10,0.0,20,whole,OH,debt_consolidation,0
0.0,55000.0,0.0,8.6,0.0781686915437277,0,14,10,0.0,20,whole,OK,debt_consolidation,0
0.0,52000.0,3.0,17.19,1.023442639290342,0,7,10,0.0,20,fractional,FL,debt_consolidation,0
0.0,265000.0,9.0,5.3,0.4161377187920754,0,12,10,0.0,20,whole,NY,credit_card,0
0.0,66000.0,6.0,18.0,0.45869281045751636,0,16,10,0.0,20,whole,IL,debt_consolidation,0
0.0,93000.0,2.0,22.63,0.2968199125652235,1,13,10,0.0,20,whole,MA,debt_consolidation,0
0.0,40000.0,1.0,6.56,0.5110256410256411,0,17,10,0.0,20,whole,FL,debt_consolidation,0
0.0,65000.0,6.0,26.31,0.33625826206675924,0,11,10,0.0,20,whole,OH,other,0
0.0,75000.0,2.0,21.04,0.13208860169623163,0,14,10,0.0,20,whole,TX,credit_card,0
0.0,112400.0,1.0,17.53,0.11127624646726116,0,14,10,0.0,20,whole,HI,credit_card,1
0.0,182000.0,0.0,14.56,0.17246481304471378,0,9,10,0.0,20,fractional,TX,medical,0
0.0,115000.0,7.0,8.68,0.17185645893858179,0,23,10,0.0,20,whole,NH,credit_card,0
0.0,60000.0,2.0,3.42,0.34818604651162793,0,16,10,0.0,20,fractional,NY,debt_consolidation,0
0.0,50000.0,7.0,25.76,0.4766199418143348,0,4,10,0.0,20,whole,FL,debt_consolidation,0
0.0,145000.0,5.0,6.32,0.06549723698418411,0,10,10,0.0,20,whole,TX,debt_consolidation,0
0.0,77500.0,6.0,35.54,0.18920199489065714,0,33,10,0.0,20,whole,MS,debt_consolidation,0
0.0,400000.0,0.0,5.73,0.6610281774748626,0,19,10,0.0,20,fractional,AZ,major_purchase,0
0.0,55000.0,3.0,23.63,0.3607644586600372,0,15,10,0.0,20,fractional,LA,debt_consolidation,0
0.0,99000.0,4.0,29.75,0.24939423574040276,0,12,10,0.0,20,whole,MS,debt_consolidation,0
0.0,310000.0,8.0,6.77,0.052553333333333334,0,28,10,0.0,20,whole,CA,medical,0
0.0,88000.0,3.0,27.38,0.6643480091666599,0,6,10,0.0,20,fractional,FL,debt_consolidation,0
0.0,70000.0,10.0,6.67,0.05772882399733135,0,15,10,0.0,20,whole,NC,debt_consolidation,0
0.0,34000.0,2.0,27.11,0.6971868421612196,0,11,10,0.0,20,whole,TX,debt_consolidation,0
0.0,197000.0,10.0,8.37,0.49932519100998274,0,17,10,0.0,20,whole,IL,debt_consolidation,0
0.0,100000.0,0.0,16.75,0.7054897076727166,0,15,10,0.0,20,whole,TX,debt_consolidation,0
0.0,62800.0,6.0,39.71,0.007241379310344828,0,33,10,0.0,20,whole,CA,debt_consolidation,0
0.0,40000.0,4.0,25.47,1.0354715156769012,0,14,10,0.0,20,whole,PA,debt_consolidation,0
0.0,70000.0,1.0,5.49,0.3528022779359678,3,36,10,0.0,20,fractional,CA,credit_card,0
0.0,58000.0,6.0,12.35,0.04566111046131814,0,22,10,0.0,20,whole,MI,debt_consolidation,0
0.0,61000.0,10.0,6.9,0.16674074074074074,0,18,10,0.0,20,whole,NJ,credit_card,0
0.0,40000.0,5.0,8.16,0.03949191222234864,0,3,10,0.0,20,whole,PA,debt_consolidation,0
0.0,140000.0,0.0,27.44,0.7698518439565125,0,19,10,0.0,20,whole,MS,debt_consolidation,0
0.0,60000.0,3.0,13.26,0.5582810420231983,0,11,10,0.0,20,whole,CA,credit_card,0
0.0,26000.0,4.0,35.92,0.777451181443252,0,4,10,0.0,20,whole,TX,debt_consolidation,0
0.0,165000.0,2.0,18.3,0.7878470684541783,0,20,10,0.0,20,whole,CA,debt_consolidation,0
0.0,58000.0,3.0,29.84,0.2853298684215803,0,15,10,0.0,20,whole,MO,credit_card,0
0.0,50000.0,2.0,14.19,0.4479792657571701,0,8,10,0.0,20,whole,FL,small_business,0
0.0,160000.0,9.0,10.37,0.087483443943768,0,30,10,0.0,20,whole,GA,moving,0
0.0,65000.0,10.0,22.51,0.18291072186985155,0,13,10,0.0,20,fractional,FL,credit_card,0
0.0,40000.0,2.0,16.17,0.3288404360753221,0,11,10,0.0,20,whole,NJ,other,0
0.0,30000.0,4.0,19.83,0.38296127237714855,0,16,10,0.0,20,fractional,MD,other,0
0.0,22000.0,10.0,29.42,0.46167228143811784,1,17,10,0.0,20,fractional,KY,other,0
0.0,98000.0,9.0,17.93,0.2015307946253969,2,22,10,0.0,20,whole,MI,credit_card,0
0.0,120000.0,10.0,11.99,0.12466203492484391,0,12,10,0.0,20,whole,TX,debt_consolidation,0
0.0,67000.0,6.0,24.93,0.1496407893540271,1,22,10,0.0,20,whole,FL,debt_consolidation,0
0.0,23666.0,6.0,35.9,0.5127128712871287,0,15,10,0.0,20,whole,IL,debt_consolidation,0
0.0,125000.0,0.0,16.25,0.1723263374288856,0,14,10,0.0,20,whole,TX,debt_consolidation,0
0.0,140000.0,10.0,9.51,0.4225580140313006,0,12,10,0.0,20,whole,CA,credit_card,0
0.0,150000.0,10.0,22.67,0.23135557613548638,0,25,10,0.0,20,whole,CO,debt_consolidation,0
0.0,63500.0,10.0,23.7,0.45400903444381707,0,13,10,0.0,20,whole,NC,credit_card,0
0.0,90000.0,10.0,4.91,0.05228933877742229,0,13,10,0.0,20,whole,TX,car,0
0.0,50000.0,2.0,4.87,0.011989455184534271,1,15,10,0.0,20,fractional,NV,debt_consolidation,0
0.0,44200.0,4.0,3.37,0.038031888127974235,0,5,10,0.0,20,whole,PA,debt_consolidation,0
0.0,104000.0,10.0,16.41,0.08919882701011671,0,14,10,0.0,20,whole,SD,debt_consolidation,0
0.0,80000.0,1.0,13.65,0.723760241483398,0,13,10,0.0,20,whole,FL,credit_card,0
0.0,49200.0,3.0,30.55,0.13412702286553574,0,7,10,0.0,20,fractional,PA,credit_card,0
0.0,130000.0,4.0,16.11,0.762361165924339,0,12,10,0.0,20,whole,AK,debt_consolidation,0
0.0,115000.0,10.0,12.37,0.6976807228915662,0,27,10,0.0,20,whole,TX,debt_consolidation,0
0.0,121000.0,10.0,8.53,0.06193005210952141,1,13,10,0.0,20,whole,CA,debt_consolidation,0
0.0,78000.0,10.0,15.08,0.10040502505663486,0,22,10,0.0,20,whole,NC,debt_consolidation,0
0.0,100000.0,10.0,23.18,0.23717554994426626,0,22,10,0.0,20,whole,MN,debt_consolidation,0
0.0,80000.0,1.0,20.76,0.33527552060199095,1,19,10,0.0,20,fractional,CA,debt_consolidation,0
0.0,213000.0,3.0,10.05,0.051814342906239146,0,46,10,0.0,20,fractional,AZ,debt_consolidation,0
0.0,120000.0,7.0,13.03,0.8214523992814986,0,12,10,0.0,20,whole,PA,debt_consolidation,0
0.0,68400.0,10.0,13.23,0.07169193824313842,0,28,10,0.0,20,whole,MI,debt_consolidation,0
0.0,125000.0,10.0,12.28,0.12144045242847638,0,16,10,0.0,20,whole,FL,debt_consolidation,0
0.0,54000.0,2.0,25.29,0.018702967537515953,0,18,10,0.0,20,whole,CA,other,0
0.0,43000.0,3.0,23.05,0.576959328484288,0,7,10,0.0,20,whole,MA,debt_consolidation,0
0.0,52000.0,10.0,10.55,0.6653805682216766,0,4,10,0.0,20,whole,KY,debt_consolidation,0
0.0,91000.0,10.0,12.26,0.13347480949643456,1,15,10,0.0,20,whole,SC,debt_consolidation,0
0.0,76000.0,0.0,5.43,0.5869503546099291,0,12,10,0.0,20,whole,TX,debt_consolidation,0
0.0,58500.0,0.0,28.84,0.5645149369558469,0,14,10,0.0,20,whole,NY,credit_card,0
0.0,110000.0,6.0,20.25,0.29906921448661816,1,17,10,0.0,20,fractional,NC,debt_consolidation,0
0.0,90000.0,10.0,16.83,0.08660990318574344,1,12,10,0.0,20,whole,CA,debt_consolidation,0
0.0,76000.0,3.0,12.51,0.0934534602099022,0,12,10,0.0,20,whole,MN,medical,0
0.0,132400.0,10.0,10.35,0.04492065304258477,1,18,10,0.0,20,whole,VA,debt_consolidation,0
0.0,62000.0,5.0,19.78,0.2504321907600596,0,31,10,0.0,20,whole,MN,debt_consolidation,0
0.0,60000.0,2.0,16.33,0.4747891518334129,0,12,10,0.0,20,whole,CA,major_purchase,0
0.0,349000.0,10.0,5.19,0.041569037748871315,0,15,10,0.0,20,fractional,CA,debt_consolidation,0
0.0,52000.0,6.0,20.52,0.30601378619612923,0,27,10,0.0,20,whole,NJ,other,0
0.0,21800.0,1.0,8.76,0.3495266272189349,0,12,10,0.0,20,whole,CT,credit_card,0
0.0,35000.0,8.0,26.65,0.4372625254042591,0,7,10,0.0,20,whole,CA,credit_card,0
0.0,130000.0,2.0,16.73,0.16129488266892847,1,20,10,0.0,20,whole,NM,credit_card,0
0.0,138000.0,3.0,35.17,0.2801303912490307,0,17,10,0.0,20,fractional,TN,home_improvement,0
0.0,45000.0,4.0,23.01,0.21216648430266813,0,14,10,0.0,20,fractional,OH,debt_consolidation,0
0.0,75000.0,3.0,17.97,0.351497387901937,0,15,10,0.0,20,whole,MD,debt_consolidation,0
0.0,35000.0,2.0,35.56,0.4728868251219896,0,11,10,0.0,20,whole,OH,debt_consolidation,0
0.0,128000.0,10.0,11.61,0.43906164660328684,0,16,10,0.0,20,whole,TX,small_business,0
0.0,115000.0,1.0,22.79,0.5373134328358209,0,24,10,0.0,20,whole,VA,credit_card,0
0.0,60000.0,3.0,19.96,0.6500434433351366,0,16,10,0.0,20,whole,CT,debt_consolidation,0
0.0,140000.0,0.0,11.5,0.07771644882893947,0,7,10,0.0,20,whole,NJ,debt_consolidation,0
0.0,56000.0,10.0,13.97,0.4801694915254237,0,23,10,0.0,20,whole,NC,debt_consolidation,0
0.0,91400.0,4.0,29.03,0.8462415444250209,0,11,10,0.0,20,whole,LA,credit_card,0
0.0,130000.0,10.0,9.78,0.8164301540409369,0,17,10,0.0,20,fractional,CA,debt_consolidation,0
0.0,90000.0,10.0,20.84,0.5715124636258458,0,19,10,0.0,20,whole,IL,debt_consolidation,0
0.0,40552.0,9.0,19.12,0.2672210786331824,0,11,10,0.0,20,whole,CA,debt_consolidation,0
0.0,52000.0,10.0,17.96,0.7235824019736105,0,14,10,0.0,20,whole,MA,credit_card,0
0.0,34000.0,10.0,28.34,0.35692946058091285,0,19,10,0.0,20,whole,NJ,other,0
0.0,215000.0,10.0,38.02,0.22290015326969584,0,18,10,0.0,20,whole,CT,debt_consolidation,0
0.0,140915.0,10.0,15.2,0.13184742393285107,0,15,10,0.0,20,whole,MD,debt_consolidation,0
0.0,140000.0,0.0,14.68,0.3509500032423319,1,19,10,0.0,20,whole,MD,debt_consolidation,0
0.0,79700.0,10.0,20.28,0.20534162161818592,0,32,10,0.0,20,whole,ME,other,0
0.0,27976.0,3.0,18.19,0.806287563569117,0,8,10,0.0,20,fractional,OH,debt_consolidation,0
0.0,65000.0,6.0,14.66,0.38277277637738566,0,20,10,0.0,20,whole,MD,debt_consolidation,0
0.0,127200.0,10.0,31.12,0.14617093134433082,0,13,10,0.0,20,whole,VA,debt_consolidation,0
0.0,82000.0,2.0,18.45,0.8107670730391628,0,20,10,0.0,20,whole,CA,debt_consolidation,0
0.0,99000.0,8.0,9.91,0.11331646575247832,0,6,10,0.0,20,whole,GA,debt_consolidation,0
0.0,67000.0,10.0,13.65,0.7584366348240341,0,14,10,0.0,20,whole,MN,debt_consolidation,0
0.0,33395.0,10.0,20.88,0.7239347751719943,1,11,10,0.0,20,fractional,CA,debt_consolidation,0
0.0,72000.0,3.0,27.03,0.5506554073939915,0,10,10,0.0,20,fractional,TX,small_business,0
0.0,86000.0,8.0,1.88,0.5904157622307564,0,12,10,0.0,20,whole,CA,small_business,0
0.0,156000.0,5.0,23.6,0.46287522956654586,0,13,10,0.0,20,whole,OR,debt_consolidation,0
0.0,180000.0,4.0,8.95,0.10313625664149152,1,12,10,0.0,20,whole,TX,debt_consolidation,0
0.0,68810.0,0.0,14.88,0.7603212990153739,0,15,10,0.0,20,whole,MD,house,0
0.0,125000.0,3.0,8.38,0.12292942500997107,0,12,10,0.0,20,whole,NJ,debt_consolidation,0
0.0,165000.0,5.0,12.03,0.11575459539997789,0,24,10,0.0,20,whole,GA,debt_consolidation,0
0.0,65000.0,2.0,8.47,0.38578249336870024,0,21,10,0.0,20,whole,NY,debt_consolidation,0
0.0,124000.0,10.0,18.08,0.16902149258049035,3,17,10,0.0,20,fractional,CT,debt_consolidation,0
0.0,90000.0,5.0,16.67,0.04534326259268729,1,13,10,0.0,20,whole,CA,debt_consolidation,0
0.0,55000.0,10.0,29.63,0.5968355585505903,0,34,10,0.0,20,whole,MI,debt_consolidation,0
0.0,96000.0,10.0,10.09,0.5343009118541033,0,15,10,0.0,20,fractional,AL,debt_consolidation,0
0.0,24482.0,6.0,9.12,0.8665934065934066,0,11,10,0.0,20,whole,RI,debt_consolidation,0
0.0,198000.0,4.0,24.68,0.11094584065781933,1,35,10,0.0,20,whole,CO,debt_consolidation,0
0.0,71000.0,10.0,18.8,0.47127897259222623,0,17,10,0.0,20,whole,TX,credit_card,0
0.0,105000.0,7.0,28.34,0.7197704786777742,0,11,10,0.0,20,whole,PA,debt_consolidation,0
0.0,130000.0,10.0,2.83,0.510647741374469,0,22,10,0.0,20,whole,FL,other,0
0.0,37000.0,5.0,0.81,0.00023204355789072407,0,10,10,0.0,20,whole,TX,other,0
0.0,30000.0,6.0,11.24,0.23857727388969396,0,23,10,0.0,20,whole,FL,debt_consolidation,0
0.0,60000.0,10.0,23.02,0.5573181263970738,0,12,10,0.0,20,fractional,CA,other,0
0.0,80000.0,4.0,31.02,0.6474410622913768,0,21,10,0.0,20,fractional,VT,debt_consolidation,0
0.0,30720.0,6.0,37.81,1.0148850574712645,1,10,10,0.0,20,whole,NY,credit_card,0
0.0,120000.0,10.0,8.29,0.2973794083681265,0,16,10,0.0,20,whole,NY,credit_card,0
0.0,88250.0,4.0,5.68,0.07088079859072226,0,39,10,0.0,20,whole,TX,debt_consolidation,0
0.0,50000.0,10.0,29.4,0.24601393728222998,0,33,10,0.0,20,whole,FL,car,0
0.0,132300.0,8.0,3.54,0.12306893124943535,0,14,10,0.0,20,whole,CA,major_purchase,1
0.0,79000.0,10.0,10.97,0.4385035544698488,0,11,10,0.0,20,whole,CT,debt_consolidation,0
0.0,80000.0,10.0,3.77,0.17534570111614795,0,18,10,0.0,20,whole,CA,other,0
0.0,90000.0,9.0,25.33,0.17245312701548143,0,24,10,0.0,20,whole,CO,debt_consolidation,0
0.0,128000.0,10.0,5.29,0.05402753957667252,2,14,10,0.0,20,whole,AL,debt_consolidation,0
0.0,85000.0,10.0,17.83,0.28323540378260925,0,25,10,0.0,20,whole,WI,debt_consolidation,0
0.0,50000.0,8.0,23.88,0.5466835204387694,0,12,10,0.0,20,whole,CA,debt_consolidation,0
0.0,34500.0,2.0,13.11,0.5824919441460795,0,11,10,0.0,20,fractional,NY,debt_consolidation,0
0.0,108000.0,3.0,20.48,0.10554526223648698,0,11,10,0.0,20,whole,TX,debt_consolidation,0
0.0,110000.0,3.0,15.27,0.5086016117583197,0,13,10,0.0,20,whole,CA,debt_consolidation,0
0.0,101760.0,7.0,14.38,0.7420331840927048,1,12,10,0.0,20,whole,NY,debt_consolidation,0
0.0,65000.0,6.0,21.14,0.32770322290262593,0,12,10,0.0,20,fractional,TX,credit_card,0
0.0,39000.0,2.0,7.24,0.6153225806451613,0,5,10,0.0,20,whole,NY,credit_card,1
0.0,110000.0,10.0,7.93,0.24571561872547468,0,23,10,0.0,20,whole,AL,debt_consolidation,0
0.0,48000.0,10.0,39.25,0.7059110846268817,0,16,10,0.0,20,fractional,TX,credit_card,0
0.0,64865.0,9.0,27.92,0.5341233631569592,0,22,10,0.0,20,whole,TX,credit_card,0
0.0,89400.0,10.0,18.0,0.0665921391530457,0,24,10,0.0,20,whole,CA,debt_consolidation,0
0.0,104000.0,10.0,2.15,0.02560248447204969,0,15,10,0.0,20,whole,KS,house,0
0.0,405000.0,10.0,17.46,0.4891775807266829,1,24,10,0.0,20,whole,TN,home_improvement,0
0.0,50000.0,1.0,17.45,0.4057125748502994,0,20,10,0.0,20,whole,PA,credit_card,0
0.0,115000.0,4.0,31.31,0.3632818909189179,0,14,10,0.0,20,whole,WY,debt_consolidation,0
0.0,66000.0,6.0,9.53,0.14710509097490013,0,32,10,0.0,20,whole,IN,debt_consolidation,0
0.0,65000.0,5.0,11.5,0.26138638166093886,0,13,10,0.0,20,whole,MS,debt_consolidation,0
0.0,27684.0,1.0,28.44,0.9213725188490537,0,5,10,0.0,20,fractional,UT,credit_card,0
0.0,25100.0,1.0,22.91,0.7540666195174549,0,10,10,0.0,20,fractional,WA,other,0
0.0,33000.0,6.0,3.89,0.12976744186046513,0,20,10,0.0,20,fractional,NV,debt_consolidation,0
0.0,162000.0,3.0,15.06,0.7767195662104991,0,24,10,0.0,20,whole,CA,debt_consolidation,0
0.0,207000.0,9.0,17.88,0.30375473384875945,0,27,10,0.0,20,fractional,MD,debt_consolidation,0
0.0,60000.0,5.0,13.34,0.06696517999175161,0,11,10,0.0,20,whole,NV,debt_consolidation,0
0.0,132000.0,10.0,9.38,0.19512174203895402,0,16,10,0.0,20,whole,TX,home_improvement,0
0.0,116000.0,10.0,19.05,0.225114289446186,0,25,10,0.0,20,whole,CO,debt_consolidation,0
0.0,335000.0,6.0,14.36,0.08054075647928502,0,30,10,0.0,20,whole,SC,car,0
0.0,60000.0,0.0,27.28,0.16218629895224781,0,18,10,0.0,20,fractional,VA,debt_consolidation,0
0.0,120000.0,10.0,10.49,0.852698079333356,0,14,10,0.0,20,fractional,CA,other,0
0.0,60000.0,6.0,26.89,0.43265512022868674,0,27,10,0.0,20,whole,KY,debt_consolidation,0
0.0,57000.0,5.0,28.21,0.23429945550770984,0,12,10,0.0,20,whole,NY,debt_consolidation,0
0.0,70000.0,6.0,19.63,0.0,0,15,10,0.0,20,whole,FL,debt_consolidation,0
0.0,86000.0,10.0,20.41,0.5773380281690141,0,9,10,0.0,20,whole,AZ,debt_consolidation,0
0.0,53000.0,10.0,11.12,0.06764485267992262,0,29,10,0.0,20,whole,AZ,other,0
0.0,130000.0,7.0,21.24,0.18289250653995626,0,11,10,0.0,20,whole,IL,debt_consolidation,0
0.0,51000.0,6.0,15.95,0.5627526132404181,0,31,10,0.0,20,fractional,VA,debt_consolidation,0
0.0,40000.0,6.0,28.47,0.5703068630363737,0,19,10,0.0,20,whole,ID,other,0
0.0,39000.0,4.0,18.06,0.311104990806613,1,15,10,0.0,20,fractional,FL,debt_consolidation,0
0.0,80000.0,0.0,28.52,0.7686858698999854,0,14,10,0.0,20,fractional,MI,debt_consolidation,0
0.0,39000.0,2.0,33.97,0.7217923455247433,0,13,10,0.0,20,whole,VA,car,0
0.0,124000.0,10.0,18.81,0.2656677374942634,0,20,10,0.0,20,fractional,PA,debt_consolidation,0
0.0,84000.0,8.0,10.44,0.5005147058823529,0,8,10,0.0,20,fractional,TX,credit_card,0
0.0,39900.0,1.0,5.89,0.5691346153846154,0,35,10,0.0,20,whole,NJ,debt_consolidation,0
0.0,100000.0,4.0,7.56,0.6790116767359323,2,19,10,0.0,20,whole,NY,credit_card,0
0.0,87000.0,10.0,19.48,0.039332906500458974,0,36,10,0.0,20,whole,TN,debt_consolidation,0
0.0,170000.0,0.0,11.55,0.6603942772253376,0,15,10,0.0,20,whole,CA,debt_consolidation,0
0.0,90000.0,10.0,8.83,0.06628241410248427,0,28,10,0.0,20,whole,NY,house,0
0.0,20000.0,5.0,1.52,0.04416666666666667,0,16,10,0.0,20,whole,CO,car,0
0.0,90666.0,10.0,19.88,0.44843170000079147,0,24,10,0.0,20,whole,NE,credit_card,0
0.0,33000.0,10.0,14.59,0.18920118879344713,0,17,10,0.0,20,whole,IL,credit_card,0
0.0,104000.0,10.0,21.51,0.28627595672771816,0,13,10,0.0,20,fractional,AR,debt_consolidation,0
0.0,90000.0,3.0,10.4,0.33464575776779976,0,15,10,0.0,20,fractional,GA,debt_consolidation,0
0.0,125000.0,10.0,15.86,0.28337627887137956,0,29,10,0.0,20,whole,TN,home_improvement,0
0.0,260000.0,10.0,4.23,0.06749844945213976,0,44,10,0.0,20,whole,CA,house,0
0.0,113000.0,10.0,4.24,0.04773969364991168,0,27,10,0.0,20,fractional,WY,credit_card,0
0.0,147000.0,0.0,14.38,0.3287478116649774,0,16,10,0.0,20,whole,KS,credit_card,0
0.0,79040.0,2.0,29.97,0.7697697475509782,1,18,10,0.0,20,whole,PA,debt_consolidation,0
0.0,110000.0,10.0,23.65,0.1095797362928705,3,23,10,0.0,20,fractional,CT,debt_consolidation,0
0.0,60600.0,7.0,26.63,0.6064847524298727,0,16,10,0.0,20,whole,IN,credit_card,0
0.0,103294.0,3.0,30.88,0.7602363231931933,0,15,10,0.0,20,whole,VA,credit_card,0
0.0,43000.0,2.0,22.5,0.4895641646489104,0,14,10,0.0,20,fractional,CA,credit_card,0
0.0,142500.0,10.0,18.54,0.21497816128688613,0,14,10,0.0,20,whole,AL,credit_card,0
0.0,33600.0,1.0,8.36,0.680631970260223,1,9,10,0.0,20,whole,NJ,credit_card,0
0.0,101000.0,10.0,12.3,0.37872222222222224,0,14,10,0.0,20,fractional,AZ,credit_card,0
0.0,48000.0,0.0,19.5,0.7806591917469893,0,21,10,0.0,20,whole,OH,other,0
0.0,86000.0,1.0,26.76,0.07984839349696282,0,39,10,0.0,20,whole,HI,credit_card,1
0.0,62000.0,6.0,17.91,0.3395999436900907,0,31,10,0.0,20,whole,TX,debt_consolidation,0
0.0,74600.0,10.0,8.25,0.6721745326230788,0,13,10,0.0,20,whole,TX,debt_consolidation,0
0.0,61500.0,3.0,11.14,0.024997705843217324,0,15,10,0.0,20,whole,MD,debt_consolidation,0
0.0,84400.0,1.0,16.62,0.3754431818181818,1,32,10,0.0,20,whole,CA,debt_consolidation,0
0.0,475000.0,5.0,18.3,0.6455473895199008,0,20,10,0.0,20,whole,NY,debt_consolidation,0
0.0,60000.0,5.0,9.24,0.35222551928783385,0,6,10,0.0,20,whole,NY,other,0
0.0,109000.0,4.0,23.62,0.7230639316575663,0,17,10,0.0,20,whole,CA,credit_card,0
0.0,588000.0,10.0,7.93,0.06758670046655901,3,19,10,0.0,20,whole,CT,debt_consolidation,0
0.0,103000.0,4.0,6.16,0.6701525505625734,1,14,10,0.0,20,whole,CT,debt_consolidation,0
0.0,105000.0,3.0,10.95,0.15301834201928344,0,8,10,0.0,20,whole,NC,debt_consolidation,0
0.0,120000.0,2.0,8.63,0.33915535608067915,1,7,10,0.0,20,whole,CA,other,0
0.0,160000.0,10.0,8.67,0.7674606741573033,0,17,10,0.0,20,whole,GA,debt_consolidation,0
0.0,235000.0,10.0,5.99,0.13154962063732928,1,14,10,0.0,20,fractional,CA,home_improvement,0
0.0,225000.0,10.0,16.34,0.7805621524124455,0,27,10,0.0,20,whole,CA,debt_consolidation,0
0.0,110000.0,1.0,21.86,0.16329644465398765,0,22,10,0.0,20,whole,SD,debt_consolidation,0
0.0,30000.0,4.0,20.48,0.42842857142857144,0,5,10,0.0,20,whole,CA,debt_consolidation,0
0.0,106300.0,1.0,29.73,0.2305511412499169,0,14,10,0.0,20,whole,CO,debt_consolidation,0
0.0,60000.0,3.0,12.58,0.23178523489932887,0,15,10,0.0,20,whole,CA,major_purchase,0
0.0,68000.0,1.0,14.79,0.47301718294084705,0,14,10,0.0,20,whole,AZ,debt_consolidation,0
0.0,48000.0,4.0,15.82,0.33397100281917036,0,7,10,0.0,20,whole,NY,debt_consolidation,0
0.0,100000.0,5.0,29.77,0.2453597254157086,0,17,10,0.0,20,fractional,AZ,home_improvement,0
0.0,65000.0,10.0,15.97,0.1156374673219081,0,18,10,0.0,20,whole,NC,debt_consolidation,0
0.0,85000.0,0.0,14.08,0.6813624686151032,0,10,10,0.0,20,whole,IL,debt_consolidation,0
0.0,108254.9,2.0,8.71,0.05096559175784876,0,8,10,0.0,20,whole,CA,major_purchase,0
0.0,170000.0,4.0,5.56,0.9201292407108239,0,21,10,0.0,20,fractional,NY,credit_card,0
0.0,160000.0,0.0,9.08,0.648608927472828,0,14,10,0.0,20,whole,KY,credit_card,0
0.0,100000.0,1.0,23.71,0.4053770840501736,0,34,10,0.0,20,whole,NJ,credit_card,0
0.0,74000.0,3.0,2.16,0.1345890410958904,0,13,10,0.0,20,whole,TX,home_improvement,0
0.0,200000.0,10.0,26.65,0.22569180080449006,0,28,10,0.0,20,whole,MI,debt_consolidation,0
0.0,95360.0,10.0,34.39,0.13122392045590023,0,18,10,0.0,20,fractional,CO,debt_consolidation,0
0.0,193783.0,8.0,10.57,0.1359066813373114,0,7,10,0.0,20,whole,MO,credit_card,0
0.0,139000.0,10.0,16.13,0.12123966191038807,0,16,10,0.0,20,whole,MI,debt_consolidation,0
0.0,53232.0,6.0,6.33,0.05732311640006121,0,11,10,0.0,20,whole,FL,credit_card,0
0.0,105000.0,10.0,17.94,0.7599063868941652,0,13,10,0.0,20,fractional,CA,debt_consolidation,0
0.0,51000.0,0.0,16.52,0.6845588235294118,0,7,10,0.0,20,fractional,IL,debt_consolidation,0
0.0,40000.0,2.0,28.09,0.3547863710113575,0,13,10,0.0,20,fractional,CA,debt_consolidation,0
0.0,98000.0,10.0,15.2,0.13472949389179756,0,16,10,0.0,20,whole,IL,debt_consolidation,0
0.0,104000.0,10.0,23.53,0.23386183098865101,0,15,10,0.0,20,whole,CA,debt_consolidation,0
0.0,190000.0,0.0,7.57,0.050197984578857414,0,19,10,0.0,20,fractional,FL,debt_consolidation,0
0.0,63000.0,6.0,17.35,0.32641268683922714,0,12,10,0.0,20,whole,MI,debt_consolidation,0
0.0,69000.0,10.0,10.58,0.29275799988384926,0,26,10,0.0,20,whole,NJ,debt_consolidation,0
0.0,15996.0,6.0,18.15,0.025777364217429353,0,12,10,0.0,20,fractional,OH,debt_consolidation,0
0.0,114000.0,4.0,20.22,0.6514016125916361,0,40,10,0.0,20,whole,TX,credit_card,0
0.0,55000.0,0.0,4.56,0.67105900591028,0,9,10,0.0,20,whole,NY,credit_card,0
0.0,75000.0,10.0,12.45,0.08058613378256702,2,15,10,0.0,20,whole,FL,home_improvement,0
0.0,41524.0,2.0,21.38,1.01299188433472,1,13,10,0.0,20,whole,AZ,moving,0
0.0,60000.0,6.0,2.3,0.01063163778647289,0,35,10,0.0,20,fractional,CA,house,0
0.0,72800.0,4.0,0.51,0.1173170731707317,0,7,10,0.0,20,whole,NY,debt_consolidation,0
0.0,110500.0,10.0,16.61,0.028877920046916236,0,23,10,0.0,20,whole,FL,credit_card,0
0.0,91000.0,10.0,16.38,0.7682261530831542,0,28,10,0.0,20,whole,PA,other,0
0.0,28500.0,4.0,33.39,0.4039803079501414,0,20,10,0.0,20,whole,WA,debt_consolidation,0
0.0,72000.0,10.0,20.08,0.29247765722388946,1,12,10,0.0,20,fractional,TX,home_improvement,0
0.0,138000.0,10.0,21.15,0.5973596104093746,0,13,10,0.0,20,whole,VA,moving,0
0.0,75000.0,0.0,6.08,0.6543303571428571,0,10,10,0.0,20,whole,SC,credit_card,0
0.0,88500.0,0.0,29.9,0.4855617948227604,0,15,10,0.0,20,whole,OH,other,0
0.0,82000.0,7.0,10.04,0.7248047519524805,0,7,10,0.0,20,whole,CA,major_purchase,0
0.0,135000.0,10.0,12.73,0.8676059283268421,0,13,10,0.0,20,whole,VA,major_purchase,0
0.0,146087.0,10.0,13.89,0.5161169555613792,1,12,10,0.0,20,whole,NJ,credit_card,0
0.0,69700.0,5.0,7.02,0.05477358490566038,0,11,10,0.0,20,whole,KY,debt_consolidation,0
0.0,67000.0,6.0,9.6,0.41626068376068376,0,17,10,0.0,20,whole,CT,debt_consolidation,0
0.0,160000.0,10.0,15.34,0.14043407911621938,1,20,10,0.0,20,whole,FL,credit_card,0
0.0,90000.0,4.0,29.24,0.2834248853499975,0,12,10,0.0,20,whole,GA,credit_card,0
0.0,140000.0,10.0,13.48,0.26953181581643876,0,24,10,0.0,20,whole,TN,debt_consolidation,0
0.0,50000.0,10.0,17.69,0.5318148148148149,0,32,10,0.0,20,whole,WA,debt_consolidation,0
0.0,85000.0,5.0,15.38,0.11506932388084933,0,13,10,0.0,20,whole,CO,debt_consolidation,0
0.0,55000.0,10.0,5.02,0.33898395721925134,0,15,10,0.0,20,fractional,VA,debt_consolidation,0
0.0,50000.0,7.0,7.97,0.053580874872838254,1,29,10,0.0,20,fractional,FL,debt_consolidation,0
0.0,90000.0,10.0,12.27,0.07467215441385183,0,18,10,0.0,20,whole,NC,debt_consolidation,0
0.0,44000.0,10.0,23.24,0.22785216434336023,0,17,10,0.0,20,whole,WI,debt_consolidation,0
0.0,42000.0,7.0,12.94,0.831227772569677,0,12,10,0.0,20,whole,WV,house,0
0.0,57000.0,1.0,7.62,0.47305820105820107,0,24,10,0.0,20,fractional,MA,other,0
0.0,110000.0,6.0,6.45,0.05880950383482649,0,18,10,0.0,20,whole,NY,home_improvement,0
0.0,125000.0,1.0,17.24,0.2763904002670069,0,17,10,0.0,20,whole,OK,debt_consolidation,0
0.0,75000.0,10.0,14.05,0.27569082125603867,0,18,10,0.0,20,whole,OK,debt_consolidation,0
0.0,200000.0,10.0,24.39,0.6579811428743562,0,28,10,0.0,20,whole,OH,other,0
0.0,35000.0,6.0,11.9,0.3051169590643275,0,5,10,0.0,20,whole,NY,major_purchase,0
0.0,80000.0,10.0,19.32,0.3785495176967711,0,29,10,0.0,20,whole,MI,debt_consolidation,0
0.0,74895.0,5.0,20.25,0.7546874258318698,0,14,10,0.0,20,whole,NE,debt_consolidation,0
0.0,36300.0,2.0,13.95,0.9172539642587465,1,6,10,0.0,20,fractional,NY,other,0
0.0,140000.0,10.0,3.66,0.0008934010152284264,0,22,10,0.0,20,whole,NY,debt_consolidation,0
0.0,60000.0,10.0,31.52,0.6503063164565875,0,17,10,0.0,20,whole,TX,debt_consolidation,0
0.0,100000.0,10.0,7.85,0.08609402706113516,0,19,10,0.0,20,whole,TX,major_purchase,0
0.0,120000.0,3.0,26.27,0.16218257973060476,0,14,10,0.0,20,whole,IL,home_improvement,0
0.0,101000.0,2.0,19.43,0.5983278204937992,0,11,10,0.0,20,whole,NC,major_purchase,0
0.0,60000.0,4.0,8.16,0.30756345177664973,0,14,10,0.0,20,fractional,IL,debt_consolidation,0
0.0,63071.0,6.0,16.37,0.788111560805044,0,11,10,0.0,20,fractional,WA,debt_consolidation,0
0.0,52000.0,2.0,11.49,0.35799794778246496,1,16,10,0.0,20,whole,FL,small_business,0
0.0,80000.0,6.0,34.46,0.355212102032496,0,19,10,0.0,20,whole,FL,debt_consolidation,0
0.0,64000.0,10.0,34.46,0.666776730136601,0,20,10,0.0,20,whole,CA,debt_consolidation,1
0.0,76000.0,3.0,19.77,0.15954960916497787,0,11,10,0.0,20,whole,TX,credit_card,0
0.0,25000.0,6.0,9.07,0.07654731457800512,1,36,10,0.0,20,whole,FL,credit_card,0
0.0,95000.0,5.0,7.78,0.06459727898312914,0,8,10,0.0,20,whole,MA,house,0
0.0,105500.0,2.0,34.31,0.175236261651101,0,19,10,0.0,20,whole,OH,debt_consolidation,0
0.0,49500.0,10.0,15.3,0.19498135594275434,0,12,10,0.0,20,whole,FL,home_improvement,0
0.0,25000.0,3.0,9.99,0.061224489795918366,0,17,10,0.0,20,fractional,FL,home_improvement,0
0.0,166400.0,6.0,13.15,0.9092667487251627,1,25,10,0.0,20,whole,TX,home_improvement,0
0.0,27000.0,5.0,16.44,0.5727308243260841,0,5,10,0.0,20,fractional,TX,debt_consolidation,0
0.0,75000.0,4.0,9.79,0.6841606777948707,0,10,10,0.0,20,whole,CT,debt_consolidation,0
0.0,32000.0,6.0,30.27,0.11865126236527389,0,11,10,0.0,20,whole,NC,debt_consolidation,0
0.0,60000.0,10.0,34.06,0.44232796486090775,0,17,10,0.0,20,whole,CO,debt_consolidation,0
0.0,152000.0,10.0,11.39,0.22961661427051822,0,17,10,0.0,20,whole,AL,debt_consolidation,0
0.0,41364.0,6.0,28.75,0.8131478496903893,0,22,10,0.0,20,whole,LA,debt_consolidation,0
0.0,110000.0,9.0,10.4,0.15947482649634012,0,6,10,0.0,20,whole,PA,credit_card,0
0.0,104000.0,2.0,13.33,0.06793494238702641,0,10,10,0.0,20,whole,CO,credit_card,0
0.0,177624.0,10.0,26.81,0.15388954728608675,0,31,10,0.0,20,whole,TX,debt_consolidation,1
0.0,128580.0,10.0,22.6,0.30680277025504543,0,32,10,0.0,20,whole,TX,medical,0
0.0,56000.0,0.0,12.28,0.29473115957676527,0,11,10,0.0,20,whole,LA,home_improvement,0
0.0,30000.0,0.0,24.04,0.4481149425287356,0,14,10,0.0,20,fractional,NV,credit_card,1
0.0,70000.0,3.0,18.76,0.14998822990100727,2,35,10,0.0,20,whole,MD,home_improvement,0
0.0,104000.0,7.0,18.6,0.709946322315769,0,6,10,0.0,20,whole,CA,debt_consolidation,0
0.0,28000.0,2.0,30.43,0.6332488840632163,0,14,10,0.0,20,fractional,OH,other,0
0.0,120000.0,10.0,26.24,0.266398909639253,0,16,10,0.0,20,whole,MD,debt_consolidation,0
0.0,39000.0,10.0,8.15,0.6934,1,13,10,0.0,20,whole,LA,credit_card,0
0.0,55000.0,1.0,20.66,0.3074991210005525,0,7,10,0.0,20,whole,NC,debt_consolidation,0
0.0,55000.0,5.0,19.72,0.24963954685890835,0,10,10,0.0,20,whole,CA,debt_consolidation,0
0.0,50000.0,10.0,25.88,0.7009359159741312,0,13,10,0.0,20,whole,VA,debt_consolidation,0
0.0,85000.0,10.0,25.62,0.7368495438776821,0,10,10,0.0,20,whole,MD,debt_consolidation,0
0.0,35000.0,10.0,25.89,0.45204756172252847,0,32,10,0.0,20,whole,SC,credit_card,0
0.0,69000.0,10.0,18.35,0.16897659198725717,0,17,10,0.0,20,whole,OR,home_improvement,0
0.0,105000.0,1.0,12.81,0.6621940928270043,2,5,10,0.0,20,whole,IL,debt_consolidation,0
0.0,50676.0,6.0,30.69,0.21379595815279437,0,46,10,0.0,20,whole,CA,debt_consolidation,0
0.0,63000.0,10.0,23.52,0.6296686109990852,0,23,10,0.0,20,whole,CA,credit_card,0
0.0,86500.0,10.0,5.73,0.5333727810650888,3,21,10,0.0,20,fractional,AZ,credit_card,0
0.0,65000.0,3.0,11.39,1.0686250529468264,0,14,10,0.0,20,fractional,WI,home_improvement,0
0.0,57000.0,4.0,27.85,0.44772444867670796,0,26,10,0.0,20,whole,PA,other,0
0.0,53654.88,6.0,7.05,0.06038172353961828,0,39,10,0.0,20,fractional,TX,debt_consolidation,0
0.0,55000.0,10.0,35.78,0.4497272802565104,0,15,10,0.0,20,whole,TX,debt_consolidation,0
0.0,32300.0,6.0,12.6,0.4113737075332349,0,16,10,0.0,20,whole,VA,debt_consolidation,0
0.0,98000.0,0.0,12.78,0.7210023978560346,0,15,10,0.0,20,fractional,CA,credit_card,0
0.0,55000.0,10.0,10.91,0.18556987851247334,0,29,10,0.0,20,whole,PA,debt_consolidation,0
0.0,38000.0,4.0,1.64,0.03515358361774744,0,13,10,0.0,20,whole,IN,debt_consolidation,0
0.0,48000.0,3.0,26.48,0.46695689052988726,1,11,10,0.0,20,whole,OH,home_improvement,0
0.0,95000.0,10.0,28.8,0.30015686750606224,0,18,10,0.0,20,whole,KS,debt_consolidation,0
0.0,35000.0,5.0,22.26,0.26071160314816627,0,15,10,0.0,20,fractional,TX,debt_consolidation,0
0.0,155000.0,0.0,21.42,0.2791022264244389,0,30,10,0.0,20,whole,WI,debt_consolidation,0
0.0,125000.0,2.0,13.4,0.17233642107689057,1,13,10,0.0,20,whole,TX,debt_consolidation,0
0.0,50000.0,6.0,18.41,0.44157363851248566,0,19,10,0.0,20,whole,CA,credit_card,0
0.0,62000.0,10.0,19.71,0.757935497019412,0,10,10,0.0,20,fractional,TX,debt_consolidation,0
0.0,72000.0,1.0,30.08,0.13860916081578067,0,31,10,0.0,20,fractional,NJ,debt_consolidation,0
0.0,32500.0,7.0,19.79,0.28592538507006016,0,27,10,0.0,20,whole,MD,debt_consolidation,0
0.0,142000.0,5.0,14.02,0.2325432918504258,0,14,10,0.0,20,whole,NE,medical,0
0.0,70000.0,5.0,35.3,0.5553007710860551,0,18,10,0.0,20,whole,MA,debt_consolidation,1
0.0,104000.0,10.0,8.0,0.10423096906463708,0,31,10,0.0,20,fractional,GA,debt_consolidation,0
0.0,69000.0,2.0,7.65,0.4426857288741384,3,12,10,0.0,20,whole,GA,home_improvement,0
0.0,83550.0,10.0,24.52,0.21038261605092268,0,24,10,0.0,20,whole,ME,debt_consolidation,0
0.0,61400.92,4.0,28.44,0.41325146159370346,0,11,10,0.0,20,fractional,OH,debt_consolidation,0
0.0,126246.0,7.0,27.79,0.6151849362902057,0,11,10,0.0,20,whole,FL,credit_card,0
0.0,100000.0,10.0,9.14,0.08319904014680107,0,22,10,0.0,20,whole,GA,debt_consolidation,0
0.0,171764.0,10.0,30.4,0.25447187413527295,0,18,10,0.0,20,whole,VA,credit_card,0
0.0,229000.0,10.0,8.22,0.05975015783108398,1,14,10,0.0,20,whole,NJ,small_business,0
0.0,69000.0,4.0,28.74,0.2652861653982159,0,24,10,0.0,20,whole,IL,credit_card,0
0.0,50000.0,3.0,21.6,0.1598957012427086,0,11,10,0.0,20,whole,UT,credit_card,0
0.0,45000.0,9.0,29.2,0.22098951305336323,0,23,10,0.0,20,whole,NY,credit_card,0
0.0,150000.0,3.0,25.13,0.571435294117647,2,18,10,0.0,20,whole,NY,house,0
0.0,28711.0,2.0,16.05,0.6503409090909091,0,6,10,0.0,20,whole,MO,credit_card,0
0.0,51000.0,4.0,25.6,0.6006595329429976,0,10,10,0.0,20,whole,IL,credit_card,0
0.0,109000.0,10.0,16.89,0.0960344761742492,0,22,10,0.0,20,fractional,TX,debt_consolidation,0
0.0,54000.0,10.0,25.09,0.7806716444318624,0,17,10,0.0,20,whole,CA,other,0
0.0,97000.0,0.0,18.35,0.06003690905431635,0,16,10,0.0,20,fractional,CT,debt_consolidation,0
0.0,351950.0,10.0,8.11,0.17877973876434441,0,13,10,0.0,20,whole,NJ,debt_consolidation,0
0.0,180000.0,10.0,13.58,0.16181922143106664,0,28,10,0.0,20,whole,CO,debt_consolidation,0
0.0,150000.0,10.0,2.04,0.23730909090909091,0,23,10,0.0,20,whole,TX,vacation,0
0.0,15000.0,10.0,20.83,0.33689119170984455,0,11,10,0.0,20,whole,TN,credit_card,0
0.0,30000.0,6.0,23.68,0.7568703638290357,0,11,10,0.0,20,whole,GA,debt_consolidation,0
0.0,70000.0,10.0,20.08,0.13516535992261572,0,25,10,0.0,20,whole,NC,debt_consolidation,0
0.0,63000.0,10.0,8.65,0.07969187299373195,0,14,10,0.0,20,whole,RI,debt_consolidation,0
0.0,92290.0,10.0,3.97,0.39600301659125187,0,4,10,0.0,20,whole,CA,credit_card,0
0.0,45000.0,7.0,22.77,0.28,0,12,10,0.0,20,whole,WA,debt_consolidation,0
0.0,41000.0,2.0,25.67,0.16259273096013235,0,26,10,0.0,20,whole,MO,credit_card,0
0.0,138000.0,4.0,19.36,0.14002242152466368,0,15,10,0.0,20,whole,IL,credit_card,0
0.0,56000.0,4.0,7.25,0.1917718042194246,0,7,10,0.0,20,whole,FL,other,0
0.0,25000.0,6.0,7.36,0.2374561403508772,0,18,10,0.0,20,whole,FL,credit_card,0
0.0,68000.0,10.0,15.95,0.1185241067571544,0,20,10,0.0,20,fractional,FL,credit_card,0
0.0,65000.0,2.0,17.01,0.3843177737881508,0,14,10,0.0,20,whole,HI,debt_consolidation,0
0.0,52500.0,2.0,33.12,0.7921258053522452,1,8,10,0.0,20,whole,PA,credit_card,0
0.0,80000.0,10.0,10.47,0.11675554178363803,0,25,10,0.0,20,whole,TX,debt_consolidation,0
0.0,45000.0,1.0,13.2,0.5552777777777778,0,15,10,0.0,20,whole,NJ,credit_card,0
0.0,45500.0,10.0,17.46,0.13411796976592977,0,14,10,0.0,20,whole,AZ,other,0
0.0,48000.0,5.0,18.95,0.25569155446756425,0,11,10,0.0,20,whole,FL,credit_card,0
0.0,118000.0,6.0,10.84,0.0345363259621425,0,11,10,0.0,20,whole,OH,debt_consolidation,0
0.0,85000.0,9.0,11.2,0.2693862699118622,0,20,10,0.0,20,whole,TX,debt_consolidation,0
0.0,130000.0,10.0,11.19,0.21264186839860919,1,13,10,0.0,20,whole,UT,debt_consolidation,0
0.0,37000.0,10.0,17.69,0.4666592427616926,0,16,10,0.0,20,whole,NY,debt_consolidation,0
0.0,94352.0,1.0,23.19,0.8005202920348841,0,14,10,0.0,20,fractional,WV,debt_consolidation,0
0.0,50000.0,2.0,11.33,0.5051204819277109,0,14,10,0.0,20,whole,WA,other,0
0.0,140000.0,10.0,26.82,0.17523353553709778,1,19,10,0.0,20,whole,CO,home_improvement,0
0.0,34416.0,5.0,37.8,0.47450885091578837,0,14,10,0.0,20,whole,NJ,credit_card,0
0.0,34235.0,10.0,29.59,0.6269716970578364,0,13,10,0.0,20,fractional,NC,debt_consolidation,0
0.0,125000.0,10.0,26.95,0.09952021856087961,0,19,10,0.0,20,whole,GA,home_improvement,0
0.0,45000.0,2.0,18.29,0.7765136226034309,0,5,10,0.0,20,whole,AZ,debt_consolidation,0
0.0,35000.0,1.0,30.76,0.656556256172605,0,6,10,0.0,20,whole,CA,credit_card,0
0.0,100000.0,10.0,16.32,0.05280766544954262,0,26,10,0.0,20,whole,CO,debt_consolidation,0
0.0,103000.0,10.0,27.37,0.2853211089973931,2,26,10,0.0,20,whole,SC,debt_consolidation,0
0.0,152686.0,10.0,8.88,0.07062363238512034,0,18,10,0.0,20,whole,MI,other,0
0.0,330000.0,10.0,19.31,0.247378426442632,0,35,10,0.0,20,whole,FL,debt_consolidation,0
0.0,55000.0,3.0,21.77,0.8250987177161674,0,29,10,0.0,20,whole,CA,debt_consolidation,0
0.0,95500.0,10.0,16.44,0.07547856845609655,2,12,10,0.0,20,fractional,NC,home_improvement,0
0.0,65000.0,6.0,8.79,0.1755097087378641,0,15,10,0.0,20,whole,TX,home_improvement,0
0.0,59000.0,3.0,24.98,0.5607776777912542,0,12,10,0.0,20,whole,FL,debt_consolidation,0
0.0,175933.0,5.0,17.53,0.13820107362335737,0,18,10,0.0,20,fractional,CA,debt_consolidation,0
0.0,113409.0,10.0,19.92,0.8172083692610906,1,20,10,0.0,20,whole,PA,small_business,0
0.0,65000.0,0.0,21.16,0.3583378125758102,0,17,10,0.0,20,whole,TX,credit_card,0
0.0,60000.0,10.0,7.64,0.4490952380952381,0,20,10,0.0,20,whole,NJ,debt_consolidation,0
0.0,85000.0,9.0,22.88,0.4693879628969688,0,16,10,0.0,20,whole,NJ,debt_consolidation,1
0.0,150000.0,3.0,12.86,0.0477079240340537,0,31,10,0.0,20,whole,CA,debt_consolidation,0
0.0,130000.0,10.0,39.48,0.32985890175617205,0,17,10,0.0,20,whole,TX,debt_consolidation,0
0.0,70000.0,10.0,20.52,0.5131681692340456,0,8,10,0.0,20,whole,NY,home_improvement,0
0.0,100000.0,10.0,5.98,0.06966897504971721,0,15,10,0.0,20,whole,CO,other,0
0.0,78000.0,3.0,19.26,0.3682327305474925,0,24,10,0.0,20,whole,NC,debt_consolidation,0
0.0,106500.0,1.0,10.3,0.1311493380554853,0,6,10,0.0,20,fractional,OR,debt_consolidation,0
0.0,130000.0,10.0,6.75,0.011906433472237757,2,29,10,0.0,20,whole,GA,home_improvement,0
0.0,134315.0,4.0,29.45,0.21418503903501215,0,25,10,0.0,20,whole,GA,debt_consolidation,0
0.0,45000.0,2.0,7.28,0.08870071684587813,0,12,10,0.0,20,whole,WI,major_purchase,0
0.0,89000.0,2.0,11.77,0.2663001990358439,0,12,10,0.0,20,whole,PA,debt_consolidation,0
0.0,57500.0,10.0,16.18,0.08401095168495379,0,20,10,0.0,20,whole,IL,other,0
0.0,102000.0,10.0,2.19,0.013481434590809282,0,17,10,0.0,20,whole,MO,moving,0
0.0,112700.0,1.0,9.1,0.13847750271448625,0,9,10,0.0,20,whole,CA,debt_consolidation,0
0.0,96000.0,5.0,9.43,0.3599173231417206,0,15,10,0.0,20,fractional,CA,debt_consolidation,0
0.0,112500.0,6.0,19.42,0.7734285866609799,1,21,10,0.0,20,whole,CA,debt_consolidation,0
0.0,52000.0,10.0,21.39,0.04521867435922942,0,21,10,0.0,20,whole,DE,debt_consolidation,0
0.0,177000.0,10.0,17.1,0.12194053844306066,1,33,10,0.0,20,whole,FL,credit_card,0
0.0,34500.0,0.0,6.43,0.9830427046263345,0,11,10,0.0,20,whole,MO,credit_card,0
0.0,15000.0,5.0,6.8,1.3573006134969325,0,17,10,0.0,20,whole,CA,home_improvement,0
0.0,65000.0,2.0,26.44,0.8965139374015478,0,22,10,0.0,20,whole,TX,credit_card,0
0.0,75000.0,6.0,27.23,0.3479823188320191,0,12,10,0.0,20,whole,CO,debt_consolidation,0
0.0,88000.0,6.0,13.51,0.3013531294390289,0,27,10,0.0,20,whole,MI,debt_consolidation,0
0.0,45000.0,10.0,33.41,0.6359431483934705,1,18,10,0.0,20,whole,MO,debt_consolidation,0
0.0,232000.0,7.0,29.11,0.09835007602683449,0,40,10,0.0,20,whole,CA,major_purchase,0
0.0,77900.0,10.0,34.65,0.15402391089513534,0,28,10,0.0,20,whole,CO,debt_consolidation,0
0.0,34000.0,2.0,13.73,0.3093157894736842,0,5,10,0.0,20,fractional,NY,credit_card,0
0.0,90000.0,0.0,24.57,0.5872105511279475,1,22,10,0.0,20,whole,TN,debt_consolidation,0
0.0,80000.0,10.0,22.4,0.42168805742875787,0,24,10,0.0,20,whole,OK,debt_consolidation,0
0.0,108000.0,6.0,4.56,0.3221968365553603,0,15,10,0.0,20,whole,NY,credit_card,0
0.0,80000.0,10.0,29.34,0.3736436846238563,0,26,10,0.0,20,whole,MI,debt_consolidation,0
0.0,155794.0,10.0,17.68,0.2543524038318949,1,14,10,0.0,20,whole,FL,debt_consolidation,0
0.0,93600.0,10.0,15.78,0.11787277414713113,1,17,10,0.0,20,fractional,FL,debt_consolidation,0
0.0,50000.0,5.0,26.02,0.2073008374490015,0,7,10,0.0,20,whole,NC,debt_consolidation,0
0.0,98000.0,9.0,22.86,0.29499613905857713,0,22,10,0.0,20,whole,TN,debt_consolidation,0
0.0,70000.0,10.0,14.11,0.11900729335494327,0,22,10,0.0,20,whole,CA,debt_consolidation,0
0.0,50000.0,5.0,3.44,0.15309803921568627,0,37,10,0.0,20,whole,FL,debt_consolidation,0
0.0,50000.0,2.0,25.32,0.43740728334210655,1,5,10,0.0,20,whole,TX,other,0
0.0,25000.0,1.0,32.12,0.6762149204581225,0,11,10,0.0,20,whole,FL,credit_card,0
0.0,45000.0,6.0,18.16,0.617345117880461,0,9,10,0.0,20,whole,PA,other,0
0.0,175000.0,10.0,8.91,0.273547217266692,0,17,10,0.0,20,whole,IN,debt_consolidation,0
0.0,118000.0,10.0,12.5,0.9605193140970646,0,35,10,0.0,20,whole,NJ,debt_consolidation,0
0.0,105000.0,4.0,12.54,0.5946323952198169,0,15,10,0.0,20,whole,MN,credit_card,0
0.0,159000.0,10.0,12.37,0.6408398639656957,0,18,10,0.0,20,whole,VA,home_improvement,0
0.0,74000.0,10.0,19.82,0.02015049857285836,0,24,10,0.0,20,whole,OH,major_purchase,0
0.0,43000.0,10.0,4.02,1.0040828485315763,0,11,10,0.0,20,whole,TX,credit_card,0
0.0,78000.0,8.0,30.13,0.41523468661736485,0,9,10,0.0,20,whole,NY,credit_card,0
0.0,115000.0,2.0,12.75,0.6241168640567938,0,19,10,0.0,20,fractional,DC,home_improvement,0
0.0,56000.0,10.0,22.31,0.7581575548859234,0,15,10,0.0,20,whole,FL,credit_card,0
0.0,120000.0,10.0,4.8,0.7021261209140873,0,25,10,0.0,20,whole,VA,home_improvement,0
0.0,128000.0,10.0,24.77,0.527913738667277,0,23,10,0.0,20,whole,TX,debt_consolidation,0
0.0,285000.0,2.0,15.56,0.12842329545454545,0,26,10,0.0,20,whole,TX,debt_consolidation,0
0.0,55000.0,3.0,7.27,0.25679012345679014,0,11,10,0.0,20,fractional,IL,debt_consolidation,0
0.0,115000.0,5.0,18.41,0.6326639619060607,0,34,10,0.0,20,whole,AL,debt_consolidation,0
0.0,73623.0,3.0,17.7,0.3673791361682165,0,9,10,0.0,20,whole,NM,credit_card,0
0.0,32500.0,2.0,9.93,0.8322595281306715,0,14,10,0.0,20,whole,IN,small_business,0
0.0,60705.0,2.0,28.87,0.5694149819817518,1,34,10,0.0,20,whole,NY,credit_card,0
0.0,70000.0,1.0,27.05,0.2858753322508248,0,17,10,0.0,20,whole,GA,credit_card,0
0.0,70000.0,10.0,9.51,0.7243700787401575,0,16,10,0.0,20,whole,CA,debt_consolidation,0
0.0,62000.0,5.0,19.82,0.15714839666030206,0,12,10,0.0,20,whole,VA,credit_card,0
0.0,110000.0,9.0,24.92,0.810814975899179,0,16,10,0.0,20,whole,AZ,debt_consolidation,0
0.0,250000.0,10.0,3.67,0.0685922213968246,0,15,10,0.0,20,fractional,NY,debt_consolidation,0
0.0,40000.0,7.0,6.69,0.3695135135135135,1,9,10,0.0,20,fractional,TX,debt_consolidation,0
0.0,100000.0,5.0,18.7,0.2319486659912192,0,18,10,0.0,20,whole,TX,debt_consolidation,0
0.0,48000.0,10.0,15.68,0.22114132058559904,0,21,10,0.0,20,whole,SC,credit_card,0
0.0,42000.0,10.0,23.17,0.46590952913501216,0,18,10,0.0,20,fractional,MA,debt_consolidation,0
0.0,72000.0,6.0,24.83,0.7034802930773117,0,32,10,0.0,20,whole,FL,debt_consolidation,0
0.0,48450.0,3.0,20.19,0.8257637801805912,0,8,10,0.0,20,fractional,OH,debt_consolidation,0
0.0,189200.0,4.0,21.62,0.23686400503455043,0,14,10,0.0,20,whole,TX,debt_consolidation,0
0.0,32000.0,5.0,9.3,0.03794327463211221,1,15,10,0.0,20,fractional,KY,debt_consolidation,0
0.0,95500.0,6.0,31.26,0.48059689458164395,0,19,10,0.0,20,whole,NV,home_improvement,0
0.0,80000.0,7.0,17.9,0.6823773936698607,0,14,10,0.0,20,whole,MI,debt_consolidation,0
0.0,65000.0,5.0,5.1,0.0736955422960031,0,12,10,0.0,20,whole,TX,major_purchase,0
0.0,100000.0,10.0,4.04,0.0857208088714938,1,35,10,0.0,20,whole,IL,debt_consolidation,0
0.0,59000.0,6.0,10.92,0.1390602489749178,0,20,10,0.0,20,fractional,MI,home_improvement,1
0.0,50000.0,6.0,13.66,0.9019946712752934,0,12,10,0.0,20,whole,VA,debt_consolidation,0
0.0,55000.0,3.0,18.85,0.34842408624449156,0,14,10,0.0,20,whole,NY,credit_card,0
0.0,105000.0,6.0,24.29,0.1812055231916303,0,8,10,0.0,20,whole,OK,debt_consolidation,0
0.0,71000.0,4.0,18.61,0.2906697206659143,2,21,10,0.0,20,whole,TX,debt_consolidation,0
0.0,75000.0,10.0,4.14,0.5601498983739838,0,14,10,0.0,20,whole,NY,home_improvement,0
0.0,160000.0,10.0,6.26,0.1584695652173913,0,23,10,0.0,20,whole,CA,other,0
0.0,108000.0,10.0,18.99,0.5588175625173512,0,16,10,0.0,20,whole,MI,other,0
0.0,60000.0,10.0,11.7,0.48217317487266553,0,4,10,0.0,20,whole,CO,debt_consolidation,0
0.0,320000.0,1.0,12.65,0.09836121127862014,1,23,10,0.0,20,whole,AZ,debt_consolidation,0
0.0,250000.0,9.0,16.73,0.5509163787145819,0,21,10,0.0,20,whole,FL,debt_consolidation,0
0.0,76000.0,10.0,8.26,0.28290621761199053,0,14,10,0.0,20,whole,NY,debt_consolidation,0
0.0,130000.0,2.0,12.04,0.6065619979141416,0,26,10,0.0,20,whole,CA,credit_card,0
0.0,70000.0,8.0,14.04,0.7450166293502598,0,14,10,0.0,20,whole,FL,debt_consolidation,0
0.0,80000.0,10.0,10.44,0.059613928841786526,0,6,10,0.0,20,whole,GA,debt_consolidation,0
0.0,118000.0,10.0,18.52,0.32384186659201164,0,18,10,0.0,20,whole,WA,house,0
0.0,102000.0,10.0,17.46,0.8016867079758032,0,12,10,0.0,20,fractional,FL,debt_consolidation,0
0.0,20000.0,1.0,11.28,0.9791379310344828,0,6,10,0.0,20,whole,MI,other,0
0.0,35000.0,1.0,20.16,0.5720057343933272,0,3,10,0.0,20,whole,TX,credit_card,0
0.0,35000.0,1.0,34.99,0.5703883495145631,0,14,10,0.0,20,whole,NC,credit_card,0
0.0,128000.0,7.0,16.3,0.09567782205653397,0,20,10,0.0,20,whole,MD,debt_consolidation,0
0.0,55000.0,10.0,36.16,0.8212798785266457,0,14,10,0.0,20,whole,PA,debt_consolidation,0
0.0,60000.0,10.0,15.2,0.23823009869052647,0,24,10,0.0,20,whole,FL,debt_consolidation,0
0.0,22000.0,8.0,12.11,0.7124028856825749,0,19,10,0.0,20,fractional,FL,credit_card,0
0.0,50000.0,5.0,15.19,0.07129428436466698,1,29,10,0.0,20,whole,NJ,debt_consolidation,0
0.0,45000.0,1.0,21.79,0.30493328771809786,0,8,10,0.0,20,whole,FL,credit_card,0
0.0,35000.0,2.0,19.03,0.4481437469267333,0,7,10,0.0,20,fractional,CA,debt_consolidation,0
0.0,90000.0,6.0,37.03,0.3456756605983971,1,26,10,0.0,20,fractional,NJ,debt_consolidation,0
0.0,1100000.0,10.0,7.67,0.5437412190583877,0,30,10,0.0,20,whole,CA,home_improvement,0
0.0,40000.0,2.0,16.55,0.7836194212849436,0,31,10,0.0,20,whole,WA,debt_consolidation,0
0.0,38500.0,10.0,35.6,0.5308191462750695,0,13,10,0.0,20,fractional,IL,debt_consolidation,0
0.0,100000.0,2.0,9.55,0.39935089979250393,0,12,10,0.0,20,whole,GA,house,0
0.0,125000.0,1.0,21.24,0.2311720469552458,0,11,10,0.0,20,whole,TX,debt_consolidation,0
0.0,32000.0,6.0,34.43,0.1436412610750648,0,12,10,0.0,20,whole,GA,car,0
0.0,82000.0,6.0,0.67,0.0801829268292683,0,24,10,0.0,20,fractional,IN,debt_consolidation,0
0.0,65000.0,5.0,22.03,0.6561804616257254,0,23,10,0.0,20,whole,VA,credit_card,0
0.0,108000.0,3.0,12.59,0.2122341484542276,0,11,10,0.0,20,fractional,PA,credit_card,0
0.0,38560.0,6.0,17.82,0.07742592592592593,0,17,10,0.0,20,whole,NC,home_improvement,0
0.0,50000.0,10.0,7.63,0.05792255685310387,0,19,10,0.0,20,whole,WI,credit_card,0
0.0,82048.0,6.0,29.97,0.23036963811517513,0,49,10,0.0,20,whole,VA,debt_consolidation,0
0.0,40000.0,0.0,9.72,0.5912637656564166,0,4,10,0.0,20,whole,TX,credit_card,0
0.0,60000.0,2.0,39.27,0.5313778583612658,0,29,10,0.0,20,whole,OH,debt_consolidation,0
0.0,58000.0,10.0,12.39,0.059999510008084865,0,18,10,0.0,20,whole,NJ,debt_consolidation,0
0.0,50000.0,3.0,13.06,0.8121849660311199,0,15,10,0.0,20,fractional,SC,debt_consolidation,0
0.0,125000.0,4.0,7.19,0.5647630939081291,0,14,10,0.0,20,whole,NV,major_purchase,0
0.0,30000.0,0.0,11.34,0.5258285714285714,0,5,10,0.0,20,fractional,IN,debt_consolidation,0
0.0,35000.0,6.0,24.86,0.5205855855855855,0,11,10,0.0,20,whole,OH,debt_consolidation,0
0.0,83000.0,8.0,15.95,0.33134169678928344,0,21,10,0.0,20,whole,CA,credit_card,0
0.0,30000.0,0.0,22.56,1.0219999124381594,0,17,10,0.0,20,fractional,NH,credit_card,0
0.0,88500.0,10.0,24.35,0.16832840314827532,0,11,10,0.0,20,whole,TX,credit_card,0
0.0,80000.0,6.0,7.68,0.4152264808362369,0,13,10,0.0,20,fractional,FL,credit_card,0
0.0,55000.0,7.0,11.63,0.5308701472556894,0,12,10,0.0,20,fractional,NY,debt_consolidation,0
0.0,50000.0,10.0,12.87,0.41917149034102796,0,14,10,0.0,20,whole,NY,debt_consolidation,0
0.0,100000.0,2.0,38.75,0.7265964776299358,0,11,10,0.0,20,fractional,MS,credit_card,0
0.0,60000.0,2.0,8.28,0.04330772185939301,0,13,10,0.0,20,whole,IL,credit_card,0
0.0,55296.0,6.0,24.26,0.15163416560354778,0,26,10,0.0,20,whole,GA,debt_consolidation,0
0.0,106000.0,10.0,11.32,0.1441863516154202,0,36,10,0.0,20,fractional,WA,debt_consolidation,0
0.0,50000.0,3.0,18.8,0.6289750513884971,0,8,10,0.0,20,whole,NC,credit_card,0
0.0,41000.0,2.0,16.6,0.17801299529148343,0,15,10,0.0,20,whole,MI,car,0
0.0,450000.0,10.0,7.33,0.7396444425787359,0,14,10,0.0,20,whole,TX,debt_consolidation,0
0.0,440000.0,10.0,21.37,0.3808138678134334,0,34,10,0.0,20,whole,GA,credit_card,0
0.0,73500.0,5.0,17.83,0.8644774972940888,0,13,10,0.0,20,whole,IN,debt_consolidation,0
0.0,83000.0,10.0,12.61,0.10966022257426264,0,16,10,0.0,20,whole,TN,other,0
0.0,38000.0,0.0,24.35,0.682923076923077,0,21,10,0.0,20,whole,MN,debt_consolidation,0
0.0,89000.0,10.0,21.36,0.19673888228943773,1,20,10,0.0,20,fractional,FL,major_purchase,0
0.0,106000.0,10.0,16.88,0.12430488707149619,0,36,10,0.0,20,whole,CT,debt_consolidation,0
0.0,30000.0,5.0,14.48,0.3627305327868853,0,11,10,0.0,20,whole,CA,debt_consolidation,0
0.0,110000.0,8.0,22.1,0.1862576541631025,1,16,10,0.0,20,whole,CA,small_business,0
0.0,89748.0,4.0,17.18,0.8013810225773915,0,17,10,0.0,20,whole,CA,debt_consolidation,0
0.0,60000.0,1.0,2.84,0.2698684210526316,0,10,10,0.0,20,fractional,WA,major_purchase,0
0.0,170936.0,10.0,18.45,0.44881693648816934,0,16,10,0.0,20,whole,CA,debt_consolidation,0
0.0,34000.0,0.0,13.2,0.058509356416619446,0,9,10,0.0,20,whole,AZ,debt_consolidation,0
0.0,86000.0,1.0,10.81,0.09115268916471403,0,14,10,0.0,20,whole,NY,home_improvement,0
0.0,158000.0,10.0,26.38,0.9554560531795719,0,13,10,0.0,20,whole,CA,debt_consolidation,0
0.0,72000.0,6.0,22.99,0.7347172694854814,0,10,10,0.0,20,fractional,AZ,credit_card,0
0.0,63000.0,3.0,14.78,0.35617026048039935,0,12,10,0.0,20,whole,GA,home_improvement,0
0.0,64000.0,5.0,37.63,0.7563493911265424,0,4,10,0.0,20,whole,NC,credit_card,0
0.0,97500.0,6.0,31.35,0.24123650761449728,0,16,10,0.0,20,whole,WI,credit_card,0
0.0,32000.0,6.0,10.62,0.026815834767641995,0,16,10,0.0,20,whole,NH,debt_consolidation,0
0.0,83000.0,10.0,26.13,0.12215502230647969,0,19,10,0.0,20,whole,NH,debt_consolidation,0
0.0,100000.0,6.0,11.46,0.368045307198446,0,22,10,0.0,20,fractional,ME,debt_consolidation,0
0.0,58000.0,6.0,23.36,0.26506276150627617,0,22,10,0.0,20,whole,VA,debt_consolidation,0
0.0,200000.0,10.0,5.5,0.2476531587927965,0,13,10,0.0,20,fractional,IL,debt_consolidation,0
0.0,71000.0,10.0,29.67,0.25128416187167085,0,12,10,0.0,20,whole,SC,credit_card,0
0.0,97000.0,3.0,11.22,0.8388184461314812,0,10,10,0.0,20,whole,NY,credit_card,0
0.0,68353.0,6.0,16.06,0.12500345833125834,0,19,10,0.0,20,fractional,NY,home_improvement,1
0.0,52278.85,0.0,18.04,0.23061682242990655,1,13,10,0.0,20,whole,AZ,credit_card,0
0.0,119000.0,2.0,29.09,0.35249224078011987,0,12,10,0.0,20,whole,MD,credit_card,0
0.0,60000.0,6.0,34.08,0.3942752928079961,0,13,10,0.0,20,whole,AZ,debt_consolidation,0
0.0,319000.0,7.0,27.03,0.427345252052839,0,21,10,0.0,20,whole,NY,debt_consolidation,0
0.0,54000.0,5.0,28.24,0.5587822671156004,0,13,10,0.0,20,whole,CA,debt_consolidation,0
0.0,42000.0,3.0,22.07,0.3341445257571734,0,13,10,0.0,20,whole,IN,credit_card,0
0.0,12000.0,6.0,10.3,0.09124324324324325,1,33,10,0.0,20,whole,OK,debt_consolidation,0
0.0,110000.0,1.0,34.15,0.7376452012343333,0,11,10,0.0,20,fractional,WI,credit_card,0
0.0,40400.0,2.0,27.17,0.32168411289254006,0,34,10,0.0,20,whole,GA,debt_consolidation,0
0.0,115000.0,10.0,23.93,0.19677173290363295,0,12,10,0.0,20,whole,FL,debt_consolidation,0
0.0,36000.0,1.0,6.1,0.33111111111111113,0,7,10,0.0,20,whole,NY,credit_card,0
0.0,115000.0,1.0,23.05,0.5197235101617885,0,19,10,0.0,20,whole,CA,home_improvement,0
0.0,70000.0,3.0,0.0,0.0,0,15,10,0.0,20,whole,NY,credit_card,0
0.0,56000.0,5.0,9.84,0.504486301369863,0,4,10,0.0,20,fractional,NY,debt_consolidation,0
0.0,118000.0,10.0,8.41,0.10728755756786693,1,24,10,0.0,20,fractional,CA,other,0
0.0,105000.0,2.0,22.1,0.8761561758205779,0,37,10,0.0,20,whole,TX,debt_consolidation,0
0.0,85000.0,10.0,9.81,0.12792742498255408,0,15,10,0.0,20,whole,MD,home_improvement,0
0.0,71487.0,10.0,18.52,0.2587437166777476,0,35,10,0.0,20,whole,TX,house,0
0.0,27480.0,5.0,24.89,0.1888498880491215,0,6,10,0.0,20,whole,SC,debt_consolidation,0
0.0,50000.0,2.0,25.11,0.6779363429502486,0,5,10,0.0,20,whole,NC,other,0
0.0,65000.0,2.0,22.54,0.8268296888020459,2,21,10,0.0,20,whole,MD,debt_consolidation,0
0.0,120690.0,9.0,12.89,0.44872032927923744,0,11,10,0.0,20,whole,CA,debt_consolidation,0
0.0,80000.0,2.0,20.84,0.6837095117613167,0,10,10,0.0,20,whole,AK,debt_consolidation,0
0.0,60000.0,1.0,12.32,0.4611328952946164,0,5,10,0.0,20,whole,RI,debt_consolidation,0
0.0,97000.0,3.0,7.29,0.04266216141950741,0,25,10,0.0,20,whole,AK,debt_consolidation,0
0.0,109992.0,2.0,2.25,0.34251162790697676,1,10,10,0.0,20,whole,TX,debt_consolidation,0
0.0,125000.0,10.0,5.44,0.07652901388394447,2,16,10,0.0,20,whole,MA,credit_card,0
0.0,40000.0,8.0,6.87,0.30047752808988765,0,5,10,0.0,20,whole,NY,credit_card,0
0.0,52500.0,5.0,9.92,0.2333004800813913,0,15,10,0.0,20,whole,ID,medical,0
0.0,50000.0,5.0,25.16,0.7365299424551489,1,22,10,0.0,20,whole,WA,other,0
0.0,45000.0,7.0,13.79,0.70959209000705,0,13,10,0.0,20,whole,TX,other,0
0.0,161000.0,6.0,20.2,0.24052444460965358,0,17,10,0.0,20,whole,AL,debt_consolidation,0
0.0,50000.0,0.0,30.33,0.19354228456913827,0,26,10,0.0,20,whole,NC,other,0
0.0,170000.0,2.0,27.57,0.7115915985546731,0,25,10,0.0,20,whole,TX,debt_consolidation,0
0.0,105832.0,10.0,10.52,0.1750155346302758,0,27,10,0.0,20,whole,MT,other,0
0.0,327000.0,5.0,7.49,0.06010656922831397,0,7,10,0.0,20,fractional,CA,home_improvement,0
0.0,94966.0,10.0,10.54,0.10898878446912548,1,24,10,0.0,20,whole,GA,house,0
0.0,55000.0,10.0,22.04,0.7530602550517046,0,18,10,0.0,20,whole,NJ,other,0
0.0,105000.0,10.0,17.79,0.5466120399492358,0,6,10,0.0,20,whole,CA,debt_consolidation,0
0.0,60000.0,3.0,16.42,0.618514774137218,0,31,10,0.0,20,fractional,OR,debt_consolidation,0
0.0,2300000.0,3.0,3.08,0.3413458891705904,0,20,10,0.0,20,whole,NC,major_purchase,0
0.0,151500.0,7.0,11.85,0.16217556751497078,0,33,10,0.0,20,whole,MD,debt_consolidation,0
0.0,56000.0,10.0,28.6,0.20084754598028934,1,19,10,0.0,20,whole,PA,debt_consolidation,0
0.0,65000.0,2.0,16.76,0.2562164073550212,0,17,10,0.0,20,whole,NJ,debt_consolidation,0
0.0,75000.0,9.0,31.04,0.17719780853784056,0,18,10,0.0,20,fractional,NV,debt_consolidation,0
0.0,98000.0,10.0,17.67,0.12953623275525233,0,18,10,0.0,20,whole,RI,debt_consolidation,0
0.0,38700.0,2.0,29.24,0.46200873362445416,0,10,10,0.0,20,whole,CA,debt_consolidation,0
0.0,60000.0,10.0,15.0,0.6824945385598286,0,11,10,0.0,20,whole,CT,house,0
0.0,72000.0,6.0,30.1,0.14722421247683756,0,23,10,0.0,20,whole,MD,credit_card,0
0.0,120000.0,10.0,13.99,0.5427403846153847,2,25,10,0.0,20,fractional,CA,car,0
0.0,150000.0,6.0,13.68,0.19561419810444156,0,29,10,0.0,20,whole,TN,debt_consolidation,0
0.0,178000.0,10.0,9.68,0.008626092196444713,0,24,10,0.0,20,whole,CA,credit_card,0
0.0,80000.0,10.0,16.7,0.12222200081414912,0,14,10,0.0,20,whole,NY,debt_consolidation,0
0.0,68000.0,10.0,19.22,0.16338990135992504,0,20,10,0.0,20,whole,MN,debt_consolidation,0
0.0,80000.0,2.0,8.85,0.32947673226732266,2,19,10,0.0,20,whole,NJ,small_business,0
0.0,110000.0,10.0,17.36,0.69478012564249,0,14,10,0.0,20,whole,MO,debt_consolidation,0
0.0,78000.0,10.0,25.22,0.30514563687473834,0,12,10,0.0,20,whole,TX,debt_consolidation,0
0.0,120000.0,10.0,18.76,0.3238550951705448,0,19,10,0.0,20,whole,NC,small_business,0
0.0,159000.0,3.0,17.43,0.5159345141761865,0,21,10,0.0,20,whole,TX,debt_consolidation,0
0.0,86000.0,3.0,20.32,0.1390001810669783,0,21,10,0.0,20,whole,SC,debt_consolidation,0
0.0,41000.0,10.0,16.92,0.2632318541304292,0,15,10,0.0,20,whole,WV,credit_card,0
0.0,190000.0,10.0,6.51,0.17166418242706982,0,13,10,0.0,20,whole,TX,home_improvement,0
0.0,54000.0,10.0,25.02,0.8245873442167838,0,29,10,0.0,20,fractional,CA,credit_card,0
0.0,280000.0,6.0,11.49,0.13889746863583335,1,12,10,0.0,20,whole,NJ,debt_consolidation,0
0.0,50000.0,2.0,23.38,0.9551828887686737,0,22,10,0.0,20,whole,OR,debt_consolidation,0
0.0,33996.0,0.0,4.45,0.43783132530120483,0,10,10,0.0,20,whole,IL,debt_consolidation,0
0.0,60000.0,0.0,17.86,0.6776778242677824,0,14,10,0.0,20,fractional,NY,debt_consolidation,0
0.0,60000.0,3.0,16.18,0.5465017667844523,0,20,10,0.0,20,whole,IN,car,0
0.0,92000.0,0.0,15.72,0.5847784376427593,0,14,10,0.0,20,whole,VA,credit_card,0
0.0,87000.0,2.0,32.73,0.32701836199358786,0,10,10,0.0,20,whole,IN,debt_consolidation,0
0.0,80000.0,2.0,15.9,0.7862998209742769,0,9,10,0.0,20,whole,OH,debt_consolidation,0
0.0,191000.0,10.0,27.61,0.2620180312922078,1,16,10,0.0,20,whole,VA,debt_consolidation,0
0.0,125000.0,10.0,14.89,0.20267658928105986,0,16,10,0.0,20,whole,WV,debt_consolidation,0
0.0,52000.0,10.0,20.97,0.0967925368623646,0,12,10,0.0,20,fractional,AL,debt_consolidation,0
0.0,20000.0,1.0,17.17,0.2204974292110507,0,5,10,0.0,20,whole,CA,credit_card,0
0.0,49000.0,6.0,17.24,0.3461752988047809,0,35,10,0.0,20,whole,CA,debt_consolidation,0
0.0,179443.0,5.0,28.14,0.32433274333733664,0,26,10,0.0,20,whole,VA,debt_consolidation,0
0.0,112029.0,6.0,11.46,0.7315424333291932,1,9,10,0.0,20,whole,TX,debt_consolidation,0
0.0,90000.0,2.0,15.96,0.676664239334911,0,6,10,0.0,20,whole,CT,other,0
0.0,43000.0,10.0,18.14,0.3951571531174117,0,13,10,0.0,20,whole,NC,credit_card,0
0.0,61175.0,10.0,6.36,0.545,0,5,10,0.0,20,whole,FL,debt_consolidation,0
0.0,24000.0,3.0,5.7,0.9811764705882353,0,4,10,0.0,20,whole,NC,debt_consolidation,0
0.0,125000.0,0.0,30.4,1.2235526793762697,0,15,10,0.0,20,whole,CA,debt_consolidation,0
0.0,110000.0,2.0,33.55,0.36666811749197903,0,28,10,0.0,20,whole,PA,debt_consolidation,0
0.0,30000.0,10.0,31.24,0.45183727034120735,0,14,10,0.0,20,whole,NY,other,0
0.0,93000.0,5.0,9.59,0.4229157667386609,0,23,10,0.0,20,whole,KS,debt_consolidation,0
0.0,40000.0,6.0,15.18,0.5295529552955296,0,11,10,0.0,20,whole,FL,credit_card,0
0.0,92320.0,10.0,17.57,0.08482852137881265,0,23,10,0.0,20,whole,AZ,credit_card,0
0.0,67320.0,6.0,23.73,0.6169851293818236,0,20,10,0.0,20,fractional,FL,home_improvement,0
0.0,48000.0,7.0,27.9,0.37937847198010366,0,12,10,0.0,20,whole,CT,debt_consolidation,0
0.0,75000.0,2.0,17.78,0.07867767200312976,4,12,10,0.0,20,whole,NV,debt_consolidation,0
0.0,150000.0,1.0,7.15,0.05229489793284988,3,12,10,0.0,20,fractional,NJ,debt_consolidation,0
0.0,45000.0,2.0,9.81,0.06351720313133252,0,20,10,0.0,20,whole,AZ,debt_consolidation,0
0.0,89000.0,3.0,6.31,0.4497032728127387,0,4,10,0.0,20,fractional,NJ,credit_card,0
0.0,40000.0,1.0,0.75,0.0,0,11,10,0.0,20,whole,NJ,debt_consolidation,0
0.0,56000.0,6.0,28.69,0.825949902682576,0,30,10,0.0,20,fractional,OH,home_improvement,0
0.0,86000.0,4.0,27.66,1.0509524764387408,0,20,10,0.0,20,whole,LA,debt_consolidation,0
0.0,52000.0,1.0,27.76,0.41513077858880776,0,22,10,0.0,20,whole,MS,credit_card,0
0.0,128000.0,10.0,14.8,0.1675563850599267,1,11,10,0.0,20,whole,WA,credit_card,0
0.0,120000.0,10.0,17.77,0.15437884004311497,0,22,10,0.0,20,whole,LA,credit_card,0
0.0,25000.0,6.0,9.07,0.6848837209302325,0,45,10,0.0,20,fractional,TX,debt_consolidation,0
0.0,60000.0,0.0,22.57,0.8997616658969908,0,11,10,0.0,20,whole,MD,credit_card,0
0.0,30000.0,2.0,14.04,0.6215596330275229,0,10,10,0.0,20,whole,NY,credit_card,0
0.0,42000.0,0.0,17.66,1.098668252635507,0,31,10,0.0,20,fractional,SC,car,0
0.0,27703.0,10.0,8.23,0.09720044792833146,0,18,10,0.0,20,whole,MA,debt_consolidation,0
0.0,97000.0,2.0,17.06,0.054770318021201414,0,8,10,0.0,20,whole,IL,debt_consolidation,0
0.0,80000.0,10.0,9.35,0.08458547730887878,0,12,10,0.0,20,whole,WA,home_improvement,0
0.0,167000.0,0.0,18.28,0.17365414840465634,0,11,10,0.0,20,whole,MI,credit_card,0
0.0,125000.0,10.0,19.89,0.027831687097366484,0,13,10,0.0,20,whole,CA,debt_consolidation,0
0.0,165000.0,1.0,16.6,0.6953867428937627,0,25,10,0.0,20,whole,VA,debt_consolidation,0
0.0,215000.0,10.0,16.09,0.2624313887943661,2,21,10,0.0,20,whole,NV,debt_consolidation,0
0.0,104176.66,7.0,13.39,0.1749992607330993,0,41,10,0.0,20,whole,MS,debt_consolidation,0
0.0,210000.0,2.0,8.51,0.6569970991297389,1,14,10,0.0,20,whole,MA,other,0
0.0,70000.0,2.0,8.02,0.49291770573566085,0,7,10,0.0,20,fractional,FL,debt_consolidation,0
0.0,650000.0,3.0,6.49,0.13140211743563698,1,21,10,0.0,20,whole,CA,credit_card,0
0.0,49600.0,3.0,14.64,0.17000307188203972,0,18,10,0.0,20,whole,IL,house,0
0.0,60000.0,6.0,33.9,0.27629971396949965,0,11,10,0.0,20,whole,IL,debt_consolidation,0
0.0,101000.0,10.0,15.8,0.1437266275666907,3,29,10,0.0,20,whole,TX,home_improvement,0
0.0,93000.0,5.0,13.2,0.11765064964946634,0,11,10,0.0,20,whole,TX,vacation,0
0.0,42000.0,6.0,14.6,0.5382326621923937,0,15,10,0.0,20,fractional,NH,credit_card,0
0.0,45576.0,6.0,4.29,0.3527604166666667,2,15,10,0.0,20,whole,NY,debt_consolidation,0
0.0,110000.0,10.0,31.89,0.5215522117886638,0,19,10,0.0,20,whole,VA,credit_card,0
0.0,167000.0,10.0,23.51,0.28850141398142964,0,25,10,0.0,20,whole,MO,debt_consolidation,0
0.0,85000.0,10.0,21.5,0.7678567231532188,0,11,10,0.0,20,whole,CA,debt_consolidation,0
0.0,57333.0,8.0,24.24,0.6662735030874904,0,11,10,0.0,20,whole,TN,medical,0
0.0,90540.0,10.0,15.92,0.6795133796552304,0,32,10,0.0,20,fractional,CA,debt_consolidation,0
0.0,57000.0,10.0,15.47,0.1619604938271605,0,19,10,0.0,20,whole,UT,car,0
0.0,68000.0,10.0,17.1,0.07250952423015442,0,22,10,0.0,20,whole,FL,credit_card,0
0.0,40000.0,1.0,19.44,0.41748221383479744,0,7,10,0.0,20,whole,CA,debt_consolidation,0
0.0,100000.0,10.0,11.95,0.27837245237088126,0,13,10,0.0,20,whole,IN,debt_consolidation,0
0.0,40000.0,10.0,19.29,0.05986386350154335,0,13,10,0.0,20,fractional,IN,credit_card,0
0.0,38000.0,8.0,19.71,0.08950117775249572,0,10,10,0.0,20,whole,NV,major_purchase,0
0.0,43000.0,2.0,14.23,0.9231658001155402,0,7,10,0.0,20,whole,FL,debt_consolidation,0
0.0,45000.0,10.0,37.49,0.22817138085260077,0,38,10,0.0,20,fractional,CT,debt_consolidation,0
0.0,101000.0,10.0,11.23,0.28453057069741333,0,37,10,0.0,20,fractional,NJ,debt_consolidation,0
0.0,82000.0,4.0,24.53,0.6334123862135563,0,28,10,0.0,20,whole,VA,debt_consolidation,0
0.0,116000.0,10.0,9.14,0.47835511369557515,1,11,10,0.0,20,whole,VT,debt_consolidation,0
0.0,30000.0,2.0,25.16,0.8764901960784314,0,7,10,0.0,20,fractional,NJ,moving,0
0.0,200000.0,10.0,5.39,0.08573702974282306,0,19,10,0.0,20,whole,CA,car,0
0.0,103000.0,10.0,12.37,0.1935629278892275,0,26,10,0.0,20,whole,NC,debt_consolidation,0
0.0,51883.0,3.0,22.3,0.6556566115120301,0,10,10,0.0,20,whole,MI,credit_card,0
0.0,42000.0,3.0,26.71,0.10648798768654219,0,7,10,0.0,20,whole,WA,debt_consolidation,0
0.0,125200.0,10.0,16.2,0.1998452926489835,0,16,10,0.0,20,fractional,CT,debt_consolidation,0
0.0,68000.0,0.0,13.38,0.5091858723839439,0,31,10,0.0,20,whole,TX,credit_card,0
0.0,265000.0,10.0,5.7,0.06934994191551881,0,15,10,0.0,20,whole,CA,home_improvement,0
0.0,151691.0,10.0,33.13,0.24800414615896813,0,26,10,0.0,20,whole,MI,credit_card,0
0.0,148000.0,1.0,19.92,0.36873578625785314,2,16,10,0.0,20,whole,TX,debt_consolidation,0
0.0,342840.0,3.0,9.93,0.18688110183953127,1,20,10,0.0,20,whole,LA,debt_consolidation,0
0.0,35000.0,2.0,18.42,0.7726643279172821,0,5,10,0.0,20,whole,CA,debt_consolidation,0
0.0,45000.0,1.0,19.97,0.7049431744801756,0,11,10,0.0,20,fractional,CA,other,0
0.0,70000.0,10.0,19.36,0.5461750465549349,0,8,10,0.0,20,fractional,CA,debt_consolidation,0
0.0,54000.0,1.0,25.14,0.7717836748404434,0,9,10,0.0,20,whole,WA,debt_consolidation,0
0.0,50000.0,3.0,8.57,0.039706644577817175,0,16,10,0.0,20,whole,NH,other,0
0.0,38000.0,0.0,15.03,0.8291228070175438,0,32,10,0.0,20,whole,CO,other,0
0.0,68000.0,1.0,26.12,0.27376899706748997,0,20,10,0.0,20,fractional,NV,credit_card,0
0.0,55000.0,0.0,14.29,0.4582172701949861,0,4,10,0.0,20,whole,AZ,debt_consolidation,0
0.0,87000.0,4.0,18.48,0.6030326295585413,0,8,10,0.0,20,whole,TX,credit_card,0
0.0,47000.0,10.0,26.56,0.28855144420686407,0,36,10,0.0,20,fractional,SC,debt_consolidation,0
0.0,32000.0,4.0,8.66,1.2153024911032029,0,8,10,0.0,20,fractional,CO,other,0
0.0,145000.0,10.0,8.47,0.1103000414109852,0,16,10,0.0,20,fractional,IL,credit_card,0
0.0,190000.0,10.0,5.78,0.1531812725090036,0,23,10,0.0,20,fractional,KS,debt_consolidation,0
0.0,67000.0,10.0,15.48,0.1338400408282298,5,8,10,0.0,20,whole,NC,debt_consolidation,0
0.0,50000.0,5.0,25.99,0.44736490399607964,0,6,10,0.0,20,whole,CA,credit_card,0
0.0,105000.0,1.0,14.31,0.44071261096972003,0,30,10,0.0,20,whole,MD,debt_consolidation,0
0.0,200000.0,4.0,7.37,0.5426368109911159,0,29,10,0.0,20,whole,CA,debt_consolidation,0
0.0,130000.0,3.0,6.07,0.05584491259524877,0,17,10,0.0,20,whole,CA,other,0
0.0,50000.0,3.0,26.79,0.23361738802860715,2,15,10,0.0,20,whole,WA,credit_card,0
0.0,100000.0,3.0,14.77,0.28666725409602395,0,11,10,0.0,20,whole,IL,medical,0
0.0,32000.0,6.0,14.54,0.29122699386503065,0,11,10,0.0,20,whole,TX,credit_card,0
0.0,87600.0,10.0,20.01,0.44769292433923563,1,24,10,0.0,20,whole,CO,other,0
0.0,139000.0,10.0,8.27,0.3089129891310818,0,14,10,0.0,20,whole,TX,debt_consolidation,0
0.0,55000.0,10.0,5.87,0.18097826086956523,0,14,10,0.0,20,whole,FL,debt_consolidation,0
0.0,160000.0,10.0,7.37,0.6944804476338001,0,14,10,0.0,20,whole,OR,debt_consolidation,0
0.0,77400.0,3.0,15.13,0.5417941983768093,0,8,10,0.0,20,whole,CT,credit_card,0
0.0,95000.0,10.0,22.02,0.19143375680580763,0,24,10,0.0,20,whole,NC,home_improvement,0
0.0,87500.0,2.0,0.34,0.02403846153846154,0,4,10,0.0,20,whole,IN,debt_consolidation,0
0.0,140000.0,5.0,22.22,0.14969027845627747,0,21,10,0.0,20,whole,MI,debt_consolidation,0
0.0,32000.0,0.0,11.44,0.7678467110643766,1,4,10,0.0,20,whole,FL,debt_consolidation,0
0.0,50160.0,3.0,29.35,0.4445167781262946,0,19,10,0.0,20,whole,TX,debt_consolidation,0
0.0,30000.0,10.0,19.8,0.7515680041240657,0,22,10,0.0,20,fractional,NC,home_improvement,0
0.0,33000.0,5.0,33.45,0.8446517808140038,0,9,10,0.0,20,fractional,FL,other,0
0.0,92000.0,10.0,24.54,0.7952357723577236,0,12,10,0.0,20,whole,NJ,debt_consolidation,0
0.0,93000.0,10.0,9.89,0.06617740436994111,1,12,10,0.0,20,fractional,MA,debt_consolidation,0
0.0,43000.0,10.0,35.82,0.5490601847617306,0,17,10,0.0,20,fractional,WA,debt_consolidation,0
0.0,55000.0,10.0,21.43,0.6421058435918997,0,10,10,0.0,20,whole,CA,credit_card,0
0.0,34000.0,6.0,27.89,0.27039507439712673,0,13,10,0.0,20,fractional,FL,credit_card,0
0.0,159200.0,3.0,27.39,0.6920223374551256,0,6,10,0.0,20,whole,CA,debt_consolidation,0
0.0,130000.0,10.0,18.89,0.16218709333122014,0,24,10,0.0,20,whole,FL,debt_consolidation,0
0.0,167196.0,10.0,11.05,0.20249153529510477,0,15,10,0.0,20,whole,OR,debt_consolidation,0
0.0,90000.0,3.0,13.56,0.29055417847025494,0,24,10,0.0,20,whole,NJ,debt_consolidation,0
0.0,64444.0,6.0,13.48,0.031048792756539236,0,11,10,0.0,20,whole,VA,debt_consolidation,0
0.0,81000.0,10.0,7.3,0.28551401869158877,0,41,10,0.0,20,fractional,NJ,debt_consolidation,0
0.0,115000.0,10.0,15.34,0.11890089402461226,3,27,10,0.0,20,whole,MA,debt_consolidation,0
0.0,50000.0,2.0,29.26,1.3429425670258275,0,20,10,0.0,20,whole,OH,debt_consolidation,0
0.0,114000.0,3.0,16.64,0.20735288016999387,0,10,10,0.0,20,whole,WV,credit_card,0
0.0,85000.0,10.0,26.91,0.15513288339199793,1,15,10,0.0,20,whole,AL,medical,0
0.0,35000.0,10.0,14.2,0.7907572815533981,0,15,10,0.0,20,whole,CA,debt_consolidation,0
0.0,67760.0,10.0,30.69,0.563340288345387,0,25,10,0.0,20,whole,MD,debt_consolidation,0
0.0,31280.04,6.0,1.84,0.03726684211537353,0,42,10,0.0,20,whole,NE,home_improvement,0
0.0,70000.0,5.0,18.79,0.12424682118446675,1,9,10,0.0,20,whole,ID,credit_card,0
0.0,54000.0,3.0,13.0,0.4980740659219722,0,13,10,0.0,20,whole,TN,debt_consolidation,0
0.0,123000.0,10.0,15.59,0.11999826268241835,0,39,10,0.0,20,whole,MA,debt_consolidation,0
0.0,52000.0,0.0,14.54,0.052436715313583265,0,16,10,0.0,20,whole,AZ,debt_consolidation,0
0.0,24720.0,6.0,18.69,0.7192693516993562,0,25,10,0.0,20,fractional,NC,credit_card,0
0.0,80000.0,5.0,24.09,0.8422124362624992,1,36,10,0.0,20,whole,TX,credit_card,0
0.0,46000.0,6.0,19.36,0.6931956257594167,0,24,10,0.0,20,whole,NV,debt_consolidation,0
0.0,60000.0,10.0,19.28,0.29438506628470895,0,19,10,0.0,20,whole,MO,debt_consolidation,0
0.0,73000.0,10.0,16.99,0.11557904667808207,0,25,10,0.0,20,whole,WA,debt_consolidation,0
0.0,60000.0,1.0,24.04,0.9427390658918487,0,14,10,0.0,20,whole,VA,debt_consolidation,0
0.0,33000.0,4.0,4.69,0.13264705882352942,0,6,10,0.0,20,whole,IL,other,0
0.0,28000.0,0.0,15.55,0.6207185628742515,0,28,10,0.0,20,whole,CA,other,0
0.0,65000.0,0.0,16.77,0.6667225095805499,0,7,10,0.0,20,whole,OH,moving,0
0.0,92000.0,10.0,15.3,0.19897181104714146,0,27,10,0.0,20,whole,CA,credit_card,0
0.0,144000.0,8.0,22.37,0.36019637114816067,0,19,10,0.0,20,whole,WI,debt_consolidation,0
0.0,65700.0,7.0,14.14,0.4323612888045764,0,14,10,0.0,20,whole,CA,debt_consolidation,0
0.0,58000.0,10.0,25.37,0.4080775267114885,0,16,10,0.0,20,whole,WV,credit_card,0
0.0,55000.0,10.0,15.84,0.12332171561282092,0,11,10,0.0,20,fractional,FL,debt_consolidation,0
0.0,190000.0,3.0,25.61,0.27943000803676304,0,23,10,0.0,20,whole,MN,credit_card,0
0.0,105000.0,10.0,24.03,0.16964477269126088,0,26,10,0.0,20,fractional,UT,debt_consolidation,0
0.0,130000.0,4.0,8.55,0.08204521556256572,0,14,10,0.0,20,whole,AL,home_improvement,0
0.0,61000.0,10.0,20.89,0.3130762029350313,0,12,10,0.0,20,whole,PA,debt_consolidation,0
0.0,150000.0,3.0,9.02,0.7606444356805866,0,23,10,0.0,20,whole,OH,debt_consolidation,0
0.0,240000.0,8.0,19.53,0.41039680307889026,0,14,10,0.0,20,whole,NJ,home_improvement,0
0.0,62000.0,8.0,26.21,0.07194732554587376,0,15,10,0.0,20,whole,NY,credit_card,0
0.0,40000.0,6.0,5.52,0.11266666666666666,0,20,10,0.0,20,whole,FL,home_improvement,0
0.0,49500.0,10.0,23.04,0.18031346929812522,0,7,10,0.0,20,whole,NV,debt_consolidation,0
0.0,125000.0,5.0,6.09,0.13670194535809832,7,17,10,0.0,20,whole,MD,home_improvement,0
0.0,90000.0,10.0,15.37,0.5094876519911488,1,23,10,0.0,20,whole,OK,debt_consolidation,0
0.0,165000.0,1.0,15.67,0.170996873866656,0,19,10,0.0,20,whole,CA,debt_consolidation,0
0.0,110000.0,10.0,20.92,0.6418749508100876,0,14,10,0.0,20,whole,TX,other,0
0.0,40000.0,5.0,25.23,0.39749449054147995,0,8,10,0.0,20,whole,CA,debt_consolidation,0
0.0,150000.0,10.0,32.28,0.7902521008403361,0,32,10,0.0,20,whole,IN,debt_consolidation,0
0.0,76500.0,7.0,24.82,0.21505655660547202,0,15,10,0.0,20,whole,CA,debt_consolidation,0
0.0,48000.0,10.0,24.76,0.7373261274032072,0,11,10,0.0,20,whole,FL,credit_card,0
0.0,144000.0,6.0,13.45,0.6869697465695501,0,28,10,0.0,20,whole,CO,debt_consolidation,0
0.0,40000.0,1.0,0.45,0.24019957234497505,3,14,10,0.0,20,whole,CA,major_purchase,0
0.0,80000.0,10.0,26.52,0.3277899434816159,0,20,10,0.0,20,whole,MI,credit_card,0
0.0,206000.0,10.0,13.79,0.20744586775815457,0,32,10,0.0,20,whole,FL,other,0
0.0,70000.0,10.0,16.78,0.20666408076259,0,26,10,0.0,20,whole,TX,debt_consolidation,0
0.0,143300.0,10.0,17.92,0.09908555731574405,0,21,10,0.0,20,whole,WI,debt_consolidation,0
0.0,300000.0,10.0,3.66,0.03590390211146758,0,23,10,0.0,20,whole,CA,credit_card,0
0.0,80000.0,3.0,5.24,0.051085680017990555,2,5,10,0.0,20,whole,MI,debt_consolidation,0
0.0,220000.0,5.0,10.72,0.24976428676998977,1,12,10,0.0,20,whole,AZ,debt_consolidation,0
0.0,60000.0,6.0,11.96,0.6235420503376304,1,13,10,0.0,20,whole,NY,debt_consolidation,0
0.0,155000.0,7.0,15.01,0.18131480722871385,0,20,10,0.0,20,fractional,NY,credit_card,0
0.0,69467.0,10.0,17.71,0.5702476542764345,0,21,10,0.0,20,whole,MA,credit_card,0
0.0,78000.0,5.0,22.09,0.22568532847221534,0,20,10,0.0,20,whole,OK,house,0
0.0,120000.0,7.0,27.51,0.249612155987674,1,13,10,0.0,20,whole,MA,debt_consolidation,0
0.0,36000.0,0.0,31.94,0.6265483531996646,0,5,10,0.0,20,whole,FL,credit_card,0
0.0,64000.0,8.0,15.46,0.656524935980325,1,18,10,0.0,20,whole,NC,other,0
0.0,41000.0,8.0,25.79,0.48560748500313367,0,15,10,0.0,20,whole,NM,debt_consolidation,0
0.0,128000.0,7.0,15.84,0.6752124530151986,0,11,10,0.0,20,whole,CA,debt_consolidation,0
0.0,185000.0,1.0,38.87,0.16157157233342637,0,25,10,0.0,20,whole,FL,debt_consolidation,0
0.0,70000.0,0.0,9.87,0.5206134762854876,0,12,10,0.0,20,fractional,MN,debt_consolidation,0
0.0,130000.0,0.0,10.34,0.43522251997295197,2,47,10,0.0,20,whole,KS,home_improvement,0
0.0,185000.0,10.0,19.87,1.100912600912601,0,18,10,0.0,20,whole,MA,debt_consolidation,0
0.0,115000.0,7.0,16.86,0.2822737445883674,0,23,10,0.0,20,fractional,CT,credit_card,0
0.0,45000.0,10.0,13.33,0.2756536446058724,0,6,10,0.0,20,fractional,NV,major_purchase,0
0.0,65000.0,2.0,11.72,0.31897148452668367,1,15,10,0.0,20,whole,CT,debt_consolidation,0
0.0,38000.0,6.0,19.46,0.6361399325198508,1,21,10,0.0,20,whole,MA,debt_consolidation,0
0.0,30000.0,5.0,2.74,0.07402597402597402,0,7,10,0.0,20,whole,IL,moving,0
0.0,75000.0,2.0,7.95,0.4388471282029985,0,23,10,0.0,20,whole,FL,debt_consolidation,0
0.0,110000.0,10.0,26.07,0.1210415010371318,0,28,10,0.0,20,whole,CA,debt_consolidation,0
0.0,100000.0,10.0,29.59,0.5243432406519655,0,41,10,0.0,20,whole,AR,debt_consolidation,0
0.0,85000.0,2.0,20.19,0.08133226507954676,0,25,10,0.0,20,whole,AK,debt_consolidation,0
0.0,55944.0,10.0,27.95,0.6214657339386972,0,13,10,0.0,20,fractional,AZ,debt_consolidation,0
0.0,192000.0,10.0,11.11,0.24405981014485184,0,25,10,0.0,20,whole,TX,other,0
0.0,90000.0,0.0,16.01,0.75165,0,22,10,0.0,20,whole,OH,debt_consolidation,0
0.0,100000.0,1.0,5.89,0.047621570081576435,0,4,10,0.0,20,whole,CA,other,0
0.0,54000.0,4.0,19.84,0.2626964104532865,0,23,10,0.0,20,whole,KY,debt_consolidation,0
0.0,34000.0,1.0,33.82,0.470919881305638,0,12,10,0.0,20,whole,PA,home_improvement,0
0.0,58000.0,1.0,19.34,0.7635329469843314,0,7,10,0.0,20,whole,OK,credit_card,0
0.0,72000.0,0.0,13.98,0.6785372508297193,0,11,10,0.0,20,fractional,OH,debt_consolidation,0
0.0,56000.0,6.0,23.06,0.048626809901914994,1,22,10,0.0,20,whole,AZ,debt_consolidation,0
0.0,95000.0,4.0,20.93,0.6628576156505112,0,12,10,0.0,20,whole,MI,credit_card,0
0.0,90000.0,5.0,19.55,0.2971509093311022,0,26,10,0.0,20,whole,IN,home_improvement,0
0.0,67500.0,5.0,28.39,0.311578223889573,1,23,10,0.0,20,fractional,MN,debt_consolidation,0
0.0,80000.0,2.0,17.73,0.6205644949944966,0,17,10,0.0,20,whole,TX,credit_card,0
0.0,118000.0,10.0,6.7,0.32009073724007564,0,12,10,0.0,20,whole,OH,small_business,0
0.0,220000.0,10.0,19.42,0.7347038830145808,0,13,10,0.0,20,whole,CA,debt_consolidation,0
0.0,138600.0,8.0,23.77,0.2341150413428746,0,11,10,0.0,20,whole,RI,debt_consolidation,0
0.0,20000.0,1.0,37.45,0.49958059900330587,0,13,10,0.0,20,whole,NY,credit_card,0
0.0,64000.0,10.0,12.45,0.43348663211723926,0,25,10,0.0,20,fractional,NC,debt_consolidation,0
0.0,59000.0,10.0,37.92,0.46369810772527514,0,20,10,0.0,20,whole,PA,debt_consolidation,0
0.0,150000.0,10.0,17.83,0.4672865662272442,0,23,10,0.0,20,whole,TX,debt_consolidation,0
0.0,55000.0,0.0,36.9,0.788798027779448,0,26,10,0.0,20,whole,CA,debt_consolidation,0
0.0,120000.0,7.0,8.55,0.1705676317609212,0,13,10,0.0,20,whole,CA,credit_card,0
0.0,80000.0,9.0,30.89,0.25569287441163513,1,13,10,0.0,20,whole,IL,debt_consolidation,0
0.0,61000.0,5.0,2.32,0.8650219298245614,0,7,10,0.0,20,whole,TX,other,0
0.0,112000.0,3.0,11.2,0.5786949152542373,0,5,10,0.0,20,whole,WA,debt_consolidation,0
0.0,90000.0,10.0,13.42,0.2922611346837596,1,17,10,0.0,20,whole,MD,debt_consolidation,0
0.0,120000.0,6.0,15.58,0.22761462489371442,0,34,10,0.0,20,whole,TN,other,0
0.0,225000.0,0.0,17.08,0.2445473741892511,0,17,10,0.0,20,whole,CA,credit_card,0
0.0,94000.0,10.0,3.47,0.05275466860149761,4,15,10,0.0,20,fractional,LA,home_improvement,0
0.0,70000.0,10.0,19.41,0.4422712727747665,1,17,10,0.0,20,whole,CT,small_business,0
0.0,130000.0,10.0,16.05,0.19101982862348063,0,13,10,0.0,20,whole,NV,debt_consolidation,0
0.0,59000.0,2.0,24.41,0.30183421409102756,0,14,10,0.0,20,whole,CO,home_improvement,0
0.0,70000.0,0.0,29.38,0.7005452217570814,0,12,10,0.0,20,whole,TX,debt_consolidation,0
0.0,63000.0,10.0,0.95,0.15666666666666668,1,18,10,0.0,20,whole,MD,car,0
0.0,50000.0,5.0,29.16,0.732004155157353,0,13,10,0.0,20,whole,TX,debt_consolidation,0
0.0,80000.0,3.0,25.68,0.16591076978828384,0,18,10,0.0,20,whole,LA,debt_consolidation,0
0.0,100000.0,10.0,15.66,0.4678934224033585,0,13,10,0.0,20,fractional,CA,other,0
0.0,23000.0,6.0,34.19,0.8626153846153846,0,18,10,0.0,20,whole,VA,debt_consolidation,0
0.0,40000.0,4.0,13.2,0.8869393765442883,0,7,10,0.0,20,whole,GA,other,0
0.0,90000.0,4.0,3.1,0.18046217981156173,0,15,10,0.0,20,whole,TX,moving,0
0.0,120000.0,8.0,7.28,0.10249216523956672,0,16,10,0.0,20,whole,OR,debt_consolidation,0
0.0,76892.0,6.0,30.67,0.5576666270014412,0,25,10,0.0,20,whole,WA,vacation,0
0.0,170000.0,6.0,7.69,0.38004484304932734,0,11,10,0.0,20,whole,CA,debt_consolidation,0
0.0,130000.0,9.0,12.83,0.5851200422126462,0,20,10,0.0,20,fractional,CA,credit_card,0
0.0,62000.0,10.0,11.92,0.1992,0,10,10,0.0,20,whole,NY,home_improvement,0
0.0,100000.0,3.0,8.01,0.20004341534008682,2,12,10,0.0,20,whole,CA,other,0
0.0,137830.0,4.0,21.63,0.5687367247797102,1,9,10,0.0,20,fractional,OR,debt_consolidation,0
0.0,160000.0,1.0,8.78,0.049303377065420324,3,16,10,0.0,20,whole,CO,debt_consolidation,0
0.0,46000.0,1.0,15.4,0.480919689119171,0,16,10,0.0,20,whole,MN,credit_card,0
0.0,60000.0,1.0,9.06,0.4126315789473684,0,17,10,0.0,20,whole,TX,major_purchase,0
0.0,46500.0,2.0,10.68,0.32009544912220894,0,11,10,0.0,20,fractional,OK,medical,0
0.0,42000.0,6.0,36.31,0.5900786419871488,1,28,10,0.0,20,whole,NC,credit_card,0
0.0,40000.0,10.0,12.54,0.8464299676582436,0,18,10,0.0,20,fractional,MN,credit_card,0
0.0,118000.0,1.0,11.65,0.273585313174946,1,24,10,0.0,20,fractional,IN,home_improvement,0
0.0,13000.0,6.0,31.12,0.5974398714195511,0,16,10,0.0,20,whole,FL,medical,0
0.0,26000.0,0.0,15.24,0.6323926608922418,0,11,10,0.0,20,whole,LA,debt_consolidation,0
0.0,50000.0,10.0,28.66,0.5816601178781925,0,16,10,0.0,20,whole,MN,other,0
0.0,48000.0,6.0,3.35,0.20396210163652023,0,14,10,0.0,20,whole,GA,debt_consolidation,0
0.0,32000.0,2.0,7.24,0.5373728813559322,0,9,10,0.0,20,whole,NY,debt_consolidation,0
0.0,65000.0,4.0,14.97,0.08891569566365146,0,14,10,0.0,20,whole,MS,debt_consolidation,0
0.0,75000.0,10.0,20.46,0.18695835287914014,2,23,10,0.0,20,fractional,GA,debt_consolidation,0
0.0,53000.0,0.0,32.4,0.42399602385685886,0,27,10,0.0,20,whole,FL,debt_consolidation,0
0.0,58000.0,3.0,38.46,0.2743571829211891,0,10,10,0.0,20,whole,PA,debt_consolidation,0
0.0,62400.0,10.0,35.35,0.5657314883661885,0,18,10,0.0,20,fractional,CO,credit_card,0
0.0,290000.0,4.0,19.34,0.17714479742227773,0,30,10,0.0,20,whole,WA,debt_consolidation,0
0.0,60000.0,6.0,31.74,0.1886774700408655,0,11,10,0.0,20,whole,NJ,debt_consolidation,0
0.0,48000.0,6.0,34.25,0.7070153322974994,0,17,10,0.0,20,whole,PA,debt_consolidation,0
0.0,44000.0,10.0,20.59,0.323542547252572,0,15,10,0.0,20,whole,MD,debt_consolidation,0
0.0,68000.0,2.0,13.08,0.5442095252030141,1,31,10,0.0,20,whole,TX,home_improvement,0
0.0,125000.0,10.0,21.82,0.25901960784313727,0,37,10,0.0,20,fractional,AZ,home_improvement,0
0.0,115000.0,5.0,16.33,0.12630988743621352,0,15,10,0.0,20,whole,CA,credit_card,0
0.0,71500.0,1.0,31.79,0.8386797993945692,0,15,10,0.0,20,whole,CO,credit_card,0
0.0,84000.0,10.0,17.04,0.15744636385135322,0,17,10,0.0,20,whole,WI,medical,0
0.0,131500.0,6.0,15.18,0.18907750043637633,0,19,10,0.0,20,whole,FL,credit_card,0
0.0,28000.0,10.0,33.82,0.5901671075553262,0,8,10,0.0,20,whole,OH,home_improvement,0
0.0,75000.0,4.0,24.42,0.19219008628154644,0,27,10,0.0,20,whole,MD,credit_card,0
0.0,39400.0,2.0,10.87,0.4893698630136986,0,3,10,0.0,20,whole,RI,credit_card,0
0.0,40296.0,0.0,28.23,0.5193391102240861,0,21,10,0.0,20,whole,AL,other,0
0.0,32344.0,5.0,25.38,0.6779303780255643,0,8,10,0.0,20,whole,LA,debt_consolidation,0
0.0,45000.0,10.0,37.57,0.29265200682495895,0,34,10,0.0,20,whole,OK,debt_consolidation,0
0.0,70000.0,7.0,9.51,0.080352077567089,0,11,10,0.0,20,whole,CA,debt_consolidation,0
0.0,58000.0,0.0,10.28,0.6780727151605217,0,5,10,0.0,20,whole,MA,other,0
0.0,66000.0,6.0,20.75,0.6751325704716717,0,10,10,0.0,20,whole,PA,credit_card,0
0.0,80000.0,6.0,18.68,0.048267102159317725,0,34,10,0.0,20,whole,MS,home_improvement,0
0.0,58000.0,1.0,10.01,0.6069575363075317,0,12,10,0.0,20,fractional,FL,credit_card,0
0.0,38000.0,2.0,33.39,0.7725101065784638,0,5,10,0.0,20,whole,MO,other,0
0.0,54000.0,6.0,8.4,0.28738562091503267,0,16,10,0.0,20,whole,OR,debt_consolidation,0
0.0,108820.0,9.0,36.5,0.9082671802985486,0,21,10,0.0,20,whole,OR,credit_card,0
0.0,42000.0,2.0,24.54,0.5563635766698951,0,13,10,0.0,20,whole,PA,credit_card,0
0.0,107000.0,4.0,19.99,0.31315592628691885,0,12,10,0.0,20,whole,FL,debt_consolidation,0
0.0,72000.0,4.0,24.57,0.23121125056706487,1,19,10,0.0,20,whole,TX,debt_consolidation,0
0.0,108000.0,4.0,17.42,0.25948841270978823,0,10,10,0.0,20,whole,TX,major_purchase,0
0.0,60000.0,10.0,11.7,0.10691914898747837,0,12,10,0.0,20,whole,IN,credit_card,0
0.0,60000.0,3.0,23.86,0.47695082589709514,0,18,10,0.0,20,whole,TX,credit_card,0
0.0,18375.0,6.0,23.61,0.530377358490566,0,4,10,0.0,20,whole,IL,debt_consolidation,0
0.0,105000.0,4.0,13.77,0.7908189682389342,0,12,10,0.0,20,whole,VA,debt_consolidation,0
0.0,90000.0,4.0,27.48,0.11376983403246398,0,22,10,0.0,20,whole,PA,home_improvement,0
0.0,40000.0,9.0,31.62,0.522364990689013,0,6,10,0.0,20,whole,IL,debt_consolidation,0
0.0,209600.0,10.0,14.24,0.15024259714956256,1,21,10,0.0,20,whole,WA,debt_consolidation,0
0.0,121000.0,10.0,16.08,0.21275908214409903,0,20,10,0.0,20,whole,TN,debt_consolidation,0
0.0,118000.0,9.0,18.95,0.5062822651099992,0,11,10,0.0,20,whole,VA,debt_consolidation,0
0.0,37000.0,0.0,29.52,0.794110540135638,0,8,10,0.0,20,fractional,WA,debt_consolidation,0
0.0,58240.0,1.0,12.8,0.1797031671203191,0,16,10,0.0,20,whole,CA,debt_consolidation,0
0.0,71000.0,10.0,25.56,0.19123685628204873,0,27,10,0.0,20,whole,AL,credit_card,0
0.0,93500.0,1.0,15.92,0.9567350457133948,0,10,10,0.0,20,whole,CA,debt_consolidation,0
0.0,120000.0,10.0,33.0,0.2784370786666845,0,23,10,0.0,20,whole,ME,other,0
0.0,70000.0,10.0,31.17,0.5744940764301848,0,12,10,0.0,20,whole,NY,credit_card,0
0.0,65000.0,10.0,13.05,0.08666579035520296,0,15,10,0.0,20,whole,CT,other,0
0.0,29000.0,3.0,30.53,1.1823267302755849,0,12,10,0.0,20,whole,MA,medical,0
0.0,51000.0,6.0,9.83,0.03272630740642421,1,13,10,0.0,20,whole,NY,debt_consolidation,0
0.0,75000.0,2.0,19.14,0.8048658536585366,1,14,10,0.0,20,whole,HI,debt_consolidation,0
0.0,75000.0,3.0,10.9,0.09250979559140803,1,16,10,0.0,20,fractional,CA,debt_consolidation,0
0.0,28000.0,10.0,16.89,0.846,0,11,10,0.0,20,fractional,LA,debt_consolidation,0
0.0,140000.0,10.0,11.41,0.4608864359848556,1,13,10,0.0,20,whole,CA,debt_consolidation,0
0.0,40000.0,10.0,23.25,0.6742204250006785,0,10,10,0.0,20,whole,WA,debt_consolidation,0
0.0,142000.0,0.0,30.99,0.6040447360396605,0,20,10,0.0,20,whole,TX,debt_consolidation,0
0.0,56160.0,6.0,19.68,0.18637601041572385,0,21,10,0.0,20,fractional,OH,credit_card,0
0.0,126000.0,4.0,9.96,0.1652469590212781,1,14,10,0.0,20,whole,TN,other,0
0.0,138110.0,10.0,15.4,0.11032844808846003,0,19,10,0.0,20,whole,NC,debt_consolidation,0
0.0,70000.0,9.0,7.89,0.6289964994165694,0,10,10,0.0,20,whole,TX,debt_consolidation,0
0.0,47000.0,5.0,7.58,0.12410406792375626,0,17,10,0.0,20,whole,AZ,home_improvement,0
0.0,96000.0,5.0,1.0,0.15818181818181817,0,10,10,0.0,20,whole,NY,major_purchase,0
0.0,154000.0,1.0,10.18,0.08705212597059127,0,11,10,0.0,20,whole,TX,debt_consolidation,0
0.0,56000.0,10.0,23.36,1.0478485541091125,0,26,10,0.0,20,whole,NC,credit_card,0
0.0,142000.0,1.0,16.1,0.7690983450637245,0,11,10,0.0,20,whole,NJ,credit_card,0
0.0,129000.0,10.0,31.64,0.34749595598760635,0,24,10,0.0,20,whole,FL,credit_card,0
0.0,90000.0,4.0,10.33,0.8137943206777534,0,12,10,0.0,20,whole,FL,debt_consolidation,0
0.0,55000.0,1.0,10.23,0.17671872607563927,0,12,10,0.0,20,whole,AZ,other,0
0.0,90000.0,10.0,4.55,0.4810749867697476,0,12,10,0.0,20,whole,OK,debt_consolidation,0
0.0,65000.0,6.0,34.53,0.33452213418669957,0,42,10,0.0,20,whole,MN,debt_consolidation,0
0.0,72000.0,6.0,7.28,0.09592882453412191,0,33,10,0.0,20,whole,ID,debt_consolidation,0
0.0,91000.0,10.0,7.7,0.7495833333333334,0,20,10,0.0,20,whole,NY,other,0
0.0,85410.0,6.0,28.62,0.12819063617785662,0,19,10,0.0,20,fractional,NJ,debt_consolidation,0
0.0,120000.0,9.0,14.55,0.6383201599847633,0,19,10,0.0,20,whole,FL,credit_card,0
0.0,145000.0,2.0,11.64,0.07598300542180193,1,20,10,0.0,20,whole,TX,credit_card,0
0.0,420000.0,10.0,16.94,0.38496580051236207,0,24,10,0.0,20,whole,OH,debt_consolidation,0
0.0,60000.0,0.0,14.88,0.3033806898818327,2,15,10,0.0,20,whole,CA,debt_consolidation,0
0.0,55000.0,10.0,5.85,0.029459336665152203,0,14,10,0.0,20,whole,NY,debt_consolidation,0
0.0,40000.0,4.0,1.56,0.0029409375253879274,1,5,10,0.0,20,whole,FL,debt_consolidation,0
0.0,90000.0,3.0,27.79,0.2687661389918042,0,29,10,0.0,20,fractional,TN,debt_consolidation,0
0.0,42000.0,5.0,18.26,0.6152877320298678,0,7,10,0.0,20,whole,NC,debt_consolidation,0
0.0,85000.0,10.0,12.44,0.08221508557316028,0,25,10,0.0,20,whole,MI,credit_card,0
0.0,78000.0,6.0,20.66,0.563976931356327,0,14,10,0.0,20,whole,NY,credit_card,0
0.0,139000.0,10.0,13.5,0.6054870069171808,0,13,10,0.0,20,whole,NY,debt_consolidation,0
0.0,65000.0,6.0,35.03,0.27962941781997025,0,21,10,0.0,20,whole,MN,credit_card,0
0.0,100000.0,7.0,4.31,0.02299466208269248,0,8,10,0.0,20,fractional,TX,home_improvement,0
0.0,65000.0,4.0,33.05,0.4841486273421799,0,8,10,0.0,20,whole,FL,debt_consolidation,0
0.0,129000.0,4.0,12.24,0.8525803268843035,0,15,10,0.0,20,whole,NJ,other,0
0.0,60000.0,4.0,22.33,0.14618124258013454,0,24,10,0.0,20,whole,CA,credit_card,0
0.0,76000.0,6.0,3.28,0.04515645389677097,0,24,10,0.0,20,whole,TX,credit_card,0
0.0,75500.0,10.0,19.3,0.2253214985530943,1,33,10,0.0,20,whole,OH,home_improvement,0
0.0,36800.0,0.0,26.55,0.7189424928772662,0,6,10,0.0,20,fractional,FL,debt_consolidation,0
0.0,42000.0,10.0,20.66,0.3026306537963177,0,15,10,0.0,20,whole,NC,debt_consolidation,0
0.0,150000.0,9.0,12.51,0.06730804869137946,0,24,10,0.0,20,whole,NY,debt_consolidation,0
0.0,123000.0,5.0,22.62,0.19857664429851032,0,16,10,0.0,20,whole,IL,home_improvement,0
0.0,70000.0,0.0,20.91,0.40938365146437417,0,12,10,0.0,20,whole,IL,credit_card,0
0.0,57000.0,5.0,13.35,0.935803515837164,0,17,10,0.0,20,fractional,MI,debt_consolidation,0
0.0,187500.0,10.0,11.07,0.25899792355610246,0,10,10,0.0,20,whole,LA,debt_consolidation,0
0.0,130000.0,2.0,8.83,0.9982244620226248,0,15,10,0.0,20,whole,CA,medical,0
0.0,57000.0,9.0,27.03,0.7570018904831113,0,21,10,0.0,20,whole,CO,home_improvement,0
0.0,90000.0,10.0,7.49,0.3780274476564895,1,12,10,0.0,20,whole,FL,credit_card,0
0.0,19250.0,3.0,27.37,0.48255459845123116,0,12,10,0.0,20,fractional,NJ,other,0
0.0,56000.0,6.0,12.47,0.14146208642411398,0,25,10,0.0,20,whole,PA,other,0
0.0,40000.0,6.0,38.01,0.556487607523639,2,22,10,0.0,20,fractional,IL,debt_consolidation,0
0.0,24000.0,10.0,25.0,0.5321639344262296,0,29,10,0.0,20,whole,CA,debt_consolidation,0
0.0,130000.0,10.0,5.08,0.036630819534437246,0,20,10,0.0,20,whole,NY,debt_consolidation,0
0.0,190000.0,10.0,26.5,0.5026260364179264,0,25,10,0.0,20,whole,TX,debt_consolidation,0
0.0,52000.0,2.0,22.5,0.7167085905937952,0,10,10,0.0,20,whole,CA,other,0
0.0,34000.0,4.0,20.23,0.7557677746356992,1,5,10,0.0,20,whole,NY,debt_consolidation,0
0.0,101000.0,6.0,16.96,0.590929816265874,0,20,10,0.0,20,whole,FL,small_business,0
0.0,112000.0,10.0,14.09,0.19591730359070916,0,16,10,0.0,20,whole,MI,credit_card,0
0.0,87402.0,1.0,13.49,0.5432169954476479,0,15,10,0.0,20,whole,TX,credit_card,0
0.0,60000.0,9.0,10.44,0.03654260089686099,0,17,10,0.0,20,whole,VA,credit_card,0
0.0,26000.0,2.0,22.76,0.9730721907336063,1,14,10,0.0,20,fractional,AZ,small_business,0
0.0,50000.0,10.0,8.16,0.275420054200542,0,23,10,0.0,20,whole,CA,credit_card,0
0.0,200000.0,5.0,3.96,0.3722393162393162,0,24,10,0.0,20,whole,NJ,other,0
0.0,40000.0,10.0,31.02,0.7283357951747907,0,14,10,0.0,20,fractional,NC,debt_consolidation,0
0.0,103000.0,10.0,17.32,0.7104018537328594,0,19,10,0.0,20,whole,TX,small_business,0
0.0,62000.0,1.0,17.34,0.6984773226935918,0,28,10,0.0,20,whole,NY,debt_consolidation,0
0.0,54600.0,9.0,9.85,0.0488265169740711,0,11,10,0.0,20,whole,CA,debt_consolidation,0
0.0,88000.0,10.0,20.95,0.6656003434037856,0,28,10,0.0,20,whole,CA,debt_consolidation,0
0.0,73000.0,10.0,20.66,0.19251767456737293,0,15,10,0.0,20,fractional,FL,debt_consolidation,0
0.0,125000.0,3.0,17.87,0.22758109314958502,0,22,10,0.0,20,whole,PA,credit_card,0
0.0,68000.0,10.0,15.39,0.5895108695652174,0,15,10,0.0,20,fractional,MS,debt_consolidation,0
0.0,125000.0,10.0,24.09,0.2535243915288168,0,15,10,0.0,20,whole,AZ,debt_consolidation,0
0.0,140000.0,10.0,12.58,0.5439198361181726,0,15,10,0.0,20,fractional,MI,credit_card,0
0.0,28000.0,5.0,31.5,0.4485659128516271,0,12,10,0.0,20,whole,CA,credit_card,0
0.0,25800.0,10.0,22.0,0.32487288135593223,0,32,10,0.0,20,whole,MI,debt_consolidation,0
0.0,98000.0,2.0,27.65,0.5152255779734145,0,12,10,0.0,20,whole,NC,credit_card,0
0.0,40000.0,2.0,23.64,0.09477667956181007,0,6,10,0.0,20,whole,AZ,credit_card,0
0.0,52000.0,10.0,17.33,0.1765453823620932,0,19,10,0.0,20,whole,TX,debt_consolidation,0
0.0,56000.0,4.0,19.29,0.05622750152385845,0,15,10,0.0,20,whole,CA,debt_consolidation,0
0.0,108000.0,10.0,15.1,0.20214722327697243,0,29,10,0.0,20,fractional,CT,debt_consolidation,0
0.0,46000.0,10.0,28.91,0.6475135783310997,0,19,10,0.0,20,whole,CA,debt_consolidation,0
0.0,120000.0,3.0,11.96,0.6417572567856404,0,11,10,0.0,20,whole,GA,home_improvement,0
0.0,68520.0,6.0,30.16,0.5777411720343146,0,28,10,0.0,20,whole,TX,car,0
0.0,45000.0,3.0,30.13,0.2895614199849737,1,16,10,0.0,20,whole,TX,debt_consolidation,0
0.0,104000.0,3.0,15.32,0.17006737787759685,0,15,10,0.0,20,whole,NE,debt_consolidation,0
0.0,60000.0,9.0,12.5,0.2891111111111111,0,16,10,0.0,20,whole,CA,debt_consolidation,0
0.0,78000.0,10.0,21.43,0.7390628199522943,0,23,10,0.0,20,whole,WI,debt_consolidation,0
0.0,190000.0,0.0,11.19,0.6703670521040401,0,12,10,0.0,20,whole,CA,debt_consolidation,0
0.0,250000.0,3.0,1.44,0.07020365215704126,0,22,10,0.0,20,whole,MO,other,0
0.0,125000.0,10.0,14.23,0.14552053160674733,0,21,10,0.0,20,whole,FL,other,0
0.0,100000.0,2.0,17.28,0.19167320819367298,0,21,10,0.0,20,fractional,FL,credit_card,0
0.0,100000.0,6.0,8.44,0.8597188201148597,0,16,10,0.0,20,whole,CA,debt_consolidation,0
0.0,34320.0,4.0,3.81,0.011707808564231738,0,16,10,0.0,20,fractional,NJ,other,0
0.0,110000.0,5.0,3.17,0.02853349875930521,0,13,10,0.0,20,whole,NJ,credit_card,0
0.0,63477.84,6.0,22.08,0.5329956584659913,0,31,10,0.0,20,whole,NV,credit_card,0
0.0,84000.0,2.0,28.97,0.2549363149936024,0,21,10,0.0,20,whole,FL,home_improvement,1
0.0,58000.0,10.0,8.96,0.044009794918885826,0,22,10,0.0,20,whole,CA,home_improvement,0
0.0,225000.0,10.0,7.02,0.023441570354063475,1,12,10,0.0,20,whole,NV,debt_consolidation,0
0.0,112320.0,6.0,34.1,0.2683413666732987,0,40,10,0.0,20,whole,MO,debt_consolidation,0
0.0,140000.0,10.0,23.01,0.1631763344901669,0,29,10,0.0,20,whole,CT,debt_consolidation,0
0.0,26000.0,7.0,27.05,0.5901001609729923,0,16,10,0.0,20,whole,IL,home_improvement,0
0.0,155000.0,3.0,31.94,0.553752905395381,0,13,10,0.0,20,whole,CA,debt_consolidation,0
0.0,59054.0,6.0,24.2,0.08545891114796464,0,15,10,0.0,20,whole,WI,debt_consolidation,0
0.0,61340.0,3.0,25.35,0.39001817881341927,2,20,10,0.0,20,whole,PA,credit_card,0
0.0,45000.0,10.0,8.13,0.4445733788395904,0,18,10,0.0,20,whole,AZ,debt_consolidation,0
0.0,60000.0,5.0,18.8,0.6758070789576041,1,6,10,0.0,20,whole,WA,debt_consolidation,0
0.0,80000.0,6.0,23.24,0.5142359050445103,0,10,10,0.0,20,whole,AR,small_business,0
0.0,240000.0,10.0,17.74,0.19958717174419938,0,27,10,0.0,20,whole,PA,credit_card,0
0.0,27354.0,0.0,24.35,0.7254126361969147,0,11,10,0.0,20,whole,MN,credit_card,0
0.0,65000.0,0.0,29.38,0.39378751919586763,0,14,10,0.0,20,whole,VA,debt_consolidation,0
0.0,25000.0,3.0,13.2,0.27151515151515154,0,21,10,0.0,20,whole,CA,other,0
0.0,115000.0,2.0,15.66,0.31412318925250293,0,13,10,0.0,20,whole,AZ,other,0
0.0,53000.0,10.0,24.95,0.6253118008588988,0,8,10,0.0,20,whole,VA,debt_consolidation,0
0.0,36000.0,6.0,29.6,0.5779207557926457,0,12,10,0.0,20,whole,TX,debt_consolidation,0
0.0,79000.0,8.0,16.86,0.336341008089608,0,14,10,0.0,20,whole,NV,debt_consolidation,0
0.0,77000.0,3.0,20.68,1.1155032423301183,0,21,10,0.0,20,whole,NY,debt_consolidation,0
0.0,78816.0,6.0,17.57,0.3855105581651221,0,18,10,0.0,20,whole,RI,other,0
0.0,85000.0,6.0,15.37,0.16760438136335123,0,17,10,0.0,20,whole,FL,debt_consolidation,0
0.0,56000.0,4.0,26.85,0.6851638792232574,1,10,10,0.0,20,fractional,PA,debt_consolidation,0
0.0,48000.0,6.0,23.75,0.37179401176181215,0,12,10,0.0,20,whole,CT,debt_consolidation,0
0.0,55000.0,10.0,39.8,0.3011988801420895,0,20,10,0.0,20,fractional,AZ,credit_card,0
0.0,25000.0,10.0,36.87,0.22986794717887155,0,8,10,0.0,20,fractional,FL,credit_card,0
0.0,38400.0,0.0,5.78,0.710375,0,14,10,0.0,20,whole,CA,debt_consolidation,0
0.0,81000.0,10.0,19.73,0.15833588253288466,0,23,10,0.0,20,whole,TX,debt_consolidation,0
0.0,80000.0,1.0,17.32,0.4420413649568573,0,7,10,0.0,20,whole,NM,credit_card,0
0.0,140000.0,1.0,7.75,0.7752830188679245,0,31,10,0.0,20,whole,PA,debt_consolidation,0
0.0,155159.0,10.0,22.52,0.30811277583244373,0,23,10,0.0,20,whole,WA,debt_consolidation,0
0.0,130000.0,1.0,29.31,0.43794598170750043,0,12,10,0.0,20,whole,TX,medical,0
0.0,240000.0,10.0,26.39,0.14171656686626746,0,18,10,0.0,20,whole,CA,debt_consolidation,0
0.0,105000.0,3.0,18.89,0.5735120147874306,0,8,10,0.0,20,whole,NY,debt_consolidation,0
0.0,55000.0,5.0,15.93,0.17266251113089937,0,14,10,0.0,20,whole,NY,debt_consolidation,0
0.0,110000.0,5.0,22.05,0.7029681246264309,0,10,10,0.0,20,whole,NC,credit_card,0
0.0,45000.0,0.0,19.89,0.7833333333333333,0,13,10,0.0,20,fractional,TX,debt_consolidation,0
0.0,137000.0,3.0,1.96,0.03829151094500801,0,6,10,0.0,20,whole,CA,debt_consolidation,0
0.0,86000.0,10.0,20.36,0.19809795465453098,0,16,10,0.0,20,whole,TN,debt_consolidation,0
0.0,38400.0,6.0,6.53,0.7022321428571429,0,25,10,0.0,20,whole,IN,other,0
0.0,48000.0,2.0,14.58,0.9235144312393888,0,8,10,0.0,20,fractional,CA,credit_card,0
0.0,138764.0,6.0,16.99,0.1939601511470393,0,13,10,0.0,20,whole,NY,credit_card,0
0.0,75000.0,6.0,25.18,0.7656103128776689,0,38,10,0.0,20,whole,NJ,debt_consolidation,0
0.0,84873.0,3.0,22.07,0.8657420818848977,0,8,10,0.0,20,whole,VA,debt_consolidation,0
0.0,20712.0,6.0,31.72,0.20129848229342326,0,19,10,0.0,20,whole,MA,debt_consolidation,0
0.0,177000.0,2.0,20.95,0.3777292621136127,0,17,10,0.0,20,whole,PA,credit_card,0
0.0,85000.0,2.0,16.96,0.7406214816482775,0,22,10,0.0,20,fractional,FL,debt_consolidation,0
0.0,95000.0,10.0,16.84,0.4693203164635066,0,17,10,0.0,20,whole,CA,other,0
0.0,37770.0,10.0,1.84,0.11875,0,11,10,0.0,20,whole,FL,other,0
0.0,65000.0,0.0,29.55,0.30063980724186923,0,22,10,0.0,20,whole,VT,debt_consolidation,0
0.0,93590.0,6.0,14.98,0.13292915214866435,0,49,10,0.0,20,whole,LA,credit_card,0
0.0,55000.0,10.0,24.63,0.3886574531095755,0,24,10,0.0,20,whole,MN,credit_card,0
0.0,72000.0,5.0,33.2,0.4418250235183443,0,13,10,0.0,20,fractional,VA,debt_consolidation,0
0.0,46556.0,3.0,4.8,0.5875,0,4,10,0.0,20,fractional,CA,debt_consolidation,0
0.0,56000.0,10.0,21.15,0.203241592888691,0,16,10,0.0,20,whole,TX,home_improvement,0
0.0,30000.0,4.0,25.92,0.29178845864095226,0,7,10,0.0,20,whole,MA,major_purchase,0
0.0,50000.0,10.0,13.61,0.4604941623676351,0,24,10,0.0,20,fractional,NJ,credit_card,0
0.0,110000.0,10.0,28.21,0.22500494246965325,0,17,10,0.0,20,whole,NY,debt_consolidation,0
0.0,185000.0,10.0,6.2,0.41432983323038913,3,18,10,0.0,20,whole,NY,home_improvement,0
0.0,45000.0,10.0,12.24,0.6839647119875454,0,16,10,0.0,20,fractional,CA,debt_consolidation,0
0.0,80000.0,1.0,27.56,0.3973163900848556,1,23,10,0.0,20,fractional,TX,debt_consolidation,0
0.0,39000.0,7.0,9.29,0.03349831580394583,0,14,10,0.0,20,whole,NC,home_improvement,0
0.0,35000.0,1.0,7.51,0.13092561983471074,0,7,10,0.0,20,fractional,IL,home_improvement,0
0.0,120000.0,4.0,17.02,0.734030777537797,0,20,10,0.0,20,fractional,MI,debt_consolidation,0
0.0,36000.0,2.0,17.3,0.7836533105573916,0,10,10,0.0,20,whole,FL,debt_consolidation,0
0.0,90000.0,5.0,14.88,0.5208719492207289,4,20,10,0.0,20,fractional,MN,debt_consolidation,0
0.0,85000.0,10.0,4.31,0.6911278195488721,0,10,10,0.0,20,whole,NY,other,0
0.0,71000.0,10.0,19.99,0.13807401607232292,0,34,10,0.0,20,whole,UT,debt_consolidation,0
0.0,220000.0,4.0,22.61,0.38737005477991243,0,14,10,0.0,20,fractional,CA,debt_consolidation,0
0.0,52000.0,1.0,7.15,0.5997278911564626,0,12,10,0.0,20,whole,AR,debt_consolidation,0
0.0,60000.0,1.0,35.2,0.16494824518841986,1,20,10,0.0,20,whole,WA,debt_consolidation,0
0.0,45000.0,10.0,23.76,0.2885223678264799,0,18,10,0.0,20,whole,SC,debt_consolidation,0
0.0,59991.0,4.0,12.92,0.30814905536277243,0,11,10,0.0,20,whole,KY,house,0
0.0,94000.0,10.0,37.55,0.5957859717216524,1,21,10,0.0,20,whole,VA,other,0
0.0,70000.0,0.0,17.83,0.1648777482326999,0,34,10,0.0,20,whole,OR,credit_card,0
0.0,66000.0,3.0,38.73,0.6350595848154177,0,15,10,0.0,20,whole,WI,credit_card,0
0.0,79992.0,3.0,16.56,0.7573660752995856,0,9,10,0.0,20,whole,IL,car,0
0.0,135000.0,7.0,15.95,0.17172877822265395,0,12,10,0.0,20,whole,OR,debt_consolidation,0
0.0,146000.0,3.0,19.53,0.513178003256921,0,12,10,0.0,20,whole,ID,debt_consolidation,0
0.0,27500.0,7.0,11.26,0.9815966822187662,0,11,10,0.0,20,whole,NY,moving,0
0.0,85000.0,6.0,24.5,0.6605807752175356,0,16,10,0.0,20,whole,FL,credit_card,0
0.0,45930.0,7.0,31.25,0.5177961693071648,0,17,10,0.0,20,whole,PA,debt_consolidation,0
0.0,26000.0,8.0,6.56,0.019109540636042404,0,20,10,0.0,20,whole,MA,debt_consolidation,0
0.0,285000.0,2.0,10.05,0.05195305980328397,0,12,10,0.0,20,whole,TX,debt_consolidation,0
0.0,85000.0,5.0,34.41,0.34141795337920244,0,17,10,0.0,20,whole,WV,medical,0
0.0,70000.0,10.0,23.5,0.4239762746663625,0,12,10,0.0,20,fractional,MI,credit_card,0
0.0,110000.0,10.0,22.64,0.5060706242609988,0,20,10,0.0,20,whole,OH,debt_consolidation,0
0.0,93500.0,10.0,28.98,0.3408542026541355,0,17,10,0.0,20,whole,MI,debt_consolidation,0
0.0,120000.0,10.0,26.13,0.41636468892803036,1,16,10,0.0,20,whole,GA,debt_consolidation,0
0.0,60000.0,10.0,21.46,1.5086175354811378,9,24,10,0.0,20,whole,CA,credit_card,0
0.0,125000.0,10.0,4.31,0.10658486917535123,0,34,10,0.0,20,whole,MO,debt_consolidation,0
0.0,100000.0,2.0,22.93,0.19637889999567268,0,36,10,0.0,20,whole,NJ,debt_consolidation,0
0.0,42500.0,10.0,16.83,0.5506999328477711,0,11,10,0.0,20,whole,NE,house,0
0.0,50000.0,1.0,26.64,0.8866209557026409,0,22,10,0.0,20,whole,GA,credit_card,0
0.0,55000.0,0.0,16.17,0.576091363697797,0,11,10,0.0,20,fractional,TX,debt_consolidation,0
0.0,50000.0,0.0,13.18,0.41766926523847525,0,10,10,0.0,20,whole,OR,other,0
0.0,101000.0,5.0,14.4,0.07867124359790591,0,19,10,0.0,20,whole,CA,debt_consolidation,0
0.0,101400.0,10.0,12.16,0.10168313620629174,1,28,10,0.0,20,fractional,CA,debt_consolidation,0
0.0,150000.0,1.0,15.47,0.2535875660951771,0,10,10,0.0,20,whole,MI,credit_card,0
0.0,389964.0,10.0,20.56,0.23386591735006107,0,17,10,0.0,20,whole,TX,home_improvement,0
0.0,72800.0,0.0,7.78,0.6215255521240021,0,11,10,0.0,20,whole,NY,medical,0
0.0,19200.0,6.0,22.38,0.0,0,5,10,0.0,20,whole,MD,debt_consolidation,0
0.0,58000.0,6.0,25.37,0.35943041407633025,0,26,10,0.0,20,whole,AL,credit_card,0
0.0,44000.0,0.0,10.52,0.6410346155192328,0,13,10,0.0,20,fractional,CA,other,0
0.0,120000.0,10.0,14.41,0.11841329402305012,1,27,10,0.0,20,fractional,CA,debt_consolidation,0
0.0,97000.0,3.0,7.45,0.050153051967434754,3,31,10,0.0,20,whole,CT,debt_consolidation,0
0.0,100000.0,8.0,24.01,0.26113870220989405,0,12,10,0.0,20,whole,FL,major_purchase,0
0.0,52000.0,4.0,3.34,0.07805769230769231,0,10,10,0.0,20,whole,OK,debt_consolidation,0
0.0,62400.0,10.0,9.5,0.04872922252010724,0,20,10,0.0,20,whole,MI,major_purchase,0
0.0,63000.0,1.0,18.18,0.538095824608942,0,8,10,0.0,20,whole,WA,small_business,0
0.0,96000.0,3.0,24.24,0.14448529196888316,0,12,10,0.0,20,fractional,FL,credit_card,0
0.0,95000.0,6.0,21.18,0.16858996698997952,0,19,10,0.0,20,whole,TX,debt_consolidation,0
0.0,130000.0,10.0,19.44,0.3744925074224442,0,36,10,0.0,20,whole,TX,debt_consolidation,0
0.0,80000.0,2.0,8.69,0.3982132101987553,0,19,10,0.0,20,whole,MD,debt_consolidation,0
0.0,100000.0,10.0,23.92,0.2782502213598086,0,21,10,0.0,20,whole,TX,debt_consolidation,0
0.0,83000.0,3.0,20.42,0.21179886322544858,0,14,10,0.0,20,whole,FL,home_improvement,0
0.0,134000.0,10.0,23.05,0.2645581477323168,0,19,10,0.0,20,fractional,CA,debt_consolidation,0
0.0,55000.0,5.0,35.99,0.20380450919456047,0,31,10,0.0,20,whole,NV,credit_card,0
0.0,133000.0,10.0,11.76,0.3219606731351052,0,20,10,0.0,20,whole,TX,debt_consolidation,0
0.0,58000.0,5.0,5.43,1.1707581929115893,0,16,10,0.0,20,whole,IL,credit_card,0
0.0,160000.0,10.0,16.11,0.08494619194369109,7,26,10,0.0,20,whole,NY,home_improvement,0
0.0,40000.0,10.0,24.75,0.5232426754937378,0,12,10,0.0,20,fractional,OH,vacation,0
0.0,103000.0,10.0,17.56,0.13613657306367913,0,16,10,0.0,20,whole,PA,debt_consolidation,0
0.0,40000.0,6.0,2.46,0.09876543209876543,0,12,10,0.0,20,whole,CA,other,0
0.0,250000.0,3.0,6.81,0.0571475835991965,0,28,10,0.0,20,whole,FL,credit_card,0
0.0,21900.0,2.0,7.93,0.4340659340659341,0,5,10,0.0,20,whole,NY,home_improvement,0
0.0,60000.0,10.0,32.04,0.5319045247957962,0,28,10,0.0,20,whole,NY,debt_consolidation,0
0.0,134000.0,2.0,23.51,0.28990475853435194,0,15,10,0.0,20,fractional,PA,credit_card,0
0.0,36000.0,3.0,8.87,0.13015202702702702,0,25,10,0.0,20,whole,OR,credit_card,0
0.0,97000.0,9.0,24.32,0.11278070658777728,0,26,10,0.0,20,whole,CO,debt_consolidation,0
0.0,78000.0,3.0,12.85,0.39910913140311804,0,5,10,0.0,20,whole,NJ,other,0
0.0,43000.0,2.0,20.26,0.35775027730050674,1,36,10,0.0,20,whole,TX,major_purchase,0
0.0,80000.0,10.0,18.5,0.10862524618962309,0,37,10,0.0,20,whole,MO,credit_card,0
0.0,199000.0,10.0,18.17,0.26049070026871346,0,30,10,0.0,20,whole,NY,debt_consolidation,0
0.0,41500.0,10.0,17.96,0.5009167583425009,0,8,10,0.0,20,whole,FL,credit_card,0
0.0,90000.0,1.0,14.88,0.0932194060954362,1,14,10,0.0,20,whole,CO,home_improvement,0
0.0,100000.0,1.0,8.36,0.31571722211356434,0,19,10,0.0,20,whole,MN,house,0
0.0,70000.0,10.0,19.1,0.5277372725543651,0,14,10,0.0,20,whole,LA,credit_card,0
0.0,110000.0,5.0,24.97,0.24253469932744295,0,14,10,0.0,20,whole,CA,credit_card,0
0.0,100000.0,9.0,17.83,0.21237389518792965,0,13,10,0.0,20,whole,CA,other,0
0.0,60000.0,10.0,16.74,0.7557089552238806,0,18,10,0.0,20,whole,VT,debt_consolidation,0
0.0,100000.0,10.0,11.3,0.10997763383390943,0,14,10,0.0,20,fractional,NE,debt_consolidation,0
0.0,44000.0,3.0,24.77,0.6294133898149001,0,7,10,0.0,20,fractional,TX,debt_consolidation,0
0.0,55700.0,6.0,21.18,0.7401714323683802,0,6,10,0.0,20,fractional,MI,other,0
0.0,53900.0,2.0,17.52,0.4745373761046824,0,22,10,0.0,20,whole,AL,debt_consolidation,0
0.0,40000.0,10.0,8.49,1.1218302387267904,0,16,10,0.0,20,whole,MS,debt_consolidation,0
0.0,87125.0,2.0,28.98,0.12036686208019254,0,29,10,0.0,20,fractional,WA,debt_consolidation,0
0.0,39995.0,6.0,9.36,0.3591364850921982,0,16,10,0.0,20,whole,TN,debt_consolidation,0
0.0,98000.0,6.0,39.4,0.11930399181166837,0,34,10,0.0,20,whole,IL,debt_consolidation,0
0.0,63446.53,1.0,7.75,0.04436388140161725,1,18,10,0.0,20,whole,NJ,debt_consolidation,0
0.0,35000.0,6.0,23.15,0.34041034790365743,2,9,10,0.0,20,fractional,MD,debt_consolidation,0
0.0,65000.0,0.0,15.29,0.7144473684210526,0,21,10,0.0,20,fractional,AL,debt_consolidation,0
0.0,127233.0,10.0,33.16,0.11153049615223401,1,13,10,0.0,20,whole,CA,debt_consolidation,0
0.0,92000.0,4.0,19.28,0.6121154823806424,0,11,10,0.0,20,whole,TX,medical,0
0.0,85000.0,5.0,30.61,0.6312366167023554,0,18,10,0.0,20,fractional,MS,debt_consolidation,1
0.0,45000.0,10.0,4.99,1.5990203753464656,0,31,10,0.0,20,whole,FL,debt_consolidation,0
0.0,65000.0,4.0,20.93,0.4897130515273064,0,10,10,0.0,20,whole,MI,major_purchase,0
0.0,56000.0,6.0,19.82,0.5286229508196721,0,11,10,0.0,20,fractional,OR,debt_consolidation,0
0.0,165000.0,0.0,10.27,0.19801380408962282,0,15,10,0.0,20,whole,NJ,medical,0
0.0,112000.0,5.0,26.4,0.6691833808352069,0,14,10,0.0,20,whole,NM,debt_consolidation,0
0.0,50000.0,5.0,22.42,0.5669908801421052,0,22,10,0.0,20,whole,WV,debt_consolidation,0
0.0,95000.0,8.0,16.62,0.44273150241383835,0,12,10,0.0,20,whole,CA,debt_consolidation,0
0.0,120000.0,0.0,14.46,0.1145477610256382,0,17,10,0.0,20,whole,FL,debt_consolidation,0
0.0,72000.0,3.0,18.69,0.7468139637649138,0,4,10,0.0,20,fractional,AZ,credit_card,0
0.0,103000.0,2.0,26.32,0.19520173048649278,0,15,10,0.0,20,fractional,FL,medical,0
0.0,75000.0,4.0,19.79,0.7216064011416049,1,16,10,0.0,20,whole,SC,credit_card,0
0.0,108000.0,8.0,31.89,0.1850172880615529,0,12,10,0.0,20,whole,CA,credit_card,0
0.0,30000.0,4.0,8.24,0.8164102564102564,0,12,10,0.0,20,fractional,NY,credit_card,0
0.0,78000.0,10.0,27.74,0.3456509284534762,0,17,10,0.0,20,whole,WI,home_improvement,0
0.0,105000.0,6.0,22.56,0.07604060913705583,0,15,10,0.0,20,whole,OH,debt_consolidation,0
0.0,90000.0,3.0,21.29,0.21085035187975748,0,22,10,0.0,20,fractional,IN,credit_card,0
0.0,92000.0,1.0,11.57,0.6331676926500037,1,11,10,0.0,20,whole,WI,debt_consolidation,0
0.0,340000.0,8.0,7.72,0.09868454538274551,0,10,10,0.0,20,whole,MN,debt_consolidation,0
0.0,30000.0,4.0,31.04,0.5210134862673059,0,18,10,0.0,20,whole,CO,debt_consolidation,0
0.0,38000.0,10.0,29.28,0.3313911143481428,0,15,10,0.0,20,fractional,TX,credit_card,0
0.0,170000.0,10.0,17.37,0.1664436874161247,0,23,10,0.0,20,whole,CA,credit_card,0
0.0,115000.0,7.0,8.98,0.4757380443494523,0,11,10,0.0,20,whole,CA,other,0
0.0,20400.0,0.0,10.26,0.555918057663126,0,6,10,0.0,20,fractional,FL,other,0
0.0,60000.0,0.0,22.44,0.7800922600520359,0,12,10,0.0,20,fractional,FL,debt_consolidation,0
0.0,85000.0,10.0,23.65,0.15851142668295712,1,15,10,0.0,20,fractional,CO,home_improvement,0
0.0,200000.0,1.0,9.59,0.09118358075768639,0,16,10,0.0,20,whole,CA,credit_card,0
0.0,36000.0,10.0,29.27,0.7203458634407729,0,33,10,0.0,20,whole,TN,debt_consolidation,0
0.0,60000.0,10.0,26.46,0.936392225502736,0,18,10,0.0,20,whole,NC,debt_consolidation,0
0.0,55000.0,4.0,17.08,0.5485050663622092,0,13,10,0.0,20,whole,GA,debt_consolidation,0
0.0,58000.0,5.0,33.48,0.19551866670589274,0,13,10,0.0,20,fractional,WA,other,0
0.0,95000.0,7.0,12.58,0.2955626559442819,1,13,10,0.0,20,whole,TX,debt_consolidation,0
0.0,35000.0,1.0,32.58,0.5643807457317421,0,12,10,0.0,20,fractional,CO,debt_consolidation,0
0.0,78000.0,10.0,14.38,0.804320931085044,0,13,10,0.0,20,whole,TX,credit_card,1
0.0,50000.0,10.0,15.96,0.17373946816659058,0,23,10,0.0,20,whole,GA,other,0
0.0,72500.0,3.0,0.74,0.03168888888888889,0,5,10,0.0,20,whole,TX,house,0
0.0,26000.0,10.0,28.02,0.541203482688854,0,11,10,0.0,20,whole,TX,debt_consolidation,0
0.0,257000.0,4.0,14.0,0.06496225018504811,0,20,10,0.0,20,whole,CT,credit_card,0
0.0,56500.0,2.0,22.77,0.613472842699271,0,7,10,0.0,20,whole,OR,debt_consolidation,0
0.0,36000.0,10.0,29.73,0.2578723404255319,0,22,10,0.0,20,fractional,KS,debt_consolidation,0
0.0,74000.0,10.0,15.73,0.09543506962266793,1,11,10,0.0,20,whole,IL,debt_consolidation,0
0.0,100000.0,10.0,19.31,0.21528951768960572,0,15,10,0.0,20,whole,CA,debt_consolidation,0
0.0,180000.0,2.0,4.63,0.36229945567818495,1,15,10,0.0,20,whole,CO,debt_consolidation,0
0.0,70540.0,4.0,21.76,0.8957158896176801,0,8,10,0.0,20,fractional,MD,credit_card,0
0.0,59000.0,4.0,8.34,0.3267208328936724,1,18,10,0.0,20,fractional,ID,debt_consolidation,0
0.0,59869.0,7.0,21.15,0.5417296208360314,1,8,10,0.0,20,whole,VA,moving,0
0.0,60000.0,10.0,18.28,0.13062545646561036,0,17,10,0.0,20,whole,FL,debt_consolidation,0
0.0,70000.0,10.0,10.44,0.736072262567682,0,11,10,0.0,20,whole,AR,credit_card,0
0.0,45000.0,2.0,6.0,0.6615384615384615,0,12,10,0.0,20,fractional,OH,debt_consolidation,0
0.0,28000.0,5.0,21.86,0.6795454545454546,0,14,10,0.0,20,whole,NJ,other,0
0.0,60000.0,10.0,11.8,1.1055258110073565,0,18,10,0.0,20,whole,ID,debt_consolidation,0
0.0,120000.0,2.0,20.73,0.43073869097350914,0,20,10,0.0,20,whole,FL,debt_consolidation,0
0.0,58000.0,10.0,21.97,0.7454557428872497,0,8,10,0.0,20,whole,NY,debt_consolidation,0
0.0,50000.0,6.0,8.26,0.677507563416337,0,34,10,0.0,20,whole,MN,debt_consolidation,0
0.0,38000.0,4.0,5.4,0.025157421289355324,0,16,10,0.0,20,whole,FL,home_improvement,0
0.0,36785.0,3.0,2.72,0.20800906229462834,0,9,10,0.0,20,whole,SC,medical,0
0.0,40000.0,10.0,13.53,0.5186215235792019,0,7,10,0.0,20,whole,MD,debt_consolidation,0
0.0,43664.0,6.0,20.31,0.8180637517373374,0,10,10,0.0,20,whole,TX,credit_card,0
0.0,50000.0,10.0,21.38,0.527689081637516,1,12,10,0.0,20,whole,RI,debt_consolidation,0
0.0,35000.0,10.0,10.4,0.25109375,0,13,10,0.0,20,whole,CA,other,0
0.0,200000.0,0.0,10.31,0.6404186972506198,0,7,10,0.0,20,whole,CA,major_purchase,0
0.0,85000.0,10.0,9.87,0.10982306112689527,0,16,10,0.0,20,whole,MN,credit_card,0
0.0,175000.0,1.0,19.6,0.22703515744420666,0,29,10,0.0,20,whole,NV,credit_card,0
0.0,100000.0,10.0,20.96,0.2075070905014393,0,16,10,0.0,20,whole,KY,credit_card,0
0.0,144000.0,10.0,18.59,0.22328696522761965,0,24,10,0.0,20,whole,MI,credit_card,0
0.0,129000.0,0.0,29.18,0.3485093434270096,0,19,10,0.0,20,whole,AL,debt_consolidation,0
0.0,110000.0,1.0,32.1,0.1468572663892342,0,19,10,0.0,20,whole,CA,credit_card,0
0.0,81250.0,6.0,14.57,0.28354926973100614,0,18,10,0.0,20,whole,IL,debt_consolidation,0
0.0,91000.0,4.0,16.63,0.17909419889682235,2,13,10,0.0,20,whole,MN,debt_consolidation,0
0.0,82000.0,10.0,10.96,0.13071412303868882,0,31,10,0.0,20,whole,NC,other,0
0.0,235000.0,1.0,22.1,0.5863799440935004,0,20,10,0.0,20,whole,ME,debt_consolidation,0
0.0,53800.0,10.0,18.45,0.692725720052791,0,11,10,0.0,20,whole,NC,debt_consolidation,0
0.0,72000.0,0.0,19.4,0.2533952872723262,0,18,10,0.0,20,whole,MO,debt_consolidation,0
0.0,100000.0,9.0,21.53,0.3127269703102043,0,31,10,0.0,20,whole,IL,debt_consolidation,0
0.0,29000.0,2.0,20.73,0.8061265471539669,0,4,10,0.0,20,whole,VA,credit_card,0
0.0,100000.0,10.0,32.12,0.20433803535010198,0,22,10,0.0,20,whole,TN,debt_consolidation,0
0.0,98000.0,10.0,26.77,0.25396825396825395,0,28,10,0.0,20,whole,OH,debt_consolidation,0
0.0,139000.0,2.0,3.73,0.07132595891394915,0,30,10,0.0,20,fractional,MA,home_improvement,0
0.0,29000.0,6.0,14.63,0.2071418672333349,0,24,10,0.0,20,whole,TX,debt_consolidation,0
0.0,65000.0,10.0,22.05,0.2939736178561873,0,21,10,0.0,20,whole,IN,credit_card,0
0.0,19000.0,8.0,21.6,0.37637350705754613,0,10,10,0.0,20,whole,CA,debt_consolidation,0
0.0,25000.0,10.0,26.79,0.1167992240543162,0,21,10,0.0,20,whole,FL,debt_consolidation,0
0.0,25000.0,6.0,21.12,0.3912167300380228,0,15,10,0.0,20,whole,IL,debt_consolidation,0
0.0,76000.0,10.0,35.88,0.38259311420995906,0,15,10,0.0,20,whole,FL,credit_card,0
0.0,34600.0,10.0,4.37,0.19603678929765886,0,8,10,0.0,20,whole,FL,debt_consolidation,0
0.0,115000.0,10.0,15.79,0.1153319008586006,0,8,10,0.0,20,whole,IL,debt_consolidation,0
0.0,48000.0,10.0,11.95,0.852808988764045,0,20,10,0.0,20,whole,CA,debt_consolidation,0
0.0,51224.0,6.0,20.46,0.29692434210526314,1,33,10,0.0,20,whole,ID,debt_consolidation,0
0.0,66000.0,1.0,30.46,0.7159255258773777,0,12,10,0.0,20,whole,GA,debt_consolidation,0
0.0,210000.0,10.0,17.42,0.07356657967964407,0,25,10,0.0,20,whole,NC,debt_consolidation,0
0.0,65000.0,4.0,17.45,0.35694596774661536,2,13,10,0.0,20,fractional,CT,credit_card,0
0.0,98000.0,10.0,7.16,0.11707170570950827,0,24,10,0.0,20,whole,CA,debt_consolidation,0
0.0,150000.0,4.0,22.82,0.6058015712082762,0,12,10,0.0,20,whole,NC,debt_consolidation,0
0.0,65000.0,7.0,24.82,0.170399061781976,0,13,10,0.0,20,whole,CO,credit_card,0
0.0,95000.0,10.0,11.93,0.0843183536056611,0,14,10,0.0,20,whole,WV,debt_consolidation,0
0.0,38000.0,6.0,14.53,0.5872519083969465,0,36,10,0.0,20,whole,CA,debt_consolidation,0
0.0,90000.0,8.0,26.33,0.36927030138548544,0,20,10,0.0,20,fractional,TX,credit_card,0
0.0,100000.0,3.0,38.19,0.7169576563547785,0,13,10,0.0,20,whole,CA,debt_consolidation,0
0.0,175000.0,10.0,34.96,0.4061951033745685,0,19,10,0.0,20,whole,WA,home_improvement,0
0.0,102000.0,10.0,14.03,0.07682380388672053,1,21,10,0.0,20,fractional,TX,debt_consolidation,0
0.0,150000.0,7.0,1.73,0.07805953693495038,9,20,10,0.0,20,fractional,CA,credit_card,0
0.0,60000.0,10.0,21.6,0.820973845414062,0,26,10,0.0,20,fractional,TX,credit_card,0
0.0,90000.0,10.0,10.69,0.3079670741768544,3,9,10,0.0,20,whole,NJ,debt_consolidation,0
0.0,93000.0,10.0,17.3,0.38442208699402725,0,18,10,0.0,20,whole,TX,other,0
0.0,180000.0,10.0,15.07,0.05606723284233023,0,22,10,0.0,20,whole,NY,home_improvement,0
0.0,110000.0,6.0,18.39,0.22518776391709378,0,13,10,0.0,20,whole,GA,debt_consolidation,0
0.0,30000.0,10.0,26.12,0.45744525547445253,0,23,10,0.0,20,whole,GA,debt_consolidation,0
0.0,56000.0,4.0,15.63,0.4211991580090989,0,14,10,0.0,20,whole,AZ,credit_card,0
0.0,155000.0,6.0,23.53,0.6399106806122411,0,23,10,0.0,20,whole,TX,debt_consolidation,0
0.0,57000.0,4.0,1.26,0.0034245439469320067,0,14,10,0.0,20,whole,CA,home_improvement,0
0.0,14560.0,2.0,9.65,0.5517391304347826,0,10,10,0.0,20,whole,CT,credit_card,0
0.0,101000.0,10.0,14.7,0.12665027049163638,0,19,10,0.0,20,whole,MN,debt_consolidation,0
0.0,53500.0,10.0,17.99,0.13406857142857143,1,25,10,0.0,20,fractional,NC,debt_consolidation,0
0.0,45000.0,10.0,2.99,0.007227374480332587,0,7,10,0.0,20,whole,MN,home_improvement,0
0.0,80000.0,2.0,12.54,0.7458431603773585,0,12,10,0.0,20,fractional,MN,debt_consolidation,0
0.0,65000.0,6.0,36.32,0.8277899500736324,1,24,10,0.0,20,whole,UT,credit_card,0
0.0,38979.0,10.0,33.68,0.5915843856129447,0,13,10,0.0,20,whole,OK,debt_consolidation,0
0.0,108000.0,7.0,7.43,0.2979735582726253,0,16,10,0.0,20,whole,NC,medical,0
0.0,100000.0,10.0,1.25,0.011462522851919562,1,19,10,0.0,20,whole,FL,medical,0
0.0,150000.0,10.0,17.37,0.22443357380291035,0,26,10,0.0,20,whole,IL,credit_card,0
0.0,78000.0,8.0,18.57,0.06530176640411568,0,26,10,0.0,20,whole,GA,medical,0
0.0,12000.0,5.0,14.5,0.3986363636363636,0,4,10,0.0,20,whole,IL,debt_consolidation,0
0.0,107000.0,6.0,13.0,0.1455436901767438,0,25,10,0.0,20,whole,MA,debt_consolidation,0
0.0,64000.0,4.0,17.16,0.7284606768717194,0,8,10,0.0,20,whole,CA,debt_consolidation,0
0.0,108000.0,10.0,33.24,0.39258160391035996,0,18,10,0.0,20,whole,OH,debt_consolidation,0
0.0,130000.0,2.0,14.34,0.15071037309280694,0,17,10,0.0,20,whole,NJ,debt_consolidation,0
0.0,30000.0,0.0,34.68,0.7773408098750565,0,9,10,0.0,20,whole,CA,debt_consolidation,0
0.0,13140.0,6.0,15.71,0.5728571428571428,0,13,10,0.0,20,fractional,NY,small_business,0
0.0,21000.0,6.0,27.94,0.5761340347763623,0,15,10,0.0,20,whole,SC,debt_consolidation,0
0.0,79700.0,9.0,18.28,0.1401154904881565,1,18,10,0.0,20,whole,PA,debt_consolidation,0
0.0,56419.68,4.0,30.63,0.724311978988238,0,7,10,0.0,20,fractional,NC,debt_consolidation,0
0.0,160000.0,10.0,13.88,0.058351153818236634,0,31,10,0.0,20,whole,AL,debt_consolidation,0
0.0,34000.0,8.0,6.71,1.1643396226415095,0,9,10,0.0,20,whole,MI,debt_consolidation,0
0.0,63000.0,6.0,2.08,0.015659192825112106,0,16,10,0.0,20,whole,NC,home_improvement,0
0.0,80000.0,0.0,19.86,1.1362530172925487,0,15,10,0.0,20,whole,CA,debt_consolidation,0
0.0,27550.0,6.0,39.61,0.45121333258262486,0,40,10,0.0,20,whole,NC,debt_consolidation,0
0.0,98000.0,6.0,30.07,0.67281957858358,0,13,10,0.0,20,whole,TX,debt_consolidation,0
0.0,38000.0,10.0,2.4,0.015634328358208955,0,12,10,0.0,20,whole,IL,medical,0
0.0,33852.0,6.0,6.1,0.07599056760437078,0,16,10,0.0,20,whole,AL,other,0
0.0,97000.0,1.0,13.04,0.31196254808780266,0,11,10,0.0,20,fractional,NY,debt_consolidation,0
0.0,85441.0,10.0,24.28,0.21289447017950203,0,13,10,0.0,20,whole,OH,credit_card,0
0.0,75000.0,0.0,15.07,0.7192519619302054,0,9,10,0.0,20,whole,CA,credit_card,0
0.0,60000.0,5.0,18.1,0.2629640017691669,0,10,10,0.0,20,whole,TX,debt_consolidation,0
0.0,70000.0,10.0,8.52,0.1250957150295568,0,12,10,0.0,20,whole,FL,debt_consolidation,0
0.0,60000.0,5.0,25.46,0.1471681297624883,0,15,10,0.0,20,whole,MI,credit_card,0
0.0,106000.0,4.0,7.92,0.08524924348484789,0,22,10,0.0,20,whole,AZ,credit_card,0
0.0,125000.0,2.0,16.21,0.6488381621305238,0,7,10,0.0,20,fractional,MA,credit_card,0
0.0,30000.0,3.0,18.72,0.5461696080375438,0,48,10,0.0,20,fractional,NH,other,0
0.0,150000.0,10.0,19.48,0.20027241432516268,0,21,10,0.0,20,fractional,MA,debt_consolidation,0
0.0,30000.0,10.0,29.64,0.8455937112122466,0,18,10,0.0,20,whole,TN,home_improvement,0
0.0,128840.0,3.0,20.44,0.737319468515309,0,18,10,0.0,20,whole,UT,debt_consolidation,0
0.0,90000.0,2.0,23.03,0.6992846694494987,0,27,10,0.0,20,whole,PA,small_business,0
0.0,35000.0,2.0,2.91,0.021890003038590095,0,10,10,0.0,20,whole,IL,debt_consolidation,0
0.0,97000.0,8.0,8.41,0.07938565760040767,3,20,10,0.0,20,whole,VA,debt_consolidation,0
0.0,90000.0,10.0,27.36,0.19743967050891267,0,28,10,0.0,20,whole,MA,debt_consolidation,0
0.0,112000.0,0.0,17.63,0.11093960769259478,0,17,10,0.0,20,whole,OH,debt_consolidation,0
0.0,167000.0,0.0,25.91,0.47929688309193663,0,22,10,0.0,20,fractional,OR,credit_card,0
0.0,55000.0,10.0,9.56,0.050845623227342616,0,13,10,0.0,20,fractional,CA,home_improvement,0
0.0,32688.0,6.0,1.84,0.6713333333333333,0,13,10,0.0,20,fractional,GA,credit_card,0
0.0,80000.0,1.0,8.27,0.08210766659944106,1,13,10,0.0,20,whole,NV,debt_consolidation,0
0.0,110000.0,0.0,5.67,0.7067034292607272,1,24,10,0.0,20,whole,NY,home_improvement,0
0.0,60000.0,1.0,21.8,0.46342670493912697,0,14,10,0.0,20,whole,CA,credit_card,0
0.0,65000.0,10.0,5.21,0.18643869891576315,0,8,10,0.0,20,fractional,KY,medical,0
0.0,305000.0,10.0,13.71,0.1743859649122807,3,25,10,0.0,20,fractional,MO,debt_consolidation,0
0.0,145000.0,4.0,28.82,0.20370839613695674,0,16,10,0.0,20,whole,VA,debt_consolidation,0
0.0,110000.0,0.0,11.27,0.9244482252531012,0,14,10,0.0,20,fractional,FL,credit_card,0
0.0,86000.0,4.0,14.4,0.6066479469039457,0,19,10,0.0,20,whole,MA,debt_consolidation,0
0.0,164000.0,2.0,15.47,0.16162978489450897,0,14,10,0.0,20,whole,MN,credit_card,0
0.0,40000.0,5.0,20.37,0.6013064818824888,0,12,10,0.0,20,whole,WI,credit_card,0
0.0,98000.0,0.0,15.59,0.2926452593938962,0,11,10,0.0,20,whole,TX,small_business,0
0.0,155000.0,2.0,22.23,0.06589164460493814,0,19,10,0.0,20,whole,MN,debt_consolidation,0
0.0,40000.0,6.0,2.31,0.12448051948051948,1,11,10,0.0,20,whole,NY,credit_card,0
0.0,25320.0,6.0,12.8,0.5985537962847525,0,10,10,0.0,20,whole,MD,medical,0
0.0,85000.0,1.0,17.13,0.4867836137327315,0,10,10,0.0,20,fractional,KS,other,0
0.0,140000.0,4.0,7.17,0.17518018496864038,0,22,10,0.0,20,whole,IL,debt_consolidation,0
0.0,63000.0,2.0,12.76,1.0667682666894023,0,12,10,0.0,20,fractional,MO,credit_card,0
0.0,520000.0,10.0,11.8,0.23252126958214298,1,29,10,0.0,20,whole,IL,debt_consolidation,0
0.0,125000.0,10.0,12.14,0.08174915191968644,0,35,10,0.0,20,fractional,TX,debt_consolidation,0
0.0,30000.0,8.0,9.52,0.04982561036372696,0,39,10,0.0,20,whole,MO,house,0
0.0,89528.0,10.0,39.98,0.9187627714155506,0,19,10,0.0,20,whole,MS,car,0
0.0,106000.0,8.0,21.06,0.21667435728411338,0,13,10,0.0,20,whole,NE,credit_card,0
0.0,395000.0,2.0,5.89,0.225466358030695,0,11,10,0.0,20,whole,CA,home_improvement,0
0.0,28000.0,3.0,19.33,0.3990654205607477,0,12,10,0.0,20,whole,TX,debt_consolidation,0
0.0,78500.0,1.0,4.75,0.357475935828877,2,9,10,0.0,20,whole,TX,major_purchase,0
0.0,140000.0,1.0,9.99,0.3013640018589966,0,16,10,0.0,20,whole,GA,debt_consolidation,0
0.0,250000.0,2.0,0.12,0.3505333333333333,0,13,10,0.0,20,whole,NY,other,0
0.0,36420.0,8.0,11.57,0.1153932584269663,0,23,10,0.0,20,whole,KS,credit_card,0
0.0,59000.0,0.0,25.43,0.5205464099818196,0,25,10,0.0,20,whole,FL,debt_consolidation,0
0.0,36000.0,10.0,19.33,0.9255964737162896,0,8,10,0.0,20,whole,NY,debt_consolidation,0
0.0,45000.0,4.0,7.01,0.2751271186440678,0,13,10,0.0,20,fractional,NJ,major_purchase,0
0.0,100000.0,7.0,8.68,0.3182036726844097,0,8,10,0.0,20,whole,CA,major_purchase,0
0.0,49000.0,3.0,15.6,0.5214939963054187,0,6,10,0.0,20,whole,CA,credit_card,0
0.0,35000.0,4.0,3.88,0.019506726457399103,0,13,10,0.0,20,whole,WI,debt_consolidation,0
0.0,43900.0,0.0,22.25,0.19781129806955017,0,13,10,0.0,20,fractional,OK,credit_card,0
0.0,58250.0,10.0,15.64,0.05688020683711577,0,13,10,0.0,20,whole,CO,debt_consolidation,0
0.0,275000.0,0.0,14.66,0.18763790327389826,0,26,10,0.0,20,fractional,TX,debt_consolidation,0
0.0,55000.0,0.0,20.16,0.4967977412023965,0,25,10,0.0,20,whole,OH,credit_card,0
0.0,39000.0,6.0,24.02,0.3735576923076923,0,18,10,0.0,20,whole,CT,debt_consolidation,0
0.0,62800.0,1.0,2.39,0.006109194096052786,0,13,10,0.0,20,whole,MA,house,0
0.0,38000.0,9.0,32.69,0.22093651687630492,0,10,10,0.0,20,whole,AR,debt_consolidation,0
0.0,150000.0,10.0,15.85,0.5519821187584345,2,25,10,0.0,20,whole,TX,home_improvement,0
0.0,92000.0,7.0,9.6,0.5505360824742268,0,11,10,0.0,20,whole,CT,debt_consolidation,0
0.0,42000.0,3.0,13.11,0.6201734634309065,0,7,10,0.0,20,whole,VA,credit_card,0
0.0,76500.0,5.0,24.17,0.2706933767208545,0,10,10,0.0,20,whole,GA,credit_card,0
0.0,79000.0,9.0,14.2,0.22735193202435913,0,10,10,0.0,20,whole,CA,medical,0
0.0,76000.0,5.0,28.89,0.16264852713630923,0,15,10,0.0,20,whole,NY,credit_card,0
0.0,159270.0,10.0,24.57,0.28891904856618034,0,13,10,0.0,20,whole,AZ,home_improvement,0
0.0,90000.0,2.0,24.84,0.7941692943864354,0,7,10,0.0,20,fractional,CA,debt_consolidation,0
0.0,64000.0,1.0,6.75,0.4118786313750807,0,24,10,0.0,20,fractional,FL,debt_consolidation,0
0.0,15000.0,1.0,14.4,0.47921348314606743,0,3,10,0.0,20,fractional,NY,credit_card,0
0.0,69000.0,3.0,37.67,0.6956258105809233,0,17,10,0.0,20,fractional,NY,debt_consolidation,0
0.0,60000.0,0.0,22.46,0.3170539070623051,0,17,10,0.0,20,whole,GA,debt_consolidation,0
0.0,140000.0,0.0,13.78,0.0679523088975457,2,16,10,0.0,20,whole,FL,credit_card,0
0.0,41000.0,2.0,29.07,0.2532124299280723,0,12,10,0.0,20,fractional,IL,credit_card,0
0.0,160000.0,7.0,9.95,0.9813658154328385,0,12,10,0.0,20,whole,IL,home_improvement,0
0.0,50000.0,6.0,28.82,0.6955021128786035,0,14,10,0.0,20,fractional,NJ,credit_card,0
0.0,50000.0,6.0,15.05,0.4324506964556613,0,8,10,0.0,20,whole,AR,debt_consolidation,0
0.0,125000.0,5.0,7.46,0.32647080790640254,0,16,10,0.0,20,whole,FL,debt_consolidation,0
0.0,15000.0,4.0,13.92,0.8143917497167433,0,6,10,0.0,20,whole,CA,credit_card,0
0.0,75000.0,9.0,20.14,0.51442617588486,0,13,10,0.0,20,whole,NY,debt_consolidation,0
0.0,42000.0,0.0,4.71,0.6980124428783792,0,5,10,0.0,20,whole,PA,car,0
0.0,65000.0,10.0,21.75,0.5099341899091194,0,10,10,0.0,20,whole,CA,debt_consolidation,0
0.0,63000.0,10.0,20.48,0.3622996742962073,0,13,10,0.0,20,whole,MN,debt_consolidation,0
0.0,30000.0,0.0,9.04,0.6084302325581395,0,5,10,0.0,20,whole,NY,other,0
0.0,40000.0,3.0,11.67,0.6388296553434168,0,5,10,0.0,20,fractional,TX,debt_consolidation,0
0.0,136000.0,10.0,24.13,0.17499868680549918,0,15,10,0.0,20,whole,AZ,home_improvement,0
0.0,141000.0,2.0,14.09,0.5280549543855617,0,18,10,0.0,20,whole,TX,debt_consolidation,0
0.0,55523.24,10.0,25.94,0.6582204724409448,0,43,10,0.0,20,whole,MA,home_improvement,0
0.0,140000.0,2.0,8.7,0.7140026528239475,0,13,10,0.0,20,fractional,WA,medical,0
0.0,40000.0,6.0,27.84,0.3683210702341137,0,14,10,0.0,20,whole,OH,home_improvement,0
0.0,75000.0,6.0,37.82,0.26286694561224794,0,19,10,0.0,20,fractional,SC,debt_consolidation,0
0.0,42000.0,10.0,18.57,0.7110943044970621,0,15,10,0.0,20,whole,NC,debt_consolidation,0
0.0,45000.0,8.0,17.08,0.46178506375227685,0,23,10,0.0,20,whole,CO,credit_card,0
0.0,96400.0,9.0,16.92,0.12493403575932667,0,13,10,0.0,20,whole,NY,debt_consolidation,0
0.0,132000.0,0.0,11.64,0.14290857940256851,0,8,10,0.0,20,whole,CO,other,0
0.0,38000.0,4.0,28.14,0.5410451244329108,0,12,10,0.0,20,whole,CA,debt_consolidation,0
0.0,78000.0,10.0,31.98,0.5740155525586575,0,20,10,0.0,20,whole,CT,debt_consolidation,0
0.0,58000.0,2.0,17.06,0.3061628359953253,0,18,10,0.0,20,whole,CA,debt_consolidation,0
0.0,35000.0,5.0,31.34,0.5147887760158573,0,15,10,0.0,20,whole,CA,house,0
0.0,100000.0,5.0,19.85,0.28218263797220533,0,9,10,0.0,20,whole,OH,credit_card,0
0.0,177000.0,6.0,14.94,0.33637939183866394,0,13,10,0.0,20,whole,TX,debt_consolidation,0
0.0,43000.0,4.0,10.88,0.8408630349266897,0,12,10,0.0,20,whole,CA,home_improvement,0
0.0,103000.0,10.0,27.31,0.24361477508029936,0,14,10,0.0,20,whole,WA,debt_consolidation,0
0.0,82000.0,0.0,19.48,0.7775721555927257,0,13,10,0.0,20,fractional,NY,credit_card,0
0.0,43000.0,0.0,11.81,0.5791851060582939,0,22,10,0.0,20,fractional,AZ,credit_card,0
0.0,131630.0,8.0,21.49,0.6040696179017462,0,8,10,0.0,20,whole,NM,debt_consolidation,0
0.0,145000.0,3.0,21.52,0.1999027358166204,0,15,10,0.0,20,whole,CA,credit_card,0
0.0,36320.0,10.0,6.21,0.04140725311724256,0,14,10,0.0,20,whole,MD,debt_consolidation,0
0.0,67500.0,10.0,14.79,0.551659172548921,0,15,10,0.0,20,whole,NJ,debt_consolidation,0
0.0,48000.0,2.0,12.13,0.4118789584799437,0,15,10,0.0,20,whole,NY,credit_card,0
0.0,103000.0,4.0,17.94,0.13370166593375127,0,11,10,0.0,20,whole,UT,credit_card,0
0.0,139000.0,10.0,27.4,0.7894446127256205,1,24,10,0.0,20,whole,CA,debt_consolidation,0
0.0,115000.0,3.0,21.92,0.283835088700407,0,14,10,0.0,20,whole,NC,credit_card,0
0.0,67200.0,7.0,12.63,0.79820982302239,0,4,10,0.0,20,whole,CA,credit_card,0
0.0,65000.0,10.0,8.94,0.21715562862868007,0,15,10,0.0,20,whole,CA,credit_card,0
0.0,50000.0,1.0,5.02,0.4467714285714286,0,10,10,0.0,20,fractional,KS,credit_card,0
0.0,89800.0,10.0,20.81,0.20244261019131538,0,20,10,0.0,20,whole,NY,credit_card,0
0.0,57000.0,2.0,23.33,0.18700443532414232,2,13,10,0.0,20,whole,FL,debt_consolidation,0
0.0,75000.0,6.0,14.43,0.0862353295215167,0,41,10,0.0,20,whole,MA,home_improvement,0
0.0,70000.0,6.0,10.35,0.1337321497491316,0,20,10,0.0,20,whole,AL,debt_consolidation,0
0.0,233000.0,7.0,22.07,0.7055168421278329,0,20,10,0.0,20,whole,GA,credit_card,0
0.0,36000.0,8.0,19.0,0.05197140227932328,0,10,10,0.0,20,whole,CA,debt_consolidation,0
0.0,77856.0,10.0,26.4,0.19609050532576938,0,16,10,0.0,20,whole,PA,home_improvement,0
0.0,96800.0,1.0,0.25,0.019126984126984128,0,10,10,0.0,20,whole,AZ,major_purchase,0
0.0,37000.0,6.0,22.58,0.13799468791500663,0,24,10,0.0,20,whole,NC,medical,0
0.0,98241.0,10.0,13.73,0.6513244285343883,0,16,10,0.0,20,whole,CA,other,0
0.0,112000.0,0.0,11.89,0.4814700717784418,0,8,10,0.0,20,whole,GA,major_purchase,0
0.0,65000.0,10.0,5.41,0.14814426614399362,0,33,10,0.0,20,fractional,FL,credit_card,0
0.0,95000.0,3.0,26.84,0.4162653365439743,0,47,10,0.0,20,whole,OK,debt_consolidation,0
0.0,100000.0,4.0,28.4,0.7386695629478081,0,12,10,0.0,20,whole,PA,credit_card,0
0.0,85000.0,5.0,21.27,0.1463049931933366,1,12,10,0.0,20,whole,CA,debt_consolidation,0
0.0,110000.0,10.0,17.33,0.1263289628217717,0,22,10,0.0,20,whole,PA,debt_consolidation,0
0.0,1200000.0,10.0,4.26,0.09914356130198491,1,17,10,0.0,20,whole,NY,home_improvement,0
0.0,165000.0,1.0,17.67,0.43312930402021627,0,19,10,0.0,20,whole,TX,debt_consolidation,0
0.0,240000.0,10.0,6.75,0.7166564110453042,0,15,10,0.0,20,whole,PA,credit_card,0
0.0,50000.0,10.0,30.85,0.2205284788817424,0,11,10,0.0,20,whole,WY,other,0
0.0,21000.0,8.0,17.09,0.4375986471251409,0,8,10,0.0,20,whole,VA,debt_consolidation,0
0.0,120000.0,10.0,10.37,0.6437071651090343,0,31,10,0.0,20,whole,NY,credit_card,0
0.0,72000.0,10.0,14.13,0.2271796443899448,0,28,10,0.0,20,whole,KS,credit_card,0
0.0,53000.0,1.0,35.53,0.46728334462526905,0,13,10,0.0,20,fractional,TN,debt_consolidation,0
0.0,75000.0,10.0,35.49,0.3537558076611496,0,20,10,0.0,20,fractional,SD,credit_card,0
0.0,94300.0,9.0,15.41,0.014928867278948316,1,12,10,0.0,20,whole,MN,debt_consolidation,0
0.0,58000.0,2.0,35.36,0.5369238135577614,0,14,10,0.0,20,whole,GA,moving,0
0.0,76590.0,0.0,26.73,0.4269769337085024,0,11,10,0.0,20,whole,AL,debt_consolidation,0
0.0,172000.0,10.0,20.84,0.14159297056979353,0,22,10,0.0,20,whole,MN,debt_consolidation,0
0.0,144000.0,6.0,11.83,0.09102253186655458,1,28,10,0.0,20,whole,CA,credit_card,0
0.0,110000.0,3.0,18.85,0.22311433268132308,0,16,10,0.0,20,fractional,TX,debt_consolidation,0
0.0,33000.0,8.0,6.04,0.7264285714285714,0,13,10,0.0,20,fractional,NV,debt_consolidation,0
0.0,101851.0,10.0,26.32,0.31574409858302716,0,15,10,0.0,20,whole,GA,debt_consolidation,0
0.0,87000.0,10.0,26.73,0.29282780825968396,0,12,10,0.0,20,whole,GA,debt_consolidation,0
0.0,106000.0,10.0,17.11,0.19605009844195417,0,16,10,0.0,20,whole,IN,debt_consolidation,0
0.0,54000.0,4.0,11.93,0.7908489817508596,0,20,10,0.0,20,whole,IN,debt_consolidation,0
0.0,52300.0,3.0,15.9,0.7795470383275261,0,10,10,0.0,20,whole,OH,debt_consolidation,0
0.0,40000.0,4.0,24.69,0.8474974008614288,0,28,10,0.0,20,fractional,MI,credit_card,0
0.0,44000.0,10.0,25.64,0.15135174326394113,0,36,10,0.0,20,whole,MA,credit_card,0
0.0,65000.0,1.0,7.03,0.5999431737462708,0,19,10,0.0,20,fractional,OH,credit_card,0
0.0,128000.0,6.0,10.92,0.04494050061551087,6,25,10,0.0,20,whole,CA,debt_consolidation,0
0.0,180000.0,10.0,31.73,0.2914450867052023,0,18,10,0.0,20,whole,NJ,credit_card,0
0.0,54127.1,6.0,3.81,0.29108490566037737,0,20,10,0.0,20,whole,MA,debt_consolidation,0
0.0,70000.0,1.0,16.48,0.5722745098039216,0,28,10,0.0,20,whole,TX,debt_consolidation,0
0.0,60000.0,10.0,26.94,0.15412211202836723,0,17,10,0.0,20,whole,NV,home_improvement,0
0.0,26000.0,3.0,22.19,0.5532975871313673,1,16,10,0.0,20,whole,WA,credit_card,0
0.0,67000.0,4.0,19.42,0.506525030015138,0,13,10,0.0,20,whole,AR,other,0
0.0,300000.0,7.0,1.29,0.21172697368421053,0,21,10,0.0,20,whole,MA,debt_consolidation,0
0.0,49650.0,6.0,22.48,0.6655876902868669,0,17,10,0.0,20,fractional,NV,moving,0
0.0,90000.0,10.0,30.01,0.3342250860265839,0,26,10,0.0,20,whole,TX,debt_consolidation,0
0.0,300000.0,3.0,3.73,0.4384153420253617,0,12,10,0.0,20,whole,FL,debt_consolidation,0
0.0,70000.0,6.0,17.06,0.11724282557145392,0,19,10,0.0,20,whole,NE,other,0
0.0,120000.0,10.0,12.39,0.12742494774843247,0,11,10,0.0,20,fractional,NJ,credit_card,0
0.0,120000.0,10.0,23.95,0.3482449262516761,0,9,10,0.0,20,whole,LA,debt_consolidation,0
0.0,65000.0,1.0,36.02,0.31077931159514127,0,22,10,0.0,20,whole,TX,debt_consolidation,0
0.0,61700.0,8.0,36.56,0.5340736033000372,0,19,10,0.0,20,whole,NV,credit_card,0
0.0,150000.0,10.0,21.93,0.20093762180730992,0,30,10,0.0,20,whole,IN,credit_card,0
0.0,57440.0,8.0,30.88,0.4565049358450564,0,5,10,0.0,20,whole,RI,major_purchase,0
0.0,65000.0,5.0,11.32,0.09528263521756812,0,38,10,0.0,20,whole,NY,debt_consolidation,0
0.0,130000.0,3.0,5.51,0.522,0,17,10,0.0,20,whole,GA,debt_consolidation,0
0.0,45000.0,6.0,24.99,0.2787627030635709,2,17,10,0.0,20,whole,MO,other,0
0.0,106090.0,10.0,11.86,0.5902240779965745,1,15,10,0.0,20,whole,NY,other,0
0.0,30000.0,6.0,13.12,0.1678908420676185,0,17,10,0.0,20,whole,OH,debt_consolidation,0
0.0,66000.0,9.0,20.6,0.21358827657805965,0,16,10,0.0,20,whole,OH,credit_card,0
0.0,84000.0,5.0,16.34,0.1300180286010295,1,18,10,0.0,20,whole,FL,debt_consolidation,0
0.0,150000.0,8.0,19.52,0.22786580116795793,0,27,10,0.0,20,whole,CO,home_improvement,0
0.0,75000.0,8.0,13.7,0.7519770452795856,0,12,10,0.0,20,whole,WI,debt_consolidation,0
0.0,107000.0,0.0,12.15,0.06432506838185992,0,13,10,0.0,20,whole,CA,credit_card,0
0.0,75000.0,8.0,32.36,0.3520293242668933,0,10,10,0.0,20,fractional,CA,other,0
0.0,85000.0,1.0,9.85,0.21110077396623053,0,16,10,0.0,20,fractional,LA,debt_consolidation,0
0.0,79000.0,10.0,8.84,0.61328173374613,0,32,10,0.0,20,whole,NY,credit_card,0
0.0,230000.0,3.0,18.46,0.22143939393939394,0,14,10,0.0,20,whole,CA,debt_consolidation,0
0.0,45000.0,6.0,38.08,0.7010990919466085,0,14,10,0.0,20,whole,TX,other,0
0.0,120000.0,10.0,17.03,0.36607796172979234,0,37,10,0.0,20,whole,KS,debt_consolidation,0
0.0,50000.0,2.0,21.24,0.5080889588663648,0,17,10,0.0,20,whole,MI,small_business,0
0.0,119000.0,4.0,2.56,0.3240079365079365,0,6,10,0.0,20,fractional,CA,major_purchase,0
0.0,55000.0,4.0,9.23,0.21371689005415206,0,5,10,0.0,20,whole,FL,other,0
0.0,102500.0,6.0,15.4,0.5906112654029714,2,25,10,0.0,20,whole,VA,debt_consolidation,0
0.0,120000.0,10.0,18.2,0.08687837226130254,1,14,10,0.0,20,whole,MI,debt_consolidation,0
0.0,90000.0,10.0,26.95,0.13000859845227858,0,10,10,0.0,20,whole,RI,house,0
0.0,45000.0,6.0,14.93,0.9939130434782608,0,25,10,0.0,20,whole,NC,credit_card,0
0.0,60000.0,10.0,25.28,0.1447080118128989,1,13,10,0.0,20,whole,RI,credit_card,0
0.0,110000.0,10.0,25.57,0.42095164782294925,0,30,10,0.0,20,whole,MA,debt_consolidation,0
0.0,50000.0,3.0,10.87,0.5279353009408428,0,8,10,0.0,20,whole,AL,small_business,0
0.0,40000.0,2.0,22.11,0.14256527076676254,0,11,10,0.0,20,whole,NM,other,0
0.0,80000.0,6.0,12.12,0.12212936084050455,0,8,10,0.0,20,whole,AZ,debt_consolidation,0
0.0,103000.0,10.0,23.29,0.27443212302313436,0,25,10,0.0,20,whole,SC,major_purchase,0
0.0,55000.0,2.0,10.29,0.4594722222222222,0,13,10,0.0,20,whole,PA,debt_consolidation,0
0.0,86000.0,5.0,19.54,0.6179950628493601,0,15,10,0.0,20,whole,NY,credit_card,0
0.0,25000.0,6.0,28.42,0.044828465264312584,0,12,10,0.0,20,whole,GA,other,0
0.0,195000.0,6.0,15.71,0.2005810095093745,8,18,10,0.0,20,whole,PA,debt_consolidation,0
0.0,31000.0,10.0,14.25,0.4633066132264529,0,28,10,0.0,20,whole,MO,debt_consolidation,0
0.0,160000.0,1.0,11.4,0.132125,0,6,10,0.0,20,fractional,TX,moving,0
0.0,85000.0,5.0,12.99,0.06654539833411822,0,13,10,0.0,20,whole,CA,home_improvement,0
0.0,59000.0,10.0,38.69,0.2514931289223257,0,12,10,0.0,20,whole,GA,debt_consolidation,0
0.0,20000.0,10.0,35.25,0.4515040650406504,0,13,10,0.0,20,whole,VA,debt_consolidation,0
0.0,48000.0,1.0,22.81,0.0653724236142003,1,19,10,0.0,20,whole,WA,credit_card,0
0.0,32000.0,8.0,16.39,0.4260161758606387,0,13,10,0.0,20,whole,IN,credit_card,0
0.0,23000.0,3.0,30.03,0.35844950859657093,0,24,10,0.0,20,whole,NY,credit_card,0
0.0,50000.0,0.0,24.1,0.4272131568803803,0,9,10,0.0,20,whole,CA,debt_consolidation,0
0.0,40000.0,5.0,6.85,0.5390934844192634,0,12,10,0.0,20,whole,FL,credit_card,0
0.0,100000.0,5.0,14.14,0.08512731845331657,0,15,10,0.0,20,whole,TX,credit_card,0
0.0,70000.0,10.0,27.4,0.26336920804082,0,14,10,0.0,20,fractional,AL,home_improvement,0
0.0,140000.0,7.0,11.79,0.09252044393847995,0,10,10,0.0,20,whole,MI,home_improvement,0
0.0,29500.0,3.0,15.22,0.4205900126352799,0,12,10,0.0,20,whole,IL,credit_card,0
0.0,18000.0,2.0,4.73,0.2010958904109589,0,4,10,0.0,20,whole,FL,credit_card,0
0.0,240000.0,10.0,16.62,0.6156620862644843,0,14,10,0.0,20,whole,TX,debt_consolidation,0
0.0,36000.0,9.0,13.1,0.10417187488163147,0,18,10,0.0,20,whole,NC,credit_card,0
0.0,35000.0,2.0,23.42,0.6598813442066204,0,10,10,0.0,20,whole,TX,debt_consolidation,0
0.0,32000.0,10.0,27.94,0.5085118420037544,0,27,10,0.0,20,whole,VA,credit_card,0
0.0,56000.0,10.0,18.37,0.11055218271176641,0,17,10,0.0,20,whole,CA,credit_card,0
0.0,65000.0,10.0,8.86,0.3711847162559349,0,17,10,0.0,20,whole,MO,debt_consolidation,0
0.0,75000.0,10.0,19.84,0.47700856277742204,0,25,10,0.0,20,whole,CT,other,0
0.0,57000.0,7.0,18.19,0.10109887794342307,0,25,10,0.0,20,whole,MN,debt_consolidation,0
0.0,60000.0,4.0,23.43,0.40830754787473533,0,12,10,0.0,20,whole,GA,credit_card,0
0.0,96000.0,10.0,24.88,0.33274449233273523,1,18,10,0.0,20,whole,OH,debt_consolidation,0
0.0,65000.0,0.0,29.36,0.1948317164043379,0,23,10,0.0,20,whole,FL,house,0
0.0,87000.0,0.0,17.3,1.0355456432310146,0,16,10,0.0,20,whole,NY,credit_card,0
0.0,50000.0,5.0,2.39,0.06761280931586608,0,18,10,0.0,20,whole,CA,debt_consolidation,0
0.0,33480.0,3.0,23.98,0.6118073138681452,0,4,10,0.0,20,whole,CA,debt_consolidation,0
0.0,97000.0,6.0,38.52,0.34594821785175295,0,18,10,0.0,20,whole,FL,debt_consolidation,0
0.0,70598.0,10.0,23.95,0.2379619396912913,0,9,10,0.0,20,fractional,FL,other,0
0.0,95000.0,6.0,10.66,0.6732855982874437,0,22,10,0.0,20,whole,MD,car,0
0.0,90000.0,6.0,24.36,0.1986034887733633,0,19,10,0.0,20,whole,MI,debt_consolidation,0
0.0,125000.0,10.0,21.33,0.178852541392065,0,15,10,0.0,20,whole,AZ,debt_consolidation,0
0.0,32000.0,4.0,37.06,0.7632630280242054,0,12,10,0.0,20,whole,MA,debt_consolidation,0
0.0,170000.0,7.0,10.4,0.1279965934205155,0,14,10,0.0,20,fractional,OH,major_purchase,0
0.0,85000.0,2.0,12.4,0.4700314737946449,0,10,10,0.0,20,whole,MA,debt_consolidation,0
0.0,100000.0,0.0,21.71,0.1930657247046054,0,26,10,0.0,20,whole,CA,debt_consolidation,0
0.0,114000.0,3.0,14.6,0.9221372994560353,0,31,10,0.0,20,whole,OH,debt_consolidation,0
0.0,106000.0,6.0,22.26,0.16428634036431883,1,14,10,0.0,20,whole,OH,credit_card,0
0.0,150000.0,0.0,6.26,0.0852694425858253,0,14,10,0.0,20,fractional,NH,house,0
0.0,100000.0,6.0,30.77,0.2104624737853578,0,16,10,0.0,20,whole,TX,debt_consolidation,0
0.0,65000.0,1.0,9.77,1.1147859704794574,0,12,10,0.0,20,whole,MD,credit_card,0
0.0,65000.0,10.0,27.1,0.6443419074182478,0,36,10,0.0,20,fractional,AZ,debt_consolidation,0
0.0,96774.0,4.0,0.04,0.00011952191235059761,2,18,10,0.0,20,fractional,NJ,major_purchase,0
0.0,210000.0,10.0,23.46,0.08946157324220884,0,17,10,0.0,20,whole,MA,debt_consolidation,0
0.0,70000.0,5.0,15.31,0.9300625,0,27,10,0.0,20,whole,NY,debt_consolidation,0
0.0,20000.0,0.0,23.23,0.5928756242854564,0,5,10,0.0,20,whole,NC,house,0
0.0,40000.0,1.0,12.07,0.9057566952014451,0,10,10,0.0,20,fractional,WA,credit_card,0
0.0,108000.0,10.0,22.28,0.3913903461432265,0,10,10,0.0,20,whole,TX,other,0
0.0,121000.0,8.0,32.38,0.2658502176354038,4,24,10,0.0,20,whole,PA,debt_consolidation,0
0.0,107000.0,10.0,29.57,0.2754631901663385,2,14,10,0.0,20,fractional,CT,debt_consolidation,0
0.0,80000.0,1.0,11.99,0.09386535359538162,0,19,10,0.0,20,whole,WI,other,0
0.0,66000.0,3.0,20.82,0.5812900627945193,0,13,10,0.0,20,whole,CT,credit_card,0
